dpe_internal_id,constant,base_species,role,user_obtainable,vega_policy,notes
0x2C2,SPECIES_SHADOW_WARRIOR,―,CFRU/DPEボス用ヘルパー,no,専用ボスIDとして後段へ再配置,全国図鑑・タマゴ・野生・PC検索対象外。
0x40C,SPECIES_EXEGGCUTE_A,タマタマ,アローラナッシー進化分岐ヘルパー,no,基礎種ID＋進化地域フラグへ統合を優先,独立個体として入手させない。
0x40E,SPECIES_CUBONE_A,カラカラ,アローラガラガラ進化分岐ヘルパー,no,基礎種ID＋進化地域フラグへ統合を優先,独立個体として入手させない。
0x4C2,SPECIES_KOFFING_G,ドガース,ガラルマタドガス進化分岐ヘルパー,no,基礎種ID＋進化地域フラグへ統合を優先,独立個体として入手させない。
0x4CC,SPECIES_MIME_JR_G,マネネ,バリコオル進化分岐ヘルパー,no,基礎種ID＋進化地域フラグへ統合を優先,独立個体として入手させない。
0x592,SPECIES_OGERPON_TERASTAL,オーガポン,テラスタル戦闘フォーム,no,戦闘専用FORM_EXTへ再配置,仮面祭イベントで基礎個体のみ入手。
0x593,SPECIES_OGERPON_WELLSPRING_TERASTAL,オーガポン,いどのめんテラスタル,no,戦闘専用FORM_EXTへ再配置,戦闘終了時復帰を必須試験。
0x594,SPECIES_OGERPON_HEARTHFLAME_TERASTAL,オーガポン,かまどのめんテラスタル,no,戦闘専用FORM_EXTへ再配置,戦闘終了時復帰を必須試験。
0x595,SPECIES_OGERPON_CORNERSTONE_TERASTAL,オーガポン,いしずえのめんテラスタル,no,戦闘専用FORM_EXTへ再配置,戦闘終了時復帰を必須試験。
