national_no,name,group,vega_existing,event_arc,primary_capture_region,primary_capture_location,secondary_clue_region,secondary_clue_location,unlock_requirement,event_flow,capture_level,primary_reward,secondary_reward,repeatability,capture_safety,shared_flag_policy,design_note
144,フリーザー,伝説,yes,ベガ既存イベント保持,トーホク,ベガ既存地点,カントー,カントー共鳴碑／研究記録,既存条件,既存の固定シンボル・進化・配布条件を変更しない。再戦救済だけ追加。,Lv.70,捕獲個体＋図鑑登録＋専用素材,共鳴記録／専用技素材／再戦解禁。重複個体は与えない。,原則1回／救済再戦あり,倒した場合の復活フラグ、捕獲後の重複防止、手持ち満杯時のPC送付を共通処理,FLAG_SPECIAL_0144_CAUGHT を両地方で共有,一つのROMで全種入手可能。地方移動前に捕獲済みでもイベントは報酬のみ受領可能。
145,サンダー,伝説,yes,ベガ既存イベント保持,トーホク,ベガ既存地点,カントー,カントー共鳴碑／研究記録,既存条件,既存の固定シンボル・進化・配布条件を変更しない。再戦救済だけ追加。,Lv.70,捕獲個体＋図鑑登録＋専用素材,共鳴記録／専用技素材／再戦解禁。重複個体は与えない。,原則1回／救済再戦あり,倒した場合の復活フラグ、捕獲後の重複防止、手持ち満杯時のPC送付を共通処理,FLAG_SPECIAL_0145_CAUGHT を両地方で共有,一つのROMで全種入手可能。地方移動前に捕獲済みでもイベントは報酬のみ受領可能。
146,ファイヤー,伝説,yes,ベガ既存イベント保持,トーホク,ベガ既存地点,カントー,カントー共鳴碑／研究記録,既存条件,既存の固定シンボル・進化・配布条件を変更しない。再戦救済だけ追加。,Lv.70,捕獲個体＋図鑑登録＋専用素材,共鳴記録／専用技素材／再戦解禁。重複個体は与えない。,原則1回／救済再戦あり,倒した場合の復活フラグ、捕獲後の重複防止、手持ち満杯時のPC送付を共通処理,FLAG_SPECIAL_0146_CAUGHT を両地方で共有,一つのROMで全種入手可能。地方移動前に捕獲済みでもイベントは報酬のみ受領可能。
150,ミュウツー,伝説,yes,ベガ既存イベント保持,トーホク,ベガ既存地点,カントー,カントー共鳴碑／研究記録,既存条件,既存の固定シンボル・進化・配布条件を変更しない。再戦救済だけ追加。,Lv.70,捕獲個体＋図鑑登録＋専用素材,共鳴記録／専用技素材／再戦解禁。重複個体は与えない。,原則1回／救済再戦あり,倒した場合の復活フラグ、捕獲後の重複防止、手持ち満杯時のPC送付を共通処理,FLAG_SPECIAL_0150_CAUGHT を両地方で共有,一つのROMで全種入手可能。地方移動前に捕獲済みでもイベントは報酬のみ受領可能。
151,ミュウ,幻,yes,ベガ既存イベント保持,トーホク,ベガ既存地点,カントー,カントー共鳴碑／研究記録,既存条件,既存の固定シンボル・進化・配布条件を変更しない。再戦救済だけ追加。,Lv.70,捕獲個体＋図鑑登録＋専用素材,共鳴記録／専用技素材／再戦解禁。重複個体は与えない。,原則1回／救済再戦あり,倒した場合の復活フラグ、捕獲後の重複防止、手持ち満杯時のPC送付を共通処理,FLAG_SPECIAL_0151_CAUGHT を両地方で共有,一つのROMで全種入手可能。地方移動前に捕獲済みでもイベントは報酬のみ受領可能。
243,ライコウ,伝説,yes,ベガ既存イベント保持,トーホク,ベガ既存地点,カントー,カントー共鳴碑／研究記録,既存条件,既存の固定シンボル・進化・配布条件を変更しない。再戦救済だけ追加。,Lv.70,捕獲個体＋図鑑登録＋専用素材,共鳴記録／専用技素材／再戦解禁。重複個体は与えない。,原則1回／救済再戦あり,倒した場合の復活フラグ、捕獲後の重複防止、手持ち満杯時のPC送付を共通処理,FLAG_SPECIAL_0243_CAUGHT を両地方で共有,一つのROMで全種入手可能。地方移動前に捕獲済みでもイベントは報酬のみ受領可能。
244,エンテイ,伝説,yes,ベガ既存イベント保持,トーホク,ベガ既存地点,カントー,カントー共鳴碑／研究記録,既存条件,既存の固定シンボル・進化・配布条件を変更しない。再戦救済だけ追加。,Lv.70,捕獲個体＋図鑑登録＋専用素材,共鳴記録／専用技素材／再戦解禁。重複個体は与えない。,原則1回／救済再戦あり,倒した場合の復活フラグ、捕獲後の重複防止、手持ち満杯時のPC送付を共通処理,FLAG_SPECIAL_0244_CAUGHT を両地方で共有,一つのROMで全種入手可能。地方移動前に捕獲済みでもイベントは報酬のみ受領可能。
245,スイクン,伝説,yes,ベガ既存イベント保持,トーホク,ベガ既存地点,カントー,カントー共鳴碑／研究記録,既存条件,既存の固定シンボル・進化・配布条件を変更しない。再戦救済だけ追加。,Lv.70,捕獲個体＋図鑑登録＋専用素材,共鳴記録／専用技素材／再戦解禁。重複個体は与えない。,原則1回／救済再戦あり,倒した場合の復活フラグ、捕獲後の重複防止、手持ち満杯時のPC送付を共通処理,FLAG_SPECIAL_0245_CAUGHT を両地方で共有,一つのROMで全種入手可能。地方移動前に捕獲済みでもイベントは報酬のみ受領可能。
249,ルギア,伝説,yes,ベガ既存イベント保持,トーホク,ベガ既存地点,カントー,カントー共鳴碑／研究記録,既存条件,既存の固定シンボル・進化・配布条件を変更しない。再戦救済だけ追加。,Lv.70,捕獲個体＋図鑑登録＋専用素材,共鳴記録／専用技素材／再戦解禁。重複個体は与えない。,原則1回／救済再戦あり,倒した場合の復活フラグ、捕獲後の重複防止、手持ち満杯時のPC送付を共通処理,FLAG_SPECIAL_0249_CAUGHT を両地方で共有,一つのROMで全種入手可能。地方移動前に捕獲済みでもイベントは報酬のみ受領可能。
250,ホウオウ,伝説,yes,ベガ既存イベント保持,トーホク,ベガ既存地点,カントー,カントー共鳴碑／研究記録,既存条件,既存の固定シンボル・進化・配布条件を変更しない。再戦救済だけ追加。,Lv.70,捕獲個体＋図鑑登録＋専用素材,共鳴記録／専用技素材／再戦解禁。重複個体は与えない。,原則1回／救済再戦あり,倒した場合の復活フラグ、捕獲後の重複防止、手持ち満杯時のPC送付を共通処理,FLAG_SPECIAL_0250_CAUGHT を両地方で共有,一つのROMで全種入手可能。地方移動前に捕獲済みでもイベントは報酬のみ受領可能。
251,セレビィ,幻,no,時渡りの庭,トーホク,ときのようかん中庭,カントー,トキワのもり・古木,殿堂入り＋ときのかけら3個,館内の時計を3つ直すと庭が出現し、セレビィと固定戦。,Lv.80,捕獲個体＋図鑑登録＋専用素材,共鳴記録／専用技素材／再戦解禁。重複個体は与えない。,1回／倒した場合は殿堂入り再更新で復活,倒した場合の復活フラグ、捕獲後の重複防止、手持ち満杯時のPC送付を共通処理,FLAG_SPECIAL_0251_CAUGHT を両地方で共有,一つのROMで全種入手可能。地方移動前に捕獲済みでもイベントは報酬のみ受領可能。
377,レジロック,伝説,no,古代巨人の封印,トーホク,ちえのどうくつ／こおりのしま／D・H炉心,カントー,おつきみやま／ふたごじま／シルフ地下,殿堂入り＋点字石板3枚,三つの石室を順に解放。全捕獲でレジギガス条件を立てる。,Lv.75,捕獲個体＋図鑑登録＋専用素材,共鳴記録／専用技素材／再戦解禁。重複個体は与えない。,1回／倒した場合は殿堂入り再更新で復活,倒した場合の復活フラグ、捕獲後の重複防止、手持ち満杯時のPC送付を共通処理,FLAG_SPECIAL_0377_CAUGHT を両地方で共有,一つのROMで全種入手可能。地方移動前に捕獲済みでもイベントは報酬のみ受領可能。
378,レジアイス,伝説,no,古代巨人の封印,トーホク,ちえのどうくつ／こおりのしま／D・H炉心,カントー,おつきみやま／ふたごじま／シルフ地下,殿堂入り＋点字石板3枚,三つの石室を順に解放。全捕獲でレジギガス条件を立てる。,Lv.75,捕獲個体＋図鑑登録＋専用素材,共鳴記録／専用技素材／再戦解禁。重複個体は与えない。,1回／倒した場合は殿堂入り再更新で復活,倒した場合の復活フラグ、捕獲後の重複防止、手持ち満杯時のPC送付を共通処理,FLAG_SPECIAL_0378_CAUGHT を両地方で共有,一つのROMで全種入手可能。地方移動前に捕獲済みでもイベントは報酬のみ受領可能。
379,レジスチル,伝説,no,古代巨人の封印,トーホク,ちえのどうくつ／こおりのしま／D・H炉心,カントー,おつきみやま／ふたごじま／シルフ地下,殿堂入り＋点字石板3枚,三つの石室を順に解放。全捕獲でレジギガス条件を立てる。,Lv.75,捕獲個体＋図鑑登録＋専用素材,共鳴記録／専用技素材／再戦解禁。重複個体は与えない。,1回／倒した場合は殿堂入り再更新で復活,倒した場合の復活フラグ、捕獲後の重複防止、手持ち満杯時のPC送付を共通処理,FLAG_SPECIAL_0379_CAUGHT を両地方で共有,一つのROMで全種入手可能。地方移動前に捕獲済みでもイベントは報酬のみ受領可能。
380,ラティアス,伝説,yes,ベガ既存イベント保持,トーホク,ベガ既存地点,カントー,カントー共鳴碑／研究記録,既存条件,既存の固定シンボル・進化・配布条件を変更しない。再戦救済だけ追加。,Lv.70,捕獲個体＋図鑑登録＋専用素材,共鳴記録／専用技素材／再戦解禁。重複個体は与えない。,原則1回／救済再戦あり,倒した場合の復活フラグ、捕獲後の重複防止、手持ち満杯時のPC送付を共通処理,FLAG_SPECIAL_0380_CAUGHT を両地方で共有,一つのROMで全種入手可能。地方移動前に捕獲済みでもイベントは報酬のみ受領可能。
381,ラティオス,伝説,yes,ベガ既存イベント保持,トーホク,ベガ既存地点,カントー,カントー共鳴碑／研究記録,既存条件,既存の固定シンボル・進化・配布条件を変更しない。再戦救済だけ追加。,Lv.70,捕獲個体＋図鑑登録＋専用素材,共鳴記録／専用技素材／再戦解禁。重複個体は与えない。,原則1回／救済再戦あり,倒した場合の復活フラグ、捕獲後の重複防止、手持ち満杯時のPC送付を共通処理,FLAG_SPECIAL_0381_CAUGHT を両地方で共有,一つのROMで全種入手可能。地方移動前に捕獲済みでもイベントは報酬のみ受領可能。
382,カイオーガ,伝説,no,海・陸・空の共鳴,トーホク,三島／スフィアいせき上層,カントー,ふたごじま／グレン火口／23ばんどうろ高空,殿堂入り＋各島の環境調査,天候を正常化する短いダンジョン後に固定戦。,Lv.75,捕獲個体＋図鑑登録＋専用素材,共鳴記録／専用技素材／再戦解禁。重複個体は与えない。,1回／倒した場合は殿堂入り再更新で復活,倒した場合の復活フラグ、捕獲後の重複防止、手持ち満杯時のPC送付を共通処理,FLAG_SPECIAL_0382_CAUGHT を両地方で共有,一つのROMで全種入手可能。地方移動前に捕獲済みでもイベントは報酬のみ受領可能。
383,グラードン,伝説,no,海・陸・空の共鳴,トーホク,三島／スフィアいせき上層,カントー,ふたごじま／グレン火口／23ばんどうろ高空,殿堂入り＋各島の環境調査,天候を正常化する短いダンジョン後に固定戦。,Lv.75,捕獲個体＋図鑑登録＋専用素材,共鳴記録／専用技素材／再戦解禁。重複個体は与えない。,1回／倒した場合は殿堂入り再更新で復活,倒した場合の復活フラグ、捕獲後の重複防止、手持ち満杯時のPC送付を共通処理,FLAG_SPECIAL_0383_CAUGHT を両地方で共有,一つのROMで全種入手可能。地方移動前に捕獲済みでもイベントは報酬のみ受領可能。
384,レックウザ,伝説,no,海・陸・空の共鳴,トーホク,三島／スフィアいせき上層,カントー,ふたごじま／グレン火口／23ばんどうろ高空,殿堂入り＋各島の環境調査,天候を正常化する短いダンジョン後に固定戦。,Lv.75,捕獲個体＋図鑑登録＋専用素材,共鳴記録／専用技素材／再戦解禁。重複個体は与えない。,1回／倒した場合は殿堂入り再更新で復活,倒した場合の復活フラグ、捕獲後の重複防止、手持ち満杯時のPC送付を共通処理,FLAG_SPECIAL_0384_CAUGHT を両地方で共有,一つのROMで全種入手可能。地方移動前に捕獲済みでもイベントは報酬のみ受領可能。
385,ジラーチ,幻,no,星の祈り,トーホク,ニューアイランド天文台,カントー,ニビ博物館屋上,殿堂入り＋ほしのかけら7個,夜空観測イベント。RTCなしでも観測装置で夜に固定可能。,Lv.80,捕獲個体＋図鑑登録＋専用素材,共鳴記録／専用技素材／再戦解禁。重複個体は与えない。,1回／倒した場合は殿堂入り再更新で復活,倒した場合の復活フラグ、捕獲後の重複防止、手持ち満杯時のPC送付を共通処理,FLAG_SPECIAL_0385_CAUGHT を両地方で共有,一つのROMで全種入手可能。地方移動前に捕獲済みでもイベントは報酬のみ受領可能。
386,デオキシス,幻,no,隕石DNA,トーホク,D・H異常生態区画,カントー,ニビ博物館・月隕石研究室,殿堂入り＋いんせき入手,培養槽停止後に固定戦。フォルムは隕石端末で変更。,Lv.80,捕獲個体＋図鑑登録＋専用素材,共鳴記録／専用技素材／再戦解禁。重複個体は与えない。,1回／倒した場合は殿堂入り再更新で復活,倒した場合の復活フラグ、捕獲後の重複防止、手持ち満杯時のPC送付を共通処理,FLAG_SPECIAL_0386_CAUGHT を両地方で共有,一つのROMで全種入手可能。地方移動前に捕獲済みでもイベントは報酬のみ受領可能。
480,ユクシー,伝説,no,湖の記憶,カントー,24ばんどうろ河岸／サファリ北／ハナダのどうくつ水晶湖,トーホク,シオウ湖畔／サファリ北湖／ニューアイランド湖,殿堂入り＋三湖の調査,三体は逃走せず固定戦。エムリットのみ短い徘徊演出を選択可。,Lv.75,捕獲個体＋図鑑登録＋専用素材,共鳴記録／専用技素材／再戦解禁。重複個体は与えない。,1回／倒した場合は殿堂入り再更新で復活,倒した場合の復活フラグ、捕獲後の重複防止、手持ち満杯時のPC送付を共通処理,FLAG_SPECIAL_0480_CAUGHT を両地方で共有,一つのROMで全種入手可能。地方移動前に捕獲済みでもイベントは報酬のみ受領可能。
481,エムリット,伝説,no,湖の記憶,トーホク,シオウ湖畔／サファリ北湖／ニューアイランド湖,カントー,24ばんどうろ河岸／サファリ北／ハナダのどうくつ水晶湖,殿堂入り＋三湖の調査,三体は逃走せず固定戦。エムリットのみ短い徘徊演出を選択可。,Lv.75,捕獲個体＋図鑑登録＋専用素材,共鳴記録／専用技素材／再戦解禁。重複個体は与えない。,1回／倒した場合は殿堂入り再更新で復活,倒した場合の復活フラグ、捕獲後の重複防止、手持ち満杯時のPC送付を共通処理,FLAG_SPECIAL_0481_CAUGHT を両地方で共有,一つのROMで全種入手可能。地方移動前に捕獲済みでもイベントは報酬のみ受領可能。
482,アグノム,伝説,no,湖の記憶,トーホク,シオウ湖畔／サファリ北湖／ニューアイランド湖,カントー,24ばんどうろ河岸／サファリ北／ハナダのどうくつ水晶湖,殿堂入り＋三湖の調査,三体は逃走せず固定戦。エムリットのみ短い徘徊演出を選択可。,Lv.75,捕獲個体＋図鑑登録＋専用素材,共鳴記録／専用技素材／再戦解禁。重複個体は与えない。,1回／倒した場合は殿堂入り再更新で復活,倒した場合の復活フラグ、捕獲後の重複防止、手持ち満杯時のPC送付を共通処理,FLAG_SPECIAL_0482_CAUGHT を両地方で共有,一つのROMで全種入手可能。地方移動前に捕獲済みでもイベントは報酬のみ受領可能。
483,ディアルガ,伝説,yes,ベガ既存イベント保持,トーホク,ベガ既存地点,カントー,カントー共鳴碑／研究記録,既存条件,既存の固定シンボル・進化・配布条件を変更しない。再戦救済だけ追加。,Lv.70,捕獲個体＋図鑑登録＋専用素材,共鳴記録／専用技素材／再戦解禁。重複個体は与えない。,原則1回／救済再戦あり,倒した場合の復活フラグ、捕獲後の重複防止、手持ち満杯時のPC送付を共通処理,FLAG_SPECIAL_0483_CAUGHT を両地方で共有,一つのROMで全種入手可能。地方移動前に捕獲済みでもイベントは報酬のみ受領可能。
484,パルキア,伝説,yes,ベガ既存イベント保持,トーホク,ベガ既存地点,カントー,カントー共鳴碑／研究記録,既存条件,既存の固定シンボル・進化・配布条件を変更しない。再戦救済だけ追加。,Lv.70,捕獲個体＋図鑑登録＋専用素材,共鳴記録／専用技素材／再戦解禁。重複個体は与えない。,原則1回／救済再戦あり,倒した場合の復活フラグ、捕獲後の重複防止、手持ち満杯時のPC送付を共通処理,FLAG_SPECIAL_0484_CAUGHT を両地方で共有,一つのROMで全種入手可能。地方移動前に捕獲済みでもイベントは報酬のみ受領可能。
485,ヒードラン,伝説,yes,ベガ既存イベント保持,トーホク,ベガ既存地点,カントー,カントー共鳴碑／研究記録,既存条件,既存の固定シンボル・進化・配布条件を変更しない。再戦救済だけ追加。,Lv.70,捕獲個体＋図鑑登録＋専用素材,共鳴記録／専用技素材／再戦解禁。重複個体は与えない。,原則1回／救済再戦あり,倒した場合の復活フラグ、捕獲後の重複防止、手持ち満杯時のPC送付を共通処理,FLAG_SPECIAL_0485_CAUGHT を両地方で共有,一つのROMで全種入手可能。地方移動前に捕獲済みでもイベントは報酬のみ受領可能。
486,レジギガス,伝説,no,巨人王の目覚め,トーホク,スフィアいせき・巨人の間,カントー,セキエイ高原・石門,6体のレジ系登録,石像に6つの紋章をはめて固定戦。,Lv.75,捕獲個体＋図鑑登録＋専用素材,共鳴記録／専用技素材／再戦解禁。重複個体は与えない。,1回／倒した場合は殿堂入り再更新で復活,倒した場合の復活フラグ、捕獲後の重複防止、手持ち満杯時のPC送付を共通処理,FLAG_SPECIAL_0486_CAUGHT を両地方で共有,一つのROMで全種入手可能。地方移動前に捕獲済みでもイベントは報酬のみ受領可能。
487,ギラティナ,伝説,no,反転する月,トーホク,ときのようかん／スフィアいせき裏回廊,カントー,ポケモンタワー屋上／ハナダのどうくつ反転層,殿堂入り＋時空イベント完了,満月と新月を端末で切替え、それぞれ固定戦。,Lv.75,捕獲個体＋図鑑登録＋専用素材,共鳴記録／専用技素材／再戦解禁。重複個体は与えない。,1回／倒した場合は殿堂入り再更新で復活,倒した場合の復活フラグ、捕獲後の重複防止、手持ち満杯時のPC送付を共通処理,FLAG_SPECIAL_0487_CAUGHT を両地方で共有,一つのROMで全種入手可能。地方移動前に捕獲済みでもイベントは報酬のみ受領可能。
488,クレセリア,伝説,no,反転する月,トーホク,ときのようかん／スフィアいせき裏回廊,カントー,ポケモンタワー屋上／ハナダのどうくつ反転層,殿堂入り＋時空イベント完了,満月と新月を端末で切替え、それぞれ固定戦。,Lv.75,捕獲個体＋図鑑登録＋専用素材,共鳴記録／専用技素材／再戦解禁。重複個体は与えない。,1回／倒した場合は殿堂入り再更新で復活,倒した場合の復活フラグ、捕獲後の重複防止、手持ち満杯時のPC送付を共通処理,FLAG_SPECIAL_0488_CAUGHT を両地方で共有,一つのROMで全種入手可能。地方移動前に捕獲済みでもイベントは報酬のみ受領可能。
489,フィオネ,幻,yes,ベガ既存イベント保持,トーホク,ベガ既存地点,カントー,カントー共鳴碑／研究記録,既存条件,既存の固定シンボル・進化・配布条件を変更しない。再戦救済だけ追加。,Lv.70,捕獲個体＋図鑑登録＋専用素材,共鳴記録／専用技素材／再戦解禁。重複個体は与えない。,原則1回／救済再戦あり,倒した場合の復活フラグ、捕獲後の重複防止、手持ち満杯時のPC送付を共通処理,FLAG_SPECIAL_0489_CAUGHT を両地方で共有,一つのROMで全種入手可能。地方移動前に捕獲済みでもイベントは報酬のみ受領可能。
490,マナフィ,幻,yes,ベガ既存イベント保持,トーホク,ベガ既存地点,カントー,カントー共鳴碑／研究記録,既存条件,既存の固定シンボル・進化・配布条件を変更しない。再戦救済だけ追加。,Lv.70,捕獲個体＋図鑑登録＋専用素材,共鳴記録／専用技素材／再戦解禁。重複個体は与えない。,原則1回／救済再戦あり,倒した場合の復活フラグ、捕獲後の重複防止、手持ち満杯時のPC送付を共通処理,FLAG_SPECIAL_0490_CAUGHT を両地方で共有,一つのROMで全種入手可能。地方移動前に捕獲済みでもイベントは報酬のみ受領可能。
491,ダークライ,幻,yes,ベガ既存イベント保持,トーホク,ベガ既存地点,カントー,カントー共鳴碑／研究記録,既存条件,既存の固定シンボル・進化・配布条件を変更しない。再戦救済だけ追加。,Lv.70,捕獲個体＋図鑑登録＋専用素材,共鳴記録／専用技素材／再戦解禁。重複個体は与えない。,原則1回／救済再戦あり,倒した場合の復活フラグ、捕獲後の重複防止、手持ち満杯時のPC送付を共通処理,FLAG_SPECIAL_0491_CAUGHT を両地方で共有,一つのROMで全種入手可能。地方移動前に捕獲済みでもイベントは報酬のみ受領可能。
492,シェイミ,幻,no,花の楽園,カントー,タマムシ温室・花園,トーホク,ハクジのもり奥,全国研究ランク3,汚染された花畑を回復。グラシデアも同時解禁。,Lv.80,捕獲個体＋図鑑登録＋専用素材,共鳴記録／専用技素材／再戦解禁。重複個体は与えない。,1回／倒した場合は殿堂入り再更新で復活,倒した場合の復活フラグ、捕獲後の重複防止、手持ち満杯時のPC送付を共通処理,FLAG_SPECIAL_0492_CAUGHT を両地方で共有,一つのROMで全種入手可能。地方移動前に捕獲済みでもイベントは報酬のみ受領可能。
493,アルセウス,幻,no,創世の間,トーホク,スフィアいせき最深部,カントー,ハナダのどうくつ・創世門,各世代伝説アーク10件完了,プレート収集を簡略化し、代表18枚ではなく6属性章で解禁。,Lv.100,捕獲個体＋図鑑登録＋専用素材,共鳴記録／専用技素材／再戦解禁。重複個体は与えない。,1回／倒した場合は殿堂入り再更新で復活,倒した場合の復活フラグ、捕獲後の重複防止、手持ち満杯時のPC送付を共通処理,FLAG_SPECIAL_0493_CAUGHT を両地方で共有,一つのROMで全種入手可能。地方移動前に捕獲済みでもイベントは報酬のみ受領可能。
494,ビクティニ,幻,no,勝利の灯,トーホク,ポケモンじょう小塔,カントー,セキエイ高原・勝利碑,殿堂入り＋連勝10,塔の試練後に固定戦。,Lv.80,捕獲個体＋図鑑登録＋専用素材,共鳴記録／専用技素材／再戦解禁。重複個体は与えない。,1回／倒した場合は殿堂入り再更新で復活,倒した場合の復活フラグ、捕獲後の重複防止、手持ち満杯時のPC送付を共通処理,FLAG_SPECIAL_0494_CAUGHT を両地方で共有,一つのROMで全種入手可能。地方移動前に捕獲済みでもイベントは報酬のみ受領可能。
638,コバルオン,伝説,no,聖剣の試練,カントー,ヤマブキ格闘道場／チャンピオンロード,トーホク,チャンピオンロード増設道場,殿堂入り＋格闘調査,三つの実戦課題をクリアして順番に固定戦。,Lv.75,捕獲個体＋図鑑登録＋専用素材,共鳴記録／専用技素材／再戦解禁。重複個体は与えない。,1回／倒した場合は殿堂入り再更新で復活,倒した場合の復活フラグ、捕獲後の重複防止、手持ち満杯時のPC送付を共通処理,FLAG_SPECIAL_0638_CAUGHT を両地方で共有,一つのROMで全種入手可能。地方移動前に捕獲済みでもイベントは報酬のみ受領可能。
639,テラキオン,伝説,no,聖剣の試練,カントー,ヤマブキ格闘道場／チャンピオンロード,トーホク,チャンピオンロード増設道場,殿堂入り＋格闘調査,三つの実戦課題をクリアして順番に固定戦。,Lv.75,捕獲個体＋図鑑登録＋専用素材,共鳴記録／専用技素材／再戦解禁。重複個体は与えない。,1回／倒した場合は殿堂入り再更新で復活,倒した場合の復活フラグ、捕獲後の重複防止、手持ち満杯時のPC送付を共通処理,FLAG_SPECIAL_0639_CAUGHT を両地方で共有,一つのROMで全種入手可能。地方移動前に捕獲済みでもイベントは報酬のみ受領可能。
640,ビリジオン,伝説,no,聖剣の試練,カントー,ヤマブキ格闘道場／チャンピオンロード,トーホク,チャンピオンロード増設道場,殿堂入り＋格闘調査,三つの実戦課題をクリアして順番に固定戦。,Lv.75,捕獲個体＋図鑑登録＋専用素材,共鳴記録／専用技素材／再戦解禁。重複個体は与えない。,1回／倒した場合は殿堂入り再更新で復活,倒した場合の復活フラグ、捕獲後の重複防止、手持ち満杯時のPC送付を共通処理,FLAG_SPECIAL_0640_CAUGHT を両地方で共有,一つのROMで全種入手可能。地方移動前に捕獲済みでもイベントは報酬のみ受領可能。
641,トルネロス,伝説,no,四風の石柱,トーホク,三島＋521ばんどうろ,カントー,9・10・17・20ばんどうろ観測柱,殿堂入り＋天候観測器,天候を切替えて固定戦。うつしかがみを同時入手。,Lv.75,捕獲個体＋図鑑登録＋専用素材,共鳴記録／専用技素材／再戦解禁。重複個体は与えない。,1回／倒した場合は殿堂入り再更新で復活,倒した場合の復活フラグ、捕獲後の重複防止、手持ち満杯時のPC送付を共通処理,FLAG_SPECIAL_0641_CAUGHT を両地方で共有,一つのROMで全種入手可能。地方移動前に捕獲済みでもイベントは報酬のみ受領可能。
642,ボルトロス,伝説,no,四風の石柱,カントー,9・10・17・20ばんどうろ観測柱,トーホク,三島＋521ばんどうろ,殿堂入り＋天候観測器,天候を切替えて固定戦。うつしかがみを同時入手。,Lv.75,捕獲個体＋図鑑登録＋専用素材,共鳴記録／専用技素材／再戦解禁。重複個体は与えない。,1回／倒した場合は殿堂入り再更新で復活,倒した場合の復活フラグ、捕獲後の重複防止、手持ち満杯時のPC送付を共通処理,FLAG_SPECIAL_0642_CAUGHT を両地方で共有,一つのROMで全種入手可能。地方移動前に捕獲済みでもイベントは報酬のみ受領可能。
643,レシラム,伝説,no,白黒の炉心,トーホク,D・Hビル地下反応炉,カントー,むじんはつでんしょ／シルフ動力室,スフィアいせき後,二つのエネルギーセルを停止し、キュレムを含む三連イベント。合体器具も解禁。,Lv.75,捕獲個体＋図鑑登録＋専用素材,共鳴記録／専用技素材／再戦解禁。重複個体は与えない。,1回／倒した場合は殿堂入り再更新で復活,倒した場合の復活フラグ、捕獲後の重複防止、手持ち満杯時のPC送付を共通処理,FLAG_SPECIAL_0643_CAUGHT を両地方で共有,一つのROMで全種入手可能。地方移動前に捕獲済みでもイベントは報酬のみ受領可能。
644,ゼクロム,伝説,no,白黒の炉心,トーホク,D・Hビル地下反応炉,カントー,むじんはつでんしょ／シルフ動力室,スフィアいせき後,二つのエネルギーセルを停止し、キュレムを含む三連イベント。合体器具も解禁。,Lv.75,捕獲個体＋図鑑登録＋専用素材,共鳴記録／専用技素材／再戦解禁。重複個体は与えない。,1回／倒した場合は殿堂入り再更新で復活,倒した場合の復活フラグ、捕獲後の重複防止、手持ち満杯時のPC送付を共通処理,FLAG_SPECIAL_0644_CAUGHT を両地方で共有,一つのROMで全種入手可能。地方移動前に捕獲済みでもイベントは報酬のみ受領可能。
645,ランドロス,伝説,no,四風の石柱,カントー,9・10・17・20ばんどうろ観測柱,トーホク,三島＋521ばんどうろ,殿堂入り＋天候観測器,天候を切替えて固定戦。うつしかがみを同時入手。,Lv.75,捕獲個体＋図鑑登録＋専用素材,共鳴記録／専用技素材／再戦解禁。重複個体は与えない。,1回／倒した場合は殿堂入り再更新で復活,倒した場合の復活フラグ、捕獲後の重複防止、手持ち満杯時のPC送付を共通処理,FLAG_SPECIAL_0645_CAUGHT を両地方で共有,一つのROMで全種入手可能。地方移動前に捕獲済みでもイベントは報酬のみ受領可能。
646,キュレム,伝説,no,白黒の炉心,トーホク,D・Hビル地下反応炉,カントー,むじんはつでんしょ／シルフ動力室,スフィアいせき後,二つのエネルギーセルを停止し、キュレムを含む三連イベント。合体器具も解禁。,Lv.75,捕獲個体＋図鑑登録＋専用素材,共鳴記録／専用技素材／再戦解禁。重複個体は与えない。,1回／倒した場合は殿堂入り再更新で復活,倒した場合の復活フラグ、捕獲後の重複防止、手持ち満杯時のPC送付を共通処理,FLAG_SPECIAL_0646_CAUGHT を両地方で共有,一つのROMで全種入手可能。地方移動前に捕獲済みでもイベントは報酬のみ受領可能。
647,ケルディオ,幻,no,誓いの入江,カントー,25ばんどうろ岬,トーホク,アーシア島の入江,聖剣3体登録,水上のリングを巡るタイムアタック後に固定戦。,Lv.80,捕獲個体＋図鑑登録＋専用素材,共鳴記録／専用技素材／再戦解禁。重複個体は与えない。,1回／倒した場合は殿堂入り再更新で復活,倒した場合の復活フラグ、捕獲後の重複防止、手持ち満杯時のPC送付を共通処理,FLAG_SPECIAL_0647_CAUGHT を両地方で共有,一つのROMで全種入手可能。地方移動前に捕獲済みでもイベントは報酬のみ受領可能。
648,メロエッタ,幻,no,いにしえの旋律,カントー,シオン音楽堂,トーホク,カラスバ劇場,殿堂入り＋音符アイテム4個,地方各地の演奏家から音符を集め、舞台で固定戦。,Lv.80,捕獲個体＋図鑑登録＋専用素材,共鳴記録／専用技素材／再戦解禁。重複個体は与えない。,1回／倒した場合は殿堂入り再更新で復活,倒した場合の復活フラグ、捕獲後の重複防止、手持ち満杯時のPC送付を共通処理,FLAG_SPECIAL_0648_CAUGHT を両地方で共有,一つのROMで全種入手可能。地方移動前に捕獲済みでもイベントは報酬のみ受領可能。
649,ゲノセクト,幻,no,凍結された設計図,カントー,ふたごじま凍結研究室,トーホク,こおりのしま研究区,殿堂入り＋研究ランク4,復元端末にカセット4種を登録して固定戦。,Lv.80,捕獲個体＋図鑑登録＋専用素材,共鳴記録／専用技素材／再戦解禁。重複個体は与えない。,1回／倒した場合は殿堂入り再更新で復活,倒した場合の復活フラグ、捕獲後の重複防止、手持ち満杯時のPC送付を共通処理,FLAG_SPECIAL_0649_CAUGHT を両地方で共有,一つのROMで全種入手可能。地方移動前に捕獲済みでもイベントは報酬のみ受領可能。
716,ゼルネアス,伝説,no,生命・破壊・秩序,トーホク,ハクジのもり／ダークタワー／スフィアいせき,カントー,タマムシ温室／ポケモンタワー／ハナダのどうくつ,全国研究ランク4,環境ゲージを均衡させる。ジガルデセル収集は50個に圧縮。,Lv.75,捕獲個体＋図鑑登録＋専用素材,共鳴記録／専用技素材／再戦解禁。重複個体は与えない。,1回／倒した場合は殿堂入り再更新で復活,倒した場合の復活フラグ、捕獲後の重複防止、手持ち満杯時のPC送付を共通処理,FLAG_SPECIAL_0716_CAUGHT を両地方で共有,一つのROMで全種入手可能。地方移動前に捕獲済みでもイベントは報酬のみ受領可能。
717,イベルタル,伝説,no,生命・破壊・秩序,カントー,タマムシ温室／ポケモンタワー／ハナダのどうくつ,トーホク,ハクジのもり／ダークタワー／スフィアいせき,全国研究ランク4,環境ゲージを均衡させる。ジガルデセル収集は50個に圧縮。,Lv.75,捕獲個体＋図鑑登録＋専用素材,共鳴記録／専用技素材／再戦解禁。重複個体は与えない。,1回／倒した場合は殿堂入り再更新で復活,倒した場合の復活フラグ、捕獲後の重複防止、手持ち満杯時のPC送付を共通処理,FLAG_SPECIAL_0717_CAUGHT を両地方で共有,一つのROMで全種入手可能。地方移動前に捕獲済みでもイベントは報酬のみ受領可能。
718,ジガルデ,伝説,no,生命・破壊・秩序,トーホク,ハクジのもり／ダークタワー／スフィアいせき,カントー,タマムシ温室／ポケモンタワー／ハナダのどうくつ,全国研究ランク4,環境ゲージを均衡させる。ジガルデセル収集は50個に圧縮。,Lv.75,捕獲個体＋図鑑登録＋専用素材,共鳴記録／専用技素材／再戦解禁。重複個体は与えない。,1回／倒した場合は殿堂入り再更新で復活,倒した場合の復活フラグ、捕獲後の重複防止、手持ち満杯時のPC送付を共通処理,FLAG_SPECIAL_0718_CAUGHT を両地方で共有,一つのROMで全種入手可能。地方移動前に捕獲済みでもイベントは報酬のみ受領可能。
719,ディアンシー,幻,no,鉱脈の姫,トーホク,ちえのどうくつ宝石層,カントー,おつきみやま結晶洞,殿堂入り＋鉱石納品,鉱夫救助後に固定戦。,Lv.80,捕獲個体＋図鑑登録＋専用素材,共鳴記録／専用技素材／再戦解禁。重複個体は与えない。,1回／倒した場合は殿堂入り再更新で復活,倒した場合の復活フラグ、捕獲後の重複防止、手持ち満杯時のPC送付を共通処理,FLAG_SPECIAL_0719_CAUGHT を両地方で共有,一つのROMで全種入手可能。地方移動前に捕獲済みでもイベントは報酬のみ受領可能。
720,フーパ,幻,no,いましめの輪,カントー,ポケモンタワー封印階,トーホク,スフィアいせき封印室,殿堂入り＋各地の封印輪3個,輪を開閉する短いワープパズル。,Lv.80,捕獲個体＋図鑑登録＋専用素材,共鳴記録／専用技素材／再戦解禁。重複個体は与えない。,1回／倒した場合は殿堂入り再更新で復活,倒した場合の復活フラグ、捕獲後の重複防止、手持ち満杯時のPC送付を共通処理,FLAG_SPECIAL_0720_CAUGHT を両地方で共有,一つのROMで全種入手可能。地方移動前に捕獲済みでもイベントは報酬のみ受領可能。
721,ボルケニオン,幻,no,蒸気機関の島,トーホク,ひのしま蒸気坑,カントー,グレン研究所・蒸気実験室,殿堂入り＋ボルケニオン用圧力弁,噴気孔を閉じて固定戦。,Lv.80,捕獲個体＋図鑑登録＋専用素材,共鳴記録／専用技素材／再戦解禁。重複個体は与えない。,1回／倒した場合は殿堂入り再更新で復活,倒した場合の復活フラグ、捕獲後の重複防止、手持ち満杯時のPC送付を共通処理,FLAG_SPECIAL_0721_CAUGHT を両地方で共有,一つのROMで全種入手可能。地方移動前に捕獲済みでもイベントは報酬のみ受領可能。
772,タイプ：ヌル,伝説,no,人工生命保護,カントー,シルフカンパニー隔離室,トーホク,D・H異常生態区画,D・H残党イベント完了,タイプ：ヌルを譲渡。十分になつかせて通常進化。メモリは研究ランク報酬。,Lv.75,捕獲個体＋図鑑登録＋専用素材,共鳴記録／専用技素材／再戦解禁。重複個体は与えない。,1回／倒した場合は殿堂入り再更新で復活,倒した場合の復活フラグ、捕獲後の重複防止、手持ち満杯時のPC送付を共通処理,FLAG_SPECIAL_0772_CAUGHT を両地方で共有,一つのROMで全種入手可能。地方移動前に捕獲済みでもイベントは報酬のみ受領可能。
773,シルヴァディ,伝説,no,人工生命保護,カントー,シルフカンパニー隔離室,トーホク,D・H異常生態区画,D・H残党イベント完了,タイプ：ヌルを譲渡。十分になつかせて通常進化。メモリは研究ランク報酬。,Lv.75,捕獲個体＋図鑑登録＋専用素材,共鳴記録／専用技素材／再戦解禁。重複個体は与えない。,1回／倒した場合は殿堂入り再更新で復活,倒した場合の復活フラグ、捕獲後の重複防止、手持ち満杯時のPC送付を共通処理,FLAG_SPECIAL_0773_CAUGHT を両地方で共有,一つのROMで全種入手可能。地方移動前に捕獲済みでもイベントは報酬のみ受領可能。
785,カプ・コケコ,伝説,no,四島の守り神,トーホク,火・雷・氷・ニューアイランド祭壇,カントー,トキワのもり／24ばんどうろ／セキチク湿地／20ばん水道,殿堂入り＋各島試練,島ごとの3分程度の試練後に固定戦。,Lv.75,捕獲個体＋図鑑登録＋専用素材,共鳴記録／専用技素材／再戦解禁。重複個体は与えない。,1回／倒した場合は殿堂入り再更新で復活,倒した場合の復活フラグ、捕獲後の重複防止、手持ち満杯時のPC送付を共通処理,FLAG_SPECIAL_0785_CAUGHT を両地方で共有,一つのROMで全種入手可能。地方移動前に捕獲済みでもイベントは報酬のみ受領可能。
786,カプ・テテフ,伝説,no,四島の守り神,トーホク,火・雷・氷・ニューアイランド祭壇,カントー,トキワのもり／24ばんどうろ／セキチク湿地／20ばん水道,殿堂入り＋各島試練,島ごとの3分程度の試練後に固定戦。,Lv.75,捕獲個体＋図鑑登録＋専用素材,共鳴記録／専用技素材／再戦解禁。重複個体は与えない。,1回／倒した場合は殿堂入り再更新で復活,倒した場合の復活フラグ、捕獲後の重複防止、手持ち満杯時のPC送付を共通処理,FLAG_SPECIAL_0786_CAUGHT を両地方で共有,一つのROMで全種入手可能。地方移動前に捕獲済みでもイベントは報酬のみ受領可能。
787,カプ・ブルル,伝説,no,四島の守り神,トーホク,火・雷・氷・ニューアイランド祭壇,カントー,トキワのもり／24ばんどうろ／セキチク湿地／20ばん水道,殿堂入り＋各島試練,島ごとの3分程度の試練後に固定戦。,Lv.75,捕獲個体＋図鑑登録＋専用素材,共鳴記録／専用技素材／再戦解禁。重複個体は与えない。,1回／倒した場合は殿堂入り再更新で復活,倒した場合の復活フラグ、捕獲後の重複防止、手持ち満杯時のPC送付を共通処理,FLAG_SPECIAL_0787_CAUGHT を両地方で共有,一つのROMで全種入手可能。地方移動前に捕獲済みでもイベントは報酬のみ受領可能。
788,カプ・レヒレ,伝説,no,四島の守り神,トーホク,火・雷・氷・ニューアイランド祭壇,カントー,トキワのもり／24ばんどうろ／セキチク湿地／20ばん水道,殿堂入り＋各島試練,島ごとの3分程度の試練後に固定戦。,Lv.75,捕獲個体＋図鑑登録＋専用素材,共鳴記録／専用技素材／再戦解禁。重複個体は与えない。,1回／倒した場合は殿堂入り再更新で復活,倒した場合の復活フラグ、捕獲後の重複防止、手持ち満杯時のPC送付を共通処理,FLAG_SPECIAL_0788_CAUGHT を両地方で共有,一つのROMで全種入手可能。地方移動前に捕獲済みでもイベントは報酬のみ受領可能。
789,コスモッグ,伝説,no,星雲の子,トーホク,ニューアイランド天文台／スフィアいせき,カントー,ニビ博物館天文室／ハナダのどうくつ宇宙層,殿堂入り＋星の祈り完了,コスモッグを保護し、日輪核／月輪核で進化先を選択。ネクロズマは後続戦。,Lv.75,捕獲個体＋図鑑登録＋専用素材,共鳴記録／専用技素材／再戦解禁。重複個体は与えない。,1回／倒した場合は殿堂入り再更新で復活,倒した場合の復活フラグ、捕獲後の重複防止、手持ち満杯時のPC送付を共通処理,FLAG_SPECIAL_0789_CAUGHT を両地方で共有,一つのROMで全種入手可能。地方移動前に捕獲済みでもイベントは報酬のみ受領可能。
790,コスモウム,伝説,no,星雲の子,トーホク,ニューアイランド天文台／スフィアいせき,カントー,ニビ博物館天文室／ハナダのどうくつ宇宙層,殿堂入り＋星の祈り完了,コスモッグを保護し、日輪核／月輪核で進化先を選択。ネクロズマは後続戦。,Lv.75,捕獲個体＋図鑑登録＋専用素材,共鳴記録／専用技素材／再戦解禁。重複個体は与えない。,1回／倒した場合は殿堂入り再更新で復活,倒した場合の復活フラグ、捕獲後の重複防止、手持ち満杯時のPC送付を共通処理,FLAG_SPECIAL_0790_CAUGHT を両地方で共有,一つのROMで全種入手可能。地方移動前に捕獲済みでもイベントは報酬のみ受領可能。
791,ソルガレオ,伝説,no,星雲の子,トーホク,ニューアイランド天文台／スフィアいせき,カントー,ニビ博物館天文室／ハナダのどうくつ宇宙層,殿堂入り＋星の祈り完了,コスモッグを保護し、日輪核／月輪核で進化先を選択。ネクロズマは後続戦。,Lv.75,捕獲個体＋図鑑登録＋専用素材,共鳴記録／専用技素材／再戦解禁。重複個体は与えない。,1回／倒した場合は殿堂入り再更新で復活,倒した場合の復活フラグ、捕獲後の重複防止、手持ち満杯時のPC送付を共通処理,FLAG_SPECIAL_0791_CAUGHT を両地方で共有,一つのROMで全種入手可能。地方移動前に捕獲済みでもイベントは報酬のみ受領可能。
792,ルナアーラ,伝説,no,星雲の子,トーホク,ニューアイランド天文台／スフィアいせき,カントー,ニビ博物館天文室／ハナダのどうくつ宇宙層,殿堂入り＋星の祈り完了,コスモッグを保護し、日輪核／月輪核で進化先を選択。ネクロズマは後続戦。,Lv.75,捕獲個体＋図鑑登録＋専用素材,共鳴記録／専用技素材／再戦解禁。重複個体は与えない。,1回／倒した場合は殿堂入り再更新で復活,倒した場合の復活フラグ、捕獲後の重複防止、手持ち満杯時のPC送付を共通処理,FLAG_SPECIAL_0792_CAUGHT を両地方で共有,一つのROMで全種入手可能。地方移動前に捕獲済みでもイベントは報酬のみ受領可能。
793,ウツロイド,UB,no,ウルトラホール調査,トーホク,スフィアいせき・裂け目区画,カントー,シルフカンパニー異常転送室,殿堂入り＋ビーストボール解禁,種ごとに異なる色の裂け目を調査。初回固定、以後は低確率レイド。,Lv.90,捕獲個体＋図鑑登録＋専用素材,共鳴記録／専用技素材／再戦解禁。重複個体は与えない。,初回1回／以後レイド再出現,倒した場合の復活フラグ、捕獲後の重複防止、手持ち満杯時のPC送付を共通処理,FLAG_SPECIAL_0793_CAUGHT を両地方で共有,一つのROMで全種入手可能。地方移動前に捕獲済みでもイベントは報酬のみ受領可能。
794,マッシブーン,UB,no,ウルトラホール調査,カントー,シルフカンパニー異常転送室,トーホク,スフィアいせき・裂け目区画,殿堂入り＋ビーストボール解禁,種ごとに異なる色の裂け目を調査。初回固定、以後は低確率レイド。,Lv.90,捕獲個体＋図鑑登録＋専用素材,共鳴記録／専用技素材／再戦解禁。重複個体は与えない。,初回1回／以後レイド再出現,倒した場合の復活フラグ、捕獲後の重複防止、手持ち満杯時のPC送付を共通処理,FLAG_SPECIAL_0794_CAUGHT を両地方で共有,一つのROMで全種入手可能。地方移動前に捕獲済みでもイベントは報酬のみ受領可能。
795,フェローチェ,UB,no,ウルトラホール調査,トーホク,スフィアいせき・裂け目区画,カントー,シルフカンパニー異常転送室,殿堂入り＋ビーストボール解禁,種ごとに異なる色の裂け目を調査。初回固定、以後は低確率レイド。,Lv.90,捕獲個体＋図鑑登録＋専用素材,共鳴記録／専用技素材／再戦解禁。重複個体は与えない。,初回1回／以後レイド再出現,倒した場合の復活フラグ、捕獲後の重複防止、手持ち満杯時のPC送付を共通処理,FLAG_SPECIAL_0795_CAUGHT を両地方で共有,一つのROMで全種入手可能。地方移動前に捕獲済みでもイベントは報酬のみ受領可能。
796,デンジュモク,UB,no,ウルトラホール調査,カントー,シルフカンパニー異常転送室,トーホク,スフィアいせき・裂け目区画,殿堂入り＋ビーストボール解禁,種ごとに異なる色の裂け目を調査。初回固定、以後は低確率レイド。,Lv.90,捕獲個体＋図鑑登録＋専用素材,共鳴記録／専用技素材／再戦解禁。重複個体は与えない。,初回1回／以後レイド再出現,倒した場合の復活フラグ、捕獲後の重複防止、手持ち満杯時のPC送付を共通処理,FLAG_SPECIAL_0796_CAUGHT を両地方で共有,一つのROMで全種入手可能。地方移動前に捕獲済みでもイベントは報酬のみ受領可能。
797,テッカグヤ,UB,no,ウルトラホール調査,トーホク,スフィアいせき・裂け目区画,カントー,シルフカンパニー異常転送室,殿堂入り＋ビーストボール解禁,種ごとに異なる色の裂け目を調査。初回固定、以後は低確率レイド。,Lv.90,捕獲個体＋図鑑登録＋専用素材,共鳴記録／専用技素材／再戦解禁。重複個体は与えない。,初回1回／以後レイド再出現,倒した場合の復活フラグ、捕獲後の重複防止、手持ち満杯時のPC送付を共通処理,FLAG_SPECIAL_0797_CAUGHT を両地方で共有,一つのROMで全種入手可能。地方移動前に捕獲済みでもイベントは報酬のみ受領可能。
798,カミツルギ,UB,no,ウルトラホール調査,カントー,シルフカンパニー異常転送室,トーホク,スフィアいせき・裂け目区画,殿堂入り＋ビーストボール解禁,種ごとに異なる色の裂け目を調査。初回固定、以後は低確率レイド。,Lv.90,捕獲個体＋図鑑登録＋専用素材,共鳴記録／専用技素材／再戦解禁。重複個体は与えない。,初回1回／以後レイド再出現,倒した場合の復活フラグ、捕獲後の重複防止、手持ち満杯時のPC送付を共通処理,FLAG_SPECIAL_0798_CAUGHT を両地方で共有,一つのROMで全種入手可能。地方移動前に捕獲済みでもイベントは報酬のみ受領可能。
799,アクジキング,UB,no,ウルトラホール調査,トーホク,スフィアいせき・裂け目区画,カントー,シルフカンパニー異常転送室,殿堂入り＋ビーストボール解禁,種ごとに異なる色の裂け目を調査。初回固定、以後は低確率レイド。,Lv.90,捕獲個体＋図鑑登録＋専用素材,共鳴記録／専用技素材／再戦解禁。重複個体は与えない。,初回1回／以後レイド再出現,倒した場合の復活フラグ、捕獲後の重複防止、手持ち満杯時のPC送付を共通処理,FLAG_SPECIAL_0799_CAUGHT を両地方で共有,一つのROMで全種入手可能。地方移動前に捕獲済みでもイベントは報酬のみ受領可能。
800,ネクロズマ,伝説,no,星雲の子,トーホク,ニューアイランド天文台／スフィアいせき,カントー,ニビ博物館天文室／ハナダのどうくつ宇宙層,殿堂入り＋星の祈り完了,コスモッグを保護し、日輪核／月輪核で進化先を選択。ネクロズマは後続戦。,Lv.75,捕獲個体＋図鑑登録＋専用素材,共鳴記録／専用技素材／再戦解禁。重複個体は与えない。,1回／倒した場合は殿堂入り再更新で復活,倒した場合の復活フラグ、捕獲後の重複防止、手持ち満杯時のPC送付を共通処理,FLAG_SPECIAL_0800_CAUGHT を両地方で共有,一つのROMで全種入手可能。地方移動前に捕獲済みでもイベントは報酬のみ受領可能。
801,マギアナ,幻,no,失われた機巧,カントー,シルフ資料庫,トーホク,オウニ工房,殿堂入り＋部品5種,工房で復元して受取。,Lv.80,捕獲個体＋図鑑登録＋専用素材,共鳴記録／専用技素材／再戦解禁。重複個体は与えない。,1回／倒した場合は殿堂入り再更新で復活,倒した場合の復活フラグ、捕獲後の重複防止、手持ち満杯時のPC送付を共通処理,FLAG_SPECIAL_0801_CAUGHT を両地方で共有,一つのROMで全種入手可能。地方移動前に捕獲済みでもイベントは報酬のみ受領可能。
802,マーシャドー,幻,no,影踏みの試練,トーホク,ダークタワー影区画,カントー,ポケモンタワー影階,殿堂入り＋夜間,影だけを追う短い追跡イベント後に固定戦。,Lv.80,捕獲個体＋図鑑登録＋専用素材,共鳴記録／専用技素材／再戦解禁。重複個体は与えない。,1回／倒した場合は殿堂入り再更新で復活,倒した場合の復活フラグ、捕獲後の重複防止、手持ち満杯時のPC送付を共通処理,FLAG_SPECIAL_0802_CAUGHT を両地方で共有,一つのROMで全種入手可能。地方移動前に捕獲済みでもイベントは報酬のみ受領可能。
803,ベベノム,UB,no,ウルトラホール調査,トーホク,スフィアいせき・裂け目区画,カントー,シルフカンパニー異常転送室,殿堂入り＋ビーストボール解禁,種ごとに異なる色の裂け目を調査。初回固定、以後は低確率レイド。,Lv.90,捕獲個体＋図鑑登録＋専用素材,共鳴記録／専用技素材／再戦解禁。重複個体は与えない。,初回1回／以後レイド再出現,倒した場合の復活フラグ、捕獲後の重複防止、手持ち満杯時のPC送付を共通処理,FLAG_SPECIAL_0803_CAUGHT を両地方で共有,一つのROMで全種入手可能。地方移動前に捕獲済みでもイベントは報酬のみ受領可能。
804,アーゴヨン,UB,no,ウルトラホール調査,カントー,シルフカンパニー異常転送室,トーホク,スフィアいせき・裂け目区画,殿堂入り＋ビーストボール解禁,種ごとに異なる色の裂け目を調査。初回固定、以後は低確率レイド。,Lv.90,捕獲個体＋図鑑登録＋専用素材,共鳴記録／専用技素材／再戦解禁。重複個体は与えない。,初回1回／以後レイド再出現,倒した場合の復活フラグ、捕獲後の重複防止、手持ち満杯時のPC送付を共通処理,FLAG_SPECIAL_0804_CAUGHT を両地方で共有,一つのROMで全種入手可能。地方移動前に捕獲済みでもイベントは報酬のみ受領可能。
805,ツンデツンデ,UB,no,ウルトラホール調査,トーホク,スフィアいせき・裂け目区画,カントー,シルフカンパニー異常転送室,殿堂入り＋ビーストボール解禁,種ごとに異なる色の裂け目を調査。初回固定、以後は低確率レイド。,Lv.90,捕獲個体＋図鑑登録＋専用素材,共鳴記録／専用技素材／再戦解禁。重複個体は与えない。,初回1回／以後レイド再出現,倒した場合の復活フラグ、捕獲後の重複防止、手持ち満杯時のPC送付を共通処理,FLAG_SPECIAL_0805_CAUGHT を両地方で共有,一つのROMで全種入手可能。地方移動前に捕獲済みでもイベントは報酬のみ受領可能。
806,ズガドーン,UB,no,ウルトラホール調査,カントー,シルフカンパニー異常転送室,トーホク,スフィアいせき・裂け目区画,殿堂入り＋ビーストボール解禁,種ごとに異なる色の裂け目を調査。初回固定、以後は低確率レイド。,Lv.90,捕獲個体＋図鑑登録＋専用素材,共鳴記録／専用技素材／再戦解禁。重複個体は与えない。,初回1回／以後レイド再出現,倒した場合の復活フラグ、捕獲後の重複防止、手持ち満杯時のPC送付を共通処理,FLAG_SPECIAL_0806_CAUGHT を両地方で共有,一つのROMで全種入手可能。地方移動前に捕獲済みでもイベントは報酬のみ受領可能。
807,ゼラオラ,幻,no,雷光の救助,カントー,むじんはつでんしょ,トーホク,かみなりのしま,殿堂入り＋停電復旧,発電設備を直すと固定戦。,Lv.80,捕獲個体＋図鑑登録＋専用素材,共鳴記録／専用技素材／再戦解禁。重複個体は与えない。,1回／倒した場合は殿堂入り再更新で復活,倒した場合の復活フラグ、捕獲後の重複防止、手持ち満杯時のPC送付を共通処理,FLAG_SPECIAL_0807_CAUGHT を両地方で共有,一つのROMで全種入手可能。地方移動前に捕獲済みでもイベントは報酬のみ受領可能。
808,メルタン,幻,no,金属生命の群れ,カントー,シルフ地下／むじんはつでんしょ,トーホク,D・H工業区画,殿堂入り,メルタンは複数捕獲可。メタルくず40個でメルメタル進化。,Lv.80,捕獲個体＋図鑑登録＋専用素材,共鳴記録／専用技素材／再戦解禁。重複個体は与えない。,1回／倒した場合は殿堂入り再更新で復活,倒した場合の復活フラグ、捕獲後の重複防止、手持ち満杯時のPC送付を共通処理,FLAG_SPECIAL_0808_CAUGHT を両地方で共有,一つのROMで全種入手可能。地方移動前に捕獲済みでもイベントは報酬のみ受領可能。
809,メルメタル,幻,no,金属生命の群れ,カントー,シルフ地下／むじんはつでんしょ,トーホク,D・H工業区画,殿堂入り,メルタンは複数捕獲可。メタルくず40個でメルメタル進化。,Lv.80,捕獲個体＋図鑑登録＋専用素材,共鳴記録／専用技素材／再戦解禁。重複個体は与えない。,1回／倒した場合は殿堂入り再更新で復活,倒した場合の復活フラグ、捕獲後の重複防止、手持ち満杯時のPC送付を共通処理,FLAG_SPECIAL_0809_CAUGHT を両地方で共有,一つのROMで全種入手可能。地方移動前に捕獲済みでもイベントは報酬のみ受領可能。
888,ザシアン,伝説,no,双王の武具,カントー,ニビ博物館王具展示室,トーホク,ポケモンじょう宝物庫,スフィアいせき後,くちたけん／くちたたてを返還して各固定戦。,Lv.75,捕獲個体＋図鑑登録＋専用素材,共鳴記録／専用技素材／再戦解禁。重複個体は与えない。,1回／倒した場合は殿堂入り再更新で復活,倒した場合の復活フラグ、捕獲後の重複防止、手持ち満杯時のPC送付を共通処理,FLAG_SPECIAL_0888_CAUGHT を両地方で共有,一つのROMで全種入手可能。地方移動前に捕獲済みでもイベントは報酬のみ受領可能。
889,ザマゼンタ,伝説,no,双王の武具,トーホク,ポケモンじょう宝物庫,カントー,ニビ博物館王具展示室,スフィアいせき後,くちたけん／くちたたてを返還して各固定戦。,Lv.75,捕獲個体＋図鑑登録＋専用素材,共鳴記録／専用技素材／再戦解禁。重複個体は与えない。,1回／倒した場合は殿堂入り再更新で復活,倒した場合の復活フラグ、捕獲後の重複防止、手持ち満杯時のPC送付を共通処理,FLAG_SPECIAL_0889_CAUGHT を両地方で共有,一つのROMで全種入手可能。地方移動前に捕獲済みでもイベントは報酬のみ受領可能。
890,ムゲンダイナ,伝説,no,無限炉心レイド,カントー,シルフ非常電源室,トーホク,D・H炉心,殿堂入り＋ダイマックスバンド,指定レイドとして戦闘。捕獲は初回のみ。,Lv.75,捕獲個体＋図鑑登録＋専用素材,共鳴記録／専用技素材／再戦解禁。重複個体は与えない。,1回／倒した場合は殿堂入り再更新で復活,倒した場合の復活フラグ、捕獲後の重複防止、手持ち満杯時のPC送付を共通処理,FLAG_SPECIAL_0890_CAUGHT を両地方で共有,一つのROMで全種入手可能。地方移動前に捕獲済みでもイベントは報酬のみ受領可能。
891,ダクマ,伝説,no,双拳の道,カントー,ヤマブキ格闘道場,トーホク,ポケモンじょう修練場,殿堂入り,ダクマ譲渡後、あく／みずの修練札で分岐進化。,Lv.75,捕獲個体＋図鑑登録＋専用素材,共鳴記録／専用技素材／再戦解禁。重複個体は与えない。,1回／倒した場合は殿堂入り再更新で復活,倒した場合の復活フラグ、捕獲後の重複防止、手持ち満杯時のPC送付を共通処理,FLAG_SPECIAL_0891_CAUGHT を両地方で共有,一つのROMで全種入手可能。地方移動前に捕獲済みでもイベントは報酬のみ受領可能。
892,ウーラオス,伝説,no,双拳の道,トーホク,ポケモンじょう修練場,カントー,ヤマブキ格闘道場,殿堂入り,ダクマ譲渡後、あく／みずの修練札で分岐進化。,Lv.75,捕獲個体＋図鑑登録＋専用素材,共鳴記録／専用技素材／再戦解禁。重複個体は与えない。,1回／倒した場合は殿堂入り再更新で復活,倒した場合の復活フラグ、捕獲後の重複防止、手持ち満杯時のPC送付を共通処理,FLAG_SPECIAL_0892_CAUGHT を両地方で共有,一つのROMで全種入手可能。地方移動前に捕獲済みでもイベントは報酬のみ受領可能。
893,ザルード,幻,no,深緑の守護者,トーホク,ハクジのもり奥,カントー,トキワのもり奥,全国研究ランク4,森の薬草を守るイベント後に固定戦。,Lv.80,捕獲個体＋図鑑登録＋専用素材,共鳴記録／専用技素材／再戦解禁。重複個体は与えない。,1回／倒した場合は殿堂入り再更新で復活,倒した場合の復活フラグ、捕獲後の重複防止、手持ち満杯時のPC送付を共通処理,FLAG_SPECIAL_0893_CAUGHT を両地方で共有,一つのROMで全種入手可能。地方移動前に捕獲済みでもイベントは報酬のみ受領可能。
894,レジエレキ,伝説,no,新たな巨人,カントー,むじんはつでんしょ／ハナダのどうくつ,トーホク,かみなりのしま／D・H時空観測室,レジ系3体登録,左右どちらも最終的に解禁し、排他にしない。,Lv.75,捕獲個体＋図鑑登録＋専用素材,共鳴記録／専用技素材／再戦解禁。重複個体は与えない。,1回／倒した場合は殿堂入り再更新で復活,倒した場合の復活フラグ、捕獲後の重複防止、手持ち満杯時のPC送付を共通処理,FLAG_SPECIAL_0894_CAUGHT を両地方で共有,一つのROMで全種入手可能。地方移動前に捕獲済みでもイベントは報酬のみ受領可能。
895,レジドラゴ,伝説,no,新たな巨人,カントー,むじんはつでんしょ／ハナダのどうくつ,トーホク,かみなりのしま／D・H時空観測室,レジ系3体登録,左右どちらも最終的に解禁し、排他にしない。,Lv.75,捕獲個体＋図鑑登録＋専用素材,共鳴記録／専用技素材／再戦解禁。重複個体は与えない。,1回／倒した場合は殿堂入り再更新で復活,倒した場合の復活フラグ、捕獲後の重複防止、手持ち満杯時のPC送付を共通処理,FLAG_SPECIAL_0895_CAUGHT を両地方で共有,一つのROMで全種入手可能。地方移動前に捕獲済みでもイベントは報酬のみ受領可能。
896,ブリザポス,伝説,no,雪原の王冠,トーホク,ユキユキやま王冠区画,カントー,ふたごじま地下王冠区画,殿堂入り＋豊穣イベント,二頭を個別捕獲後、バドレックスを固定戦。手綱で合体切替。,Lv.75,捕獲個体＋図鑑登録＋専用素材,共鳴記録／専用技素材／再戦解禁。重複個体は与えない。,1回／倒した場合は殿堂入り再更新で復活,倒した場合の復活フラグ、捕獲後の重複防止、手持ち満杯時のPC送付を共通処理,FLAG_SPECIAL_0896_CAUGHT を両地方で共有,一つのROMで全種入手可能。地方移動前に捕獲済みでもイベントは報酬のみ受領可能。
897,レイスポス,伝説,no,雪原の王冠,カントー,ふたごじま地下王冠区画,トーホク,ユキユキやま王冠区画,殿堂入り＋豊穣イベント,二頭を個別捕獲後、バドレックスを固定戦。手綱で合体切替。,Lv.75,捕獲個体＋図鑑登録＋専用素材,共鳴記録／専用技素材／再戦解禁。重複個体は与えない。,1回／倒した場合は殿堂入り再更新で復活,倒した場合の復活フラグ、捕獲後の重複防止、手持ち満杯時のPC送付を共通処理,FLAG_SPECIAL_0897_CAUGHT を両地方で共有,一つのROMで全種入手可能。地方移動前に捕獲済みでもイベントは報酬のみ受領可能。
898,バドレックス,伝説,no,雪原の王冠,トーホク,ユキユキやま王冠区画,カントー,ふたごじま地下王冠区画,殿堂入り＋豊穣イベント,二頭を個別捕獲後、バドレックスを固定戦。手綱で合体切替。,Lv.75,捕獲個体＋図鑑登録＋専用素材,共鳴記録／専用技素材／再戦解禁。重複個体は与えない。,1回／倒した場合は殿堂入り再更新で復活,倒した場合の復活フラグ、捕獲後の重複防止、手持ち満杯時のPC送付を共通処理,FLAG_SPECIAL_0898_CAUGHT を両地方で共有,一つのROMで全種入手可能。地方移動前に捕獲済みでもイベントは報酬のみ受領可能。
905,ラブトロス,伝説,no,四風の石柱,トーホク,三島＋521ばんどうろ,カントー,9・10・17・20ばんどうろ観測柱,殿堂入り＋天候観測器,天候を切替えて固定戦。うつしかがみを同時入手。,Lv.75,捕獲個体＋図鑑登録＋専用素材,共鳴記録／専用技素材／再戦解禁。重複個体は与えない。,1回／倒した場合は殿堂入り再更新で復活,倒した場合の復活フラグ、捕獲後の重複防止、手持ち満杯時のPC送付を共通処理,FLAG_SPECIAL_0905_CAUGHT を両地方で共有,一つのROMで全種入手可能。地方移動前に捕獲済みでもイベントは報酬のみ受領可能。
984,イダイナキバ,パラドックス,no,時代裂け目調査,カントー,ハナダのどうくつ・共鳴裂け目,トーホク,スフィアいせき・裂け目区画,スフィアいせき後,過去・未来チケットで出現群を切替。バージョン排他は設けない。,Lv.90,捕獲個体＋図鑑登録＋専用素材,共鳴記録／専用技素材／再戦解禁。重複個体は与えない。,反復可,倒した場合の復活フラグ、捕獲後の重複防止、手持ち満杯時のPC送付を共通処理,FLAG_SPECIAL_0984_CAUGHT を両地方で共有,一つのROMで全種入手可能。地方移動前に捕獲済みでもイベントは報酬のみ受領可能。
985,サケブシッポ,パラドックス,no,時代裂け目調査,トーホク,スフィアいせき・裂け目区画,カントー,ハナダのどうくつ・共鳴裂け目,スフィアいせき後,過去・未来チケットで出現群を切替。バージョン排他は設けない。,Lv.90,捕獲個体＋図鑑登録＋専用素材,共鳴記録／専用技素材／再戦解禁。重複個体は与えない。,反復可,倒した場合の復活フラグ、捕獲後の重複防止、手持ち満杯時のPC送付を共通処理,FLAG_SPECIAL_0985_CAUGHT を両地方で共有,一つのROMで全種入手可能。地方移動前に捕獲済みでもイベントは報酬のみ受領可能。
986,アラブルタケ,パラドックス,no,時代裂け目調査,カントー,ハナダのどうくつ・共鳴裂け目,トーホク,スフィアいせき・裂け目区画,スフィアいせき後,過去・未来チケットで出現群を切替。バージョン排他は設けない。,Lv.90,捕獲個体＋図鑑登録＋専用素材,共鳴記録／専用技素材／再戦解禁。重複個体は与えない。,反復可,倒した場合の復活フラグ、捕獲後の重複防止、手持ち満杯時のPC送付を共通処理,FLAG_SPECIAL_0986_CAUGHT を両地方で共有,一つのROMで全種入手可能。地方移動前に捕獲済みでもイベントは報酬のみ受領可能。
987,ハバタクカミ,パラドックス,no,時代裂け目調査,トーホク,スフィアいせき・裂け目区画,カントー,ハナダのどうくつ・共鳴裂け目,スフィアいせき後,過去・未来チケットで出現群を切替。バージョン排他は設けない。,Lv.90,捕獲個体＋図鑑登録＋専用素材,共鳴記録／専用技素材／再戦解禁。重複個体は与えない。,反復可,倒した場合の復活フラグ、捕獲後の重複防止、手持ち満杯時のPC送付を共通処理,FLAG_SPECIAL_0987_CAUGHT を両地方で共有,一つのROMで全種入手可能。地方移動前に捕獲済みでもイベントは報酬のみ受領可能。
988,チヲハウハネ,パラドックス,no,時代裂け目調査,カントー,ハナダのどうくつ・共鳴裂け目,トーホク,スフィアいせき・裂け目区画,スフィアいせき後,過去・未来チケットで出現群を切替。バージョン排他は設けない。,Lv.90,捕獲個体＋図鑑登録＋専用素材,共鳴記録／専用技素材／再戦解禁。重複個体は与えない。,反復可,倒した場合の復活フラグ、捕獲後の重複防止、手持ち満杯時のPC送付を共通処理,FLAG_SPECIAL_0988_CAUGHT を両地方で共有,一つのROMで全種入手可能。地方移動前に捕獲済みでもイベントは報酬のみ受領可能。
989,スナノケガワ,パラドックス,no,時代裂け目調査,トーホク,スフィアいせき・裂け目区画,カントー,ハナダのどうくつ・共鳴裂け目,スフィアいせき後,過去・未来チケットで出現群を切替。バージョン排他は設けない。,Lv.90,捕獲個体＋図鑑登録＋専用素材,共鳴記録／専用技素材／再戦解禁。重複個体は与えない。,反復可,倒した場合の復活フラグ、捕獲後の重複防止、手持ち満杯時のPC送付を共通処理,FLAG_SPECIAL_0989_CAUGHT を両地方で共有,一つのROMで全種入手可能。地方移動前に捕獲済みでもイベントは報酬のみ受領可能。
990,テツノワダチ,パラドックス,no,時代裂け目調査,カントー,ハナダのどうくつ・共鳴裂け目,トーホク,スフィアいせき・裂け目区画,スフィアいせき後,過去・未来チケットで出現群を切替。バージョン排他は設けない。,Lv.90,捕獲個体＋図鑑登録＋専用素材,共鳴記録／専用技素材／再戦解禁。重複個体は与えない。,反復可,倒した場合の復活フラグ、捕獲後の重複防止、手持ち満杯時のPC送付を共通処理,FLAG_SPECIAL_0990_CAUGHT を両地方で共有,一つのROMで全種入手可能。地方移動前に捕獲済みでもイベントは報酬のみ受領可能。
991,テツノツツミ,パラドックス,no,時代裂け目調査,トーホク,スフィアいせき・裂け目区画,カントー,ハナダのどうくつ・共鳴裂け目,スフィアいせき後,過去・未来チケットで出現群を切替。バージョン排他は設けない。,Lv.90,捕獲個体＋図鑑登録＋専用素材,共鳴記録／専用技素材／再戦解禁。重複個体は与えない。,反復可,倒した場合の復活フラグ、捕獲後の重複防止、手持ち満杯時のPC送付を共通処理,FLAG_SPECIAL_0991_CAUGHT を両地方で共有,一つのROMで全種入手可能。地方移動前に捕獲済みでもイベントは報酬のみ受領可能。
992,テツノカイナ,パラドックス,no,時代裂け目調査,カントー,ハナダのどうくつ・共鳴裂け目,トーホク,スフィアいせき・裂け目区画,スフィアいせき後,過去・未来チケットで出現群を切替。バージョン排他は設けない。,Lv.90,捕獲個体＋図鑑登録＋専用素材,共鳴記録／専用技素材／再戦解禁。重複個体は与えない。,反復可,倒した場合の復活フラグ、捕獲後の重複防止、手持ち満杯時のPC送付を共通処理,FLAG_SPECIAL_0992_CAUGHT を両地方で共有,一つのROMで全種入手可能。地方移動前に捕獲済みでもイベントは報酬のみ受領可能。
993,テツノコウベ,パラドックス,no,時代裂け目調査,トーホク,スフィアいせき・裂け目区画,カントー,ハナダのどうくつ・共鳴裂け目,スフィアいせき後,過去・未来チケットで出現群を切替。バージョン排他は設けない。,Lv.90,捕獲個体＋図鑑登録＋専用素材,共鳴記録／専用技素材／再戦解禁。重複個体は与えない。,反復可,倒した場合の復活フラグ、捕獲後の重複防止、手持ち満杯時のPC送付を共通処理,FLAG_SPECIAL_0993_CAUGHT を両地方で共有,一つのROMで全種入手可能。地方移動前に捕獲済みでもイベントは報酬のみ受領可能。
994,テツノドクガ,パラドックス,no,時代裂け目調査,カントー,ハナダのどうくつ・共鳴裂け目,トーホク,スフィアいせき・裂け目区画,スフィアいせき後,過去・未来チケットで出現群を切替。バージョン排他は設けない。,Lv.90,捕獲個体＋図鑑登録＋専用素材,共鳴記録／専用技素材／再戦解禁。重複個体は与えない。,反復可,倒した場合の復活フラグ、捕獲後の重複防止、手持ち満杯時のPC送付を共通処理,FLAG_SPECIAL_0994_CAUGHT を両地方で共有,一つのROMで全種入手可能。地方移動前に捕獲済みでもイベントは報酬のみ受領可能。
995,テツノイバラ,パラドックス,no,時代裂け目調査,トーホク,スフィアいせき・裂け目区画,カントー,ハナダのどうくつ・共鳴裂け目,スフィアいせき後,過去・未来チケットで出現群を切替。バージョン排他は設けない。,Lv.90,捕獲個体＋図鑑登録＋専用素材,共鳴記録／専用技素材／再戦解禁。重複個体は与えない。,反復可,倒した場合の復活フラグ、捕獲後の重複防止、手持ち満杯時のPC送付を共通処理,FLAG_SPECIAL_0995_CAUGHT を両地方で共有,一つのROMで全種入手可能。地方移動前に捕獲済みでもイベントは報酬のみ受領可能。
1001,チオンジェン,伝説,no,災いの四封,トーホク,トーホク各地の封印祠,カントー,カントー四祠（森・雪・洞窟・火山）,スフィアいせき後,杭は8本×4ではなく、各祠の封印札3枚に圧縮。,Lv.90,捕獲個体＋図鑑登録＋専用素材,共鳴記録／専用技素材／再戦解禁。重複個体は与えない。,1回／倒した場合は殿堂入り再更新で復活,倒した場合の復活フラグ、捕獲後の重複防止、手持ち満杯時のPC送付を共通処理,FLAG_SPECIAL_1001_CAUGHT を両地方で共有,一つのROMで全種入手可能。地方移動前に捕獲済みでもイベントは報酬のみ受領可能。
1002,パオジアン,伝説,no,災いの四封,トーホク,トーホク各地の封印祠,カントー,カントー四祠（森・雪・洞窟・火山）,スフィアいせき後,杭は8本×4ではなく、各祠の封印札3枚に圧縮。,Lv.90,捕獲個体＋図鑑登録＋専用素材,共鳴記録／専用技素材／再戦解禁。重複個体は与えない。,1回／倒した場合は殿堂入り再更新で復活,倒した場合の復活フラグ、捕獲後の重複防止、手持ち満杯時のPC送付を共通処理,FLAG_SPECIAL_1002_CAUGHT を両地方で共有,一つのROMで全種入手可能。地方移動前に捕獲済みでもイベントは報酬のみ受領可能。
1003,ディンルー,伝説,no,災いの四封,トーホク,トーホク各地の封印祠,カントー,カントー四祠（森・雪・洞窟・火山）,スフィアいせき後,杭は8本×4ではなく、各祠の封印札3枚に圧縮。,Lv.90,捕獲個体＋図鑑登録＋専用素材,共鳴記録／専用技素材／再戦解禁。重複個体は与えない。,1回／倒した場合は殿堂入り再更新で復活,倒した場合の復活フラグ、捕獲後の重複防止、手持ち満杯時のPC送付を共通処理,FLAG_SPECIAL_1003_CAUGHT を両地方で共有,一つのROMで全種入手可能。地方移動前に捕獲済みでもイベントは報酬のみ受領可能。
1004,イーユイ,伝説,no,災いの四封,トーホク,トーホク各地の封印祠,カントー,カントー四祠（森・雪・洞窟・火山）,スフィアいせき後,杭は8本×4ではなく、各祠の封印札3枚に圧縮。,Lv.90,捕獲個体＋図鑑登録＋専用素材,共鳴記録／専用技素材／再戦解禁。重複個体は与えない。,1回／倒した場合は殿堂入り再更新で復活,倒した場合の復活フラグ、捕獲後の重複防止、手持ち満杯時のPC送付を共通処理,FLAG_SPECIAL_1004_CAUGHT を両地方で共有,一つのROMで全種入手可能。地方移動前に捕獲済みでもイベントは報酬のみ受領可能。
1005,トドロクツキ,パラドックス,no,時代裂け目調査,トーホク,スフィアいせき・裂け目区画,カントー,ハナダのどうくつ・共鳴裂け目,スフィアいせき後,過去・未来チケットで出現群を切替。バージョン排他は設けない。,Lv.90,捕獲個体＋図鑑登録＋専用素材,共鳴記録／専用技素材／再戦解禁。重複個体は与えない。,反復可,倒した場合の復活フラグ、捕獲後の重複防止、手持ち満杯時のPC送付を共通処理,FLAG_SPECIAL_1005_CAUGHT を両地方で共有,一つのROMで全種入手可能。地方移動前に捕獲済みでもイベントは報酬のみ受領可能。
1006,テツノブジン,パラドックス,no,時代裂け目調査,カントー,ハナダのどうくつ・共鳴裂け目,トーホク,スフィアいせき・裂け目区画,スフィアいせき後,過去・未来チケットで出現群を切替。バージョン排他は設けない。,Lv.90,捕獲個体＋図鑑登録＋専用素材,共鳴記録／専用技素材／再戦解禁。重複個体は与えない。,反復可,倒した場合の復活フラグ、捕獲後の重複防止、手持ち満杯時のPC送付を共通処理,FLAG_SPECIAL_1006_CAUGHT を両地方で共有,一つのROMで全種入手可能。地方移動前に捕獲済みでもイベントは報酬のみ受領可能。
1007,コライドン,伝説,no,過去と未来の走者,トーホク,D・H時空観測室,カントー,17ばんどうろ・時空レース区間,スフィアいせき後＋パラドックス調査,二つの時代座標を安定化し、それぞれ固定戦。,Lv.100,捕獲個体＋図鑑登録＋専用素材,共鳴記録／専用技素材／再戦解禁。重複個体は与えない。,1回／倒した場合は殿堂入り再更新で復活,倒した場合の復活フラグ、捕獲後の重複防止、手持ち満杯時のPC送付を共通処理,FLAG_SPECIAL_1007_CAUGHT を両地方で共有,一つのROMで全種入手可能。地方移動前に捕獲済みでもイベントは報酬のみ受領可能。
1008,ミライドン,伝説,no,過去と未来の走者,カントー,17ばんどうろ・時空レース区間,トーホク,D・H時空観測室,スフィアいせき後＋パラドックス調査,二つの時代座標を安定化し、それぞれ固定戦。,Lv.100,捕獲個体＋図鑑登録＋専用素材,共鳴記録／専用技素材／再戦解禁。重複個体は与えない。,1回／倒した場合は殿堂入り再更新で復活,倒した場合の復活フラグ、捕獲後の重複防止、手持ち満杯時のPC送付を共通処理,FLAG_SPECIAL_1008_CAUGHT を両地方で共有,一つのROMで全種入手可能。地方移動前に捕獲済みでもイベントは報酬のみ受領可能。
1009,ウネルミナモ,パラドックス,no,時代裂け目調査,トーホク,スフィアいせき・裂け目区画,カントー,ハナダのどうくつ・共鳴裂け目,スフィアいせき後,過去・未来チケットで出現群を切替。バージョン排他は設けない。,Lv.90,捕獲個体＋図鑑登録＋専用素材,共鳴記録／専用技素材／再戦解禁。重複個体は与えない。,反復可,倒した場合の復活フラグ、捕獲後の重複防止、手持ち満杯時のPC送付を共通処理,FLAG_SPECIAL_1009_CAUGHT を両地方で共有,一つのROMで全種入手可能。地方移動前に捕獲済みでもイベントは報酬のみ受領可能。
1010,テツノイサハ,パラドックス,no,時代裂け目調査,カントー,ハナダのどうくつ・共鳴裂け目,トーホク,スフィアいせき・裂け目区画,スフィアいせき後,過去・未来チケットで出現群を切替。バージョン排他は設けない。,Lv.90,捕獲個体＋図鑑登録＋専用素材,共鳴記録／専用技素材／再戦解禁。重複個体は与えない。,反復可,倒した場合の復活フラグ、捕獲後の重複防止、手持ち満杯時のPC送付を共通処理,FLAG_SPECIAL_1010_CAUGHT を両地方で共有,一つのROMで全種入手可能。地方移動前に捕獲済みでもイベントは報酬のみ受領可能。
1014,イイネイヌ,伝説,no,仮面祭とくさりもち,トーホク,ハクジタウン祭会場＋ハクジのもり,カントー,タマムシ広場＋トキワのもり,殿堂入り＋研究ランク5,オーガポンを先に保護し、三体、最後にモモワロウ。仮面はイベント中に入手。,Lv.75,捕獲個体＋図鑑登録＋専用素材,共鳴記録／専用技素材／再戦解禁。重複個体は与えない。,1回／倒した場合は殿堂入り再更新で復活,倒した場合の復活フラグ、捕獲後の重複防止、手持ち満杯時のPC送付を共通処理,FLAG_SPECIAL_1014_CAUGHT を両地方で共有,一つのROMで全種入手可能。地方移動前に捕獲済みでもイベントは報酬のみ受領可能。
1015,マシマシラ,伝説,no,仮面祭とくさりもち,トーホク,ハクジタウン祭会場＋ハクジのもり,カントー,タマムシ広場＋トキワのもり,殿堂入り＋研究ランク5,オーガポンを先に保護し、三体、最後にモモワロウ。仮面はイベント中に入手。,Lv.75,捕獲個体＋図鑑登録＋専用素材,共鳴記録／専用技素材／再戦解禁。重複個体は与えない。,1回／倒した場合は殿堂入り再更新で復活,倒した場合の復活フラグ、捕獲後の重複防止、手持ち満杯時のPC送付を共通処理,FLAG_SPECIAL_1015_CAUGHT を両地方で共有,一つのROMで全種入手可能。地方移動前に捕獲済みでもイベントは報酬のみ受領可能。
1016,キチキギス,伝説,no,仮面祭とくさりもち,トーホク,ハクジタウン祭会場＋ハクジのもり,カントー,タマムシ広場＋トキワのもり,殿堂入り＋研究ランク5,オーガポンを先に保護し、三体、最後にモモワロウ。仮面はイベント中に入手。,Lv.75,捕獲個体＋図鑑登録＋専用素材,共鳴記録／専用技素材／再戦解禁。重複個体は与えない。,1回／倒した場合は殿堂入り再更新で復活,倒した場合の復活フラグ、捕獲後の重複防止、手持ち満杯時のPC送付を共通処理,FLAG_SPECIAL_1016_CAUGHT を両地方で共有,一つのROMで全種入手可能。地方移動前に捕獲済みでもイベントは報酬のみ受領可能。
1017,オーガポン,伝説,no,仮面祭とくさりもち,トーホク,ハクジタウン祭会場＋ハクジのもり,カントー,タマムシ広場＋トキワのもり,殿堂入り＋研究ランク5,オーガポンを先に保護し、三体、最後にモモワロウ。仮面はイベント中に入手。,Lv.75,捕獲個体＋図鑑登録＋専用素材,共鳴記録／専用技素材／再戦解禁。重複個体は与えない。,1回／倒した場合は殿堂入り再更新で復活,倒した場合の復活フラグ、捕獲後の重複防止、手持ち満杯時のPC送付を共通処理,FLAG_SPECIAL_1017_CAUGHT を両地方で共有,一つのROMで全種入手可能。地方移動前に捕獲済みでもイベントは報酬のみ受領可能。
1020,ウガツホムラ,パラドックス,no,時代裂け目調査,カントー,ハナダのどうくつ・共鳴裂け目,トーホク,スフィアいせき・裂け目区画,スフィアいせき後,過去・未来チケットで出現群を切替。バージョン排他は設けない。,Lv.90,捕獲個体＋図鑑登録＋専用素材,共鳴記録／専用技素材／再戦解禁。重複個体は与えない。,反復可,倒した場合の復活フラグ、捕獲後の重複防止、手持ち満杯時のPC送付を共通処理,FLAG_SPECIAL_1020_CAUGHT を両地方で共有,一つのROMで全種入手可能。地方移動前に捕獲済みでもイベントは報酬のみ受領可能。
1021,タケルライコ,パラドックス,no,時代裂け目調査,トーホク,スフィアいせき・裂け目区画,カントー,ハナダのどうくつ・共鳴裂け目,スフィアいせき後,過去・未来チケットで出現群を切替。バージョン排他は設けない。,Lv.90,捕獲個体＋図鑑登録＋専用素材,共鳴記録／専用技素材／再戦解禁。重複個体は与えない。,反復可,倒した場合の復活フラグ、捕獲後の重複防止、手持ち満杯時のPC送付を共通処理,FLAG_SPECIAL_1021_CAUGHT を両地方で共有,一つのROMで全種入手可能。地方移動前に捕獲済みでもイベントは報酬のみ受領可能。
1022,テツノイワオ,パラドックス,no,時代裂け目調査,カントー,ハナダのどうくつ・共鳴裂け目,トーホク,スフィアいせき・裂け目区画,スフィアいせき後,過去・未来チケットで出現群を切替。バージョン排他は設けない。,Lv.90,捕獲個体＋図鑑登録＋専用素材,共鳴記録／専用技素材／再戦解禁。重複個体は与えない。,反復可,倒した場合の復活フラグ、捕獲後の重複防止、手持ち満杯時のPC送付を共通処理,FLAG_SPECIAL_1022_CAUGHT を両地方で共有,一つのROMで全種入手可能。地方移動前に捕獲済みでもイベントは報酬のみ受領可能。
1023,テツノカシラ,パラドックス,no,時代裂け目調査,トーホク,スフィアいせき・裂け目区画,カントー,ハナダのどうくつ・共鳴裂け目,スフィアいせき後,過去・未来チケットで出現群を切替。バージョン排他は設けない。,Lv.90,捕獲個体＋図鑑登録＋専用素材,共鳴記録／専用技素材／再戦解禁。重複個体は与えない。,反復可,倒した場合の復活フラグ、捕獲後の重複防止、手持ち満杯時のPC送付を共通処理,FLAG_SPECIAL_1023_CAUGHT を両地方で共有,一つのROMで全種入手可能。地方移動前に捕獲済みでもイベントは報酬のみ受領可能。
1024,テラパゴス,伝説,no,結晶の中心,トーホク,スフィアいせき結晶層,カントー,ハナダのどうくつ結晶層,テラオーブ解禁＋研究ランク5,結晶を3箇所安定化して固定戦。,Lv.100,捕獲個体＋図鑑登録＋専用素材,共鳴記録／専用技素材／再戦解禁。重複個体は与えない。,1回／倒した場合は殿堂入り再更新で復活,倒した場合の復活フラグ、捕獲後の重複防止、手持ち満杯時のPC送付を共通処理,FLAG_SPECIAL_1024_CAUGHT を両地方で共有,一つのROMで全種入手可能。地方移動前に捕獲済みでもイベントは報酬のみ受領可能。
1025,モモワロウ,幻,no,仮面祭とくさりもち,トーホク,ハクジタウン祭会場＋ハクジのもり,カントー,タマムシ広場＋トキワのもり,殿堂入り＋研究ランク5,オーガポンを先に保護し、三体、最後にモモワロウ。仮面はイベント中に入手。,Lv.80,捕獲個体＋図鑑登録＋専用素材,共鳴記録／専用技素材／再戦解禁。重複個体は与えない。,1回／倒した場合は殿堂入り再更新で復活,倒した場合の復活フラグ、捕獲後の重複防止、手持ち満杯時のPC送付を共通処理,FLAG_SPECIAL_1025_CAUGHT を両地方で共有,一つのROMで全種入手可能。地方移動前に捕獲済みでもイベントは報酬のみ受領可能。
