table_key,group_id,map_id,profile,slot_count,source_address,source_sha256,fallback_policy,status,notes
TABLE_KEY_VEGA_02_027_LAND,2,27,LAND,12,0x838e21c,14252b6fdeb777e0e7c48c00d8e34eab233ce7200c622e74f69d8214411d6296,BYTE_EQUIVALENT_NORMAL,PRESERVED,T16 overlay disabled時は既存tableをそのまま選択
TABLE_KEY_VEGA_02_028_LAND,2,28,LAND,12,0x838e254,97b1d2f0e6c7b8f8e55894be626c656dd1c2b93b7f0556f8f19abc6b4699ebdc,BYTE_EQUIVALENT_NORMAL,PRESERVED,T16 overlay disabled時は既存tableをそのまま選択
TABLE_KEY_VEGA_02_029_LAND,2,29,LAND,12,0x838e28c,2d3fdc0d090e435b06274f2abe5b839426d7ac92766ac861e9d005740c7f02f5,BYTE_EQUIVALENT_NORMAL,PRESERVED,T16 overlay disabled時は既存tableをそのまま選択
TABLE_KEY_VEGA_02_030_LAND,2,30,LAND,12,0x838e2c4,5606c8be30eba32c6d2f8a42893296cdea298e4480856cb1bacd3b3370d447c6,BYTE_EQUIVALENT_NORMAL,PRESERVED,T16 overlay disabled時は既存tableをそのまま選択
TABLE_KEY_VEGA_02_031_LAND,2,31,LAND,12,0x838e2fc,5c52102b434bf3d43ba9893e61db52dd12bca65c8194be0555e1140bc8fdfdd0,BYTE_EQUIVALENT_NORMAL,PRESERVED,T16 overlay disabled時は既存tableをそのまま選択
TABLE_KEY_VEGA_02_032_LAND,2,32,LAND,12,0x838e334,c7ca4474d91b570fafb78849a091c7a758fb012be55a08a6883b28d0a8967f81,BYTE_EQUIVALENT_NORMAL,PRESERVED,T16 overlay disabled時は既存tableをそのまま選択
TABLE_KEY_VEGA_02_033_LAND,2,33,LAND,12,0x838e36c,5a791512d75e3e51253028c8213fa6157cc1b46ccf6813a1e78a7780eb17e997,BYTE_EQUIVALENT_NORMAL,PRESERVED,T16 overlay disabled時は既存tableをそのまま選択
TABLE_KEY_VEGA_01_000_LAND,1,0,LAND,12,0x838e3a4,3359b5d7e7ed9d1e4654f5867b9c774f5bb701a1b2136ac99d2ae4806f30eade,BYTE_EQUIVALENT_NORMAL,PRESERVED,T16 overlay disabled時は既存tableをそのまま選択
TABLE_KEY_VEGA_01_001_LAND,1,1,LAND,12,0x838e3dc,436d22f6f0e5e0ffca830b42dfbe70190c29e148cd8154013e34a1c92834854d,BYTE_EQUIVALENT_NORMAL,PRESERVED,T16 overlay disabled時は既存tableをそのまま選択
TABLE_KEY_VEGA_01_002_LAND,1,2,LAND,12,0x838e414,a423795dee72d967aa8371f81068bed2b058fbc5d36ca34517422a328fc5524b,BYTE_EQUIVALENT_NORMAL,PRESERVED,T16 overlay disabled時は既存tableをそのまま選択
TABLE_KEY_VEGA_01_003_LAND,1,3,LAND,12,0x838e44c,43f88fe4e410b2ba530d8919b900bfee12ab9dba0b84623e7f2a7a203cfb4ee5,BYTE_EQUIVALENT_NORMAL,PRESERVED,T16 overlay disabled時は既存tableをそのまま選択
TABLE_KEY_VEGA_01_004_LAND,1,4,LAND,12,0x838fff0,f13f77744bcd1e6af5548b86753d5873c5263119612e6f142601a31e2261ad1e,BYTE_EQUIVALENT_NORMAL,PRESERVED,T16 overlay disabled時は既存tableをそのまま選択
TABLE_KEY_VEGA_01_037_LAND,1,37,LAND,12,0x838e4d0,2857e565357e102dc63333e05a22f45a910c2b8ad7c40bd757775ebbf24342a4,BYTE_EQUIVALENT_NORMAL,PRESERVED,T16 overlay disabled時は既存tableをそのまま選択
TABLE_KEY_VEGA_01_037_ROCK,1,37,ROCK,5,0x838e8f4,6339c79f0abe57ee02947a75e7c932188525c107a787cdc707e54f459d95a457,BYTE_EQUIVALENT_NORMAL,PRESERVED,T16 overlay disabled時は既存tableをそのまま選択
TABLE_KEY_VEGA_01_039_LAND,1,39,LAND,12,0x838e508,de89c5c72dabe585e30465bfe0a7df3c1b1064be7af3f8a69888dfc6fb685c39,BYTE_EQUIVALENT_NORMAL,PRESERVED,T16 overlay disabled時は既存tableをそのまま選択
TABLE_KEY_VEGA_01_040_LAND,1,40,LAND,12,0x838e540,231beb8d49610621641f990e8af5f7d513ab6de529440ed14741001fc19b4888,BYTE_EQUIVALENT_NORMAL,PRESERVED,T16 overlay disabled時は既存tableをそのまま選択
TABLE_KEY_VEGA_01_041_LAND,1,41,LAND,12,0x838e578,c341cd75086979f39d425b5e74d7365c8014625c7c4b5e2bc871994437265b8a,BYTE_EQUIVALENT_NORMAL,PRESERVED,T16 overlay disabled時は既存tableをそのまま選択
TABLE_KEY_VEGA_01_059_LAND,1,59,LAND,12,0x838e5b0,a0ad84796bfdd5926caf467f26f859e41577c0ec5fc786408b359575a582c02a,BYTE_EQUIVALENT_NORMAL,PRESERVED,T16 overlay disabled時は既存tableをそのまま選択
TABLE_KEY_VEGA_01_060_LAND,1,60,LAND,12,0x838e5e8,e9915f1cebc28926d4e211917a2bd1a3f6bfe8d24b6e1e4da2b5950ba2364822,BYTE_EQUIVALENT_NORMAL,PRESERVED,T16 overlay disabled時は既存tableをそのまま選択
TABLE_KEY_VEGA_01_061_LAND,1,61,LAND,12,0x838e620,12e162fe91153496cf2124adb4419c7a9b631323aa07990eac005d3ceeea0e37,BYTE_EQUIVALENT_NORMAL,PRESERVED,T16 overlay disabled時は既存tableをそのまま選択
TABLE_KEY_VEGA_01_062_LAND,1,62,LAND,12,0x838e658,00b04053641fa0bb5ce349a9e85806f1b3d51b8ad2b332ae5153fdf5de5c32ca,BYTE_EQUIVALENT_NORMAL,PRESERVED,T16 overlay disabled時は既存tableをそのまま選択
TABLE_KEY_VEGA_01_062_ROCK,1,62,ROCK,5,0x838e9e8,d56a2f8921b8a05d6878d34216bad433ee77c77a7bcd1a5c76837924179976e0,BYTE_EQUIVALENT_NORMAL,PRESERVED,T16 overlay disabled時は既存tableをそのまま選択
TABLE_KEY_VEGA_01_063_LAND,1,63,LAND,12,0x838e690,a957daee74ea5f2cdd1b2dd5b202cb6278869af1857377635fc7f10a078b0a4e,BYTE_EQUIVALENT_NORMAL,PRESERVED,T16 overlay disabled時は既存tableをそのまま選択
TABLE_KEY_VEGA_01_064_LAND,1,64,LAND,12,0x838e714,f51171a5465b203eb5ac4136af54c5b5e674e26ee6e583783fbbd6bf3a53a7c6,BYTE_EQUIVALENT_NORMAL,PRESERVED,T16 overlay disabled時は既存tableをそのまま選択
TABLE_KEY_VEGA_01_064_WATER,1,64,WATER,5,0x838e74c,54eb9d8941ee8515dc70258fbbbc4336654374a04bf98ec1154cc0bd21e522fb,BYTE_EQUIVALENT_NORMAL,PRESERVED,T16 overlay disabled時は既存tableをそのまま選択
TABLE_KEY_VEGA_01_064_FISHING,1,64,FISHING,10,0x838e768,feff6ff56771a97a670f00f25f581899617671e5898e9b770cd84deaea71ca53,BYTE_EQUIVALENT_NORMAL,PRESERVED,T16 overlay disabled時は既存tableをそのまま選択
TABLE_KEY_VEGA_01_065_LAND,1,65,LAND,12,0x838e798,19b3c2dc217b6856b9517459a884606d7ea5dd1bc89511a9d4787599a3ed0384,BYTE_EQUIVALENT_NORMAL,PRESERVED,T16 overlay disabled時は既存tableをそのまま選択
TABLE_KEY_VEGA_01_066_LAND,1,66,LAND,12,0x838e81c,ef9cd0a5f69953242be4179f10e00e70bae3692d3cc7d8e8de48b3430de2f6d7,BYTE_EQUIVALENT_NORMAL,PRESERVED,T16 overlay disabled時は既存tableをそのまま選択
TABLE_KEY_VEGA_03_046_LAND,3,46,LAND,12,0x838e8a0,7c002f5a4f54ce3744e5ccfaacfec3d7d1dd8e406b78bbb16c834766744b47d6,BYTE_EQUIVALENT_NORMAL,PRESERVED,T16 overlay disabled時は既存tableをそのまま選択
TABLE_KEY_VEGA_01_073_LAND,1,73,LAND,12,0x838e940,a00bb6dc36fc0712ac9a7464cb40c6512caf9af3693fe48ac5d574d5ed6ec907,BYTE_EQUIVALENT_NORMAL,PRESERVED,T16 overlay disabled時は既存tableをそのまま選択
TABLE_KEY_VEGA_03_047_LAND,3,47,LAND,12,0x838e994,9a598fa27369d249a5fe948fc96ce0b7ad5e29154b8c16adea7c2bc959043fb2,BYTE_EQUIVALENT_NORMAL,PRESERVED,T16 overlay disabled時は既存tableをそのまま選択
TABLE_KEY_VEGA_01_081_LAND,1,81,LAND,12,0x838ea34,a3830957c288c5a840408dc497aa7905bf8bccc4be8cafdeffffe29396d52aea,BYTE_EQUIVALENT_NORMAL,PRESERVED,T16 overlay disabled時は既存tableをそのまま選択
TABLE_KEY_VEGA_01_082_LAND,1,82,LAND,12,0x838ea6c,406ed60f22791fd6ee4e3345161100aca7c4426a9faad59fbb3c2b61f199b0be,BYTE_EQUIVALENT_NORMAL,PRESERVED,T16 overlay disabled時は既存tableをそのまま選択
TABLE_KEY_VEGA_01_083_LAND,1,83,LAND,12,0x838eac0,af6a6a4c76d812449799c591e2d3d77cb997b9018229801f9ec46cbe47b64bb2,BYTE_EQUIVALENT_NORMAL,PRESERVED,T16 overlay disabled時は既存tableをそのまま選択
TABLE_KEY_VEGA_01_083_ROCK,1,83,ROCK,5,0x838eaa4,77a9568f81d96a51e733ad505ad337632545a4d3d99ff4a9a8ea07fec93ccc43,BYTE_EQUIVALENT_NORMAL,PRESERVED,T16 overlay disabled時は既存tableをそのまま選択
TABLE_KEY_VEGA_01_084_LAND,1,84,LAND,12,0x838eaf8,c557a6ee5350a277c16dd48da3450a7a4b7a24fa72d80f0ec106cc111e1ada9d,BYTE_EQUIVALENT_NORMAL,PRESERVED,T16 overlay disabled時は既存tableをそのまま選択
TABLE_KEY_VEGA_01_084_ROCK,1,84,ROCK,5,0x838e978,671fe437a2331e1ba6727a5e68f05ec599d4a6498da1abbd79cc628304c4d507,BYTE_EQUIVALENT_NORMAL,PRESERVED,T16 overlay disabled時は既存tableをそのまま選択
TABLE_KEY_VEGA_01_085_LAND,1,85,LAND,12,0x838eb30,ded95c694235bfea8e4ca4a0ff5801610502039b9de636a9ef51c4667ef44f98,BYTE_EQUIVALENT_NORMAL,PRESERVED,T16 overlay disabled時は既存tableをそのまま選択
TABLE_KEY_VEGA_01_086_LAND,1,86,LAND,12,0x838eb68,efa8fb7074d7fa8309432bd0a285aeb3c689843c7cb9ab0b9f1cb962d804247d,BYTE_EQUIVALENT_NORMAL,PRESERVED,T16 overlay disabled時は既存tableをそのまま選択
TABLE_KEY_VEGA_01_087_LAND,1,87,LAND,12,0x838ebec,dd991ca3caef20f7d3f2ec4694c094f9bb74e7f886d497b548c65d9d2e9b42ae,BYTE_EQUIVALENT_NORMAL,PRESERVED,T16 overlay disabled時は既存tableをそのまま選択
TABLE_KEY_VEGA_00_000_LAND,0,0,LAND,12,0x838ec70,0a37b165548a6668f5739c887cfc91e6d515b22818286402cc32f82a3ca1f966,BYTE_EQUIVALENT_NORMAL,PRESERVED,T16 overlay disabled時は既存tableをそのまま選択
TABLE_KEY_VEGA_00_000_LAND,0,0,LAND,12,0x838eca8,50cded1f025e8fc782780ba473ea626390b0a67b9fb62ab3b9b782384da4903f,BYTE_EQUIVALENT_NORMAL,PRESERVED,T16 overlay disabled時は既存tableをそのまま選択
TABLE_KEY_VEGA_00_000_LAND,0,0,LAND,12,0x838ece0,0b109ddfcf7a5507816075f9f025727dfd2e8a18940be580d8be2ca9110fd28b,BYTE_EQUIVALENT_NORMAL,PRESERVED,T16 overlay disabled時は既存tableをそのまま選択
TABLE_KEY_VEGA_00_000_LAND,0,0,LAND,12,0x838ed18,2289b1ec4f97861eff4e2e638d87d148c052f7be78e6d2c520a9521ee54e4685,BYTE_EQUIVALENT_NORMAL,PRESERVED,T16 overlay disabled時は既存tableをそのまま選択
TABLE_KEY_VEGA_00_000_LAND,0,0,LAND,12,0x838ed50,29aaeb4a885df9c0066fd6e27ad0577d15ced0fb692134be8eab87de999187e8,BYTE_EQUIVALENT_NORMAL,PRESERVED,T16 overlay disabled時は既存tableをそのまま選択
TABLE_KEY_VEGA_01_054_LAND,1,54,LAND,12,0x83900f8,53624085d866703c039e796c190cd7ea2faee7bd52cb89e0678baf09f333b4ce,BYTE_EQUIVALENT_NORMAL,PRESERVED,T16 overlay disabled時は既存tableをそのまま選択
TABLE_KEY_VEGA_03_036_LAND,3,36,LAND,12,0x838edc0,29270b25a1cb94c005260d94fb1b35a10a197cb58f8ab8216ee0e3c162e9fa71,BYTE_EQUIVALENT_NORMAL,PRESERVED,T16 overlay disabled時は既存tableをそのまま選択
TABLE_KEY_VEGA_03_036_ROCK,3,36,ROCK,5,0x838edf8,101e3c3663c4d023995a0b4281a4876673f0a47803591533c11de2c0f38b1a54,BYTE_EQUIVALENT_NORMAL,PRESERVED,T16 overlay disabled時は既存tableをそのまま選択
TABLE_KEY_VEGA_01_109_LAND,1,109,LAND,12,0x838ee14,3961655848e08cc70fb3506b931126ce05ae6dc5f459125f453a669cb013624e,BYTE_EQUIVALENT_NORMAL,PRESERVED,T16 overlay disabled時は既存tableをそのまま選択
TABLE_KEY_VEGA_03_001_ROCK,3,1,ROCK,5,0x838ee84,486cdf5f0d8782e31f2803664d948396261e7ee5c055369367a3ab71b33aaa4e,BYTE_EQUIVALENT_NORMAL,PRESERVED,T16 overlay disabled時は既存tableをそのまま選択
TABLE_KEY_VEGA_01_005_LAND,1,5,LAND,12,0x838eea0,53f700898ae6b3ad2cb9a275e0a6d9220772f3678270be082e9d8bbc93e8f3e2,BYTE_EQUIVALENT_NORMAL,PRESERVED,T16 overlay disabled時は既存tableをそのまま選択
TABLE_KEY_VEGA_20_000_LAND,20,0,LAND,12,0x838eed8,dcb01820c3bb5420af8b173cdd2b14c90ac10a6527faa5c72df03574c654e319,BYTE_EQUIVALENT_NORMAL,PRESERVED,T16 overlay disabled時は既存tableをそのまま選択
TABLE_KEY_VEGA_20_000_ROCK,20,0,ROCK,5,0x838ef10,d40012c15fdec4e375b28021098c499de8d762082a88f6a93a55c1bfe388dcb3,BYTE_EQUIVALENT_NORMAL,PRESERVED,T16 overlay disabled時は既存tableをそのまま選択
TABLE_KEY_VEGA_01_012_LAND,1,12,LAND,12,0x838ef2c,2ff1e9dc444ac144ac501194698f6f23dd23a66e261cc6a07fa62d9c9a81aa19,BYTE_EQUIVALENT_NORMAL,PRESERVED,T16 overlay disabled時は既存tableをそのまま選択
TABLE_KEY_VEGA_01_012_ROCK,1,12,ROCK,5,0x838ef64,068aa04b8f7bbd2c1e8a31e680566737e810d7a18faf00b5020975573f666b10,BYTE_EQUIVALENT_NORMAL,PRESERVED,T16 overlay disabled時は既存tableをそのまま選択
TABLE_KEY_VEGA_01_034_LAND,1,34,LAND,12,0x838ef80,8bc7d0ca29e18ed64ad6839eda3b618ec0fbdde908c66f086aae80b9b71320a5,BYTE_EQUIVALENT_NORMAL,PRESERVED,T16 overlay disabled時は既存tableをそのまま選択
TABLE_KEY_VEGA_01_034_ROCK,1,34,ROCK,5,0x838efb8,bd06581c7a34869365f67f30c1284210479f2f186cb832e8ed5ce7383f5018ad,BYTE_EQUIVALENT_NORMAL,PRESERVED,T16 overlay disabled時は既存tableをそのまま選択
TABLE_KEY_VEGA_01_031_LAND,1,31,LAND,12,0x838efd4,2d5b86ca547420f8582d1e9504fcb3c63a36855c7abaf74cda8a547445878da3,BYTE_EQUIVALENT_NORMAL,PRESERVED,T16 overlay disabled時は既存tableをそのまま選択
TABLE_KEY_VEGA_01_031_ROCK,1,31,ROCK,5,0x838f00c,94d62998172a7291dcd6a50aceada87a0fac14f608dad20e5b95169156dec6b0,BYTE_EQUIVALENT_NORMAL,PRESERVED,T16 overlay disabled時は既存tableをそのまま選択
TABLE_KEY_VEGA_24_000_LAND,24,0,LAND,12,0x838f028,7fbdd9570d56d2ccb1e5565e4c6a34214bed40811b689c17de514a7087d9c08a,BYTE_EQUIVALENT_NORMAL,PRESERVED,T16 overlay disabled時は既存tableをそのまま選択
TABLE_KEY_VEGA_24_000_ROCK,24,0,ROCK,5,0x838f060,985158607dd35c15f661c7af2e484ac5d595c8699725c24820ab959fe8eeb450,BYTE_EQUIVALENT_NORMAL,PRESERVED,T16 overlay disabled時は既存tableをそのまま選択
TABLE_KEY_VEGA_03_044_LAND,3,44,LAND,12,0x838ee4c,3cb9ea0bc15db70f1b89e09f5301892b831976af82efc57175a72ec54a64d4fd,BYTE_EQUIVALENT_NORMAL,PRESERVED,T16 overlay disabled時は既存tableをそのまま選択
TABLE_KEY_VEGA_03_042_LAND,3,42,LAND,12,0x838ff6c,8a132419c043c23b5768ede6c245bac03a6b20696e0bf0b0d70f8e2476424d50,BYTE_EQUIVALENT_NORMAL,PRESERVED,T16 overlay disabled時は既存tableをそのまま選択
TABLE_KEY_VEGA_03_045_LAND,3,45,LAND,12,0x838f154,0cca839ca905a65aa80c615282e4d54ab002f0e1e98c2120b3cc376eb3547a28,BYTE_EQUIVALENT_NORMAL,PRESERVED,T16 overlay disabled時は既存tableをそのまま選択
TABLE_KEY_VEGA_03_045_WATER,3,45,WATER,5,0x838f18c,b2c3860a28aab572f59b5ce6fc394a70affad2919c0563460bb24633a1174971,BYTE_EQUIVALENT_NORMAL,PRESERVED,T16 overlay disabled時は既存tableをそのまま選択
TABLE_KEY_VEGA_03_045_FISHING,3,45,FISHING,10,0x838f1a8,cd20dd0cb3227488a7dc51113da2b9cc4cfdd77490a0f33c3d1243c277e1dadc,BYTE_EQUIVALENT_NORMAL,PRESERVED,T16 overlay disabled時は既存tableをそのまま選択
TABLE_KEY_VEGA_01_006_LAND,1,6,LAND,12,0x838f1d8,a8b9c084b5ff50fd326900af8d4fd10ee3950f8aa36aa7401d6602bdc1ce5537,BYTE_EQUIVALENT_NORMAL,PRESERVED,T16 overlay disabled時は既存tableをそのまま選択
TABLE_KEY_VEGA_01_110_LAND,1,110,LAND,12,0x838f210,5375e3ae53f68d30ede9522708b3b8dafa3179708c3889ba563be014aa91325a,BYTE_EQUIVALENT_NORMAL,PRESERVED,T16 overlay disabled時は既存tableをそのまま選択
TABLE_KEY_VEGA_00_000_LAND,0,0,LAND,12,0x838f248,0b17f6d0382c9747b784cf0286b1d33ae31582c7e949bca20dde4ef6b70db234,BYTE_EQUIVALENT_NORMAL,PRESERVED,T16 overlay disabled時は既存tableをそのまま選択
TABLE_KEY_VEGA_00_000_WATER,0,0,WATER,5,0x838f280,2fa6042aa55d4186b3a54d10457c9a205b1855bbc5dc1c26eea982d4532c55dd,BYTE_EQUIVALENT_NORMAL,PRESERVED,T16 overlay disabled時は既存tableをそのまま選択
TABLE_KEY_VEGA_00_000_FISHING,0,0,FISHING,10,0x838f29c,0112edf47e7f606d22983a376d5728b32c9ab7e478f0ded4a93fc14646984bd0,BYTE_EQUIVALENT_NORMAL,PRESERVED,T16 overlay disabled時は既存tableをそのまま選択
TABLE_KEY_VEGA_03_056_LAND,3,56,LAND,12,0x838f2cc,8ce21dc2418f2689f0aa1031a3b287c06955c692c71c0e2cc814202cd4d5e2c7,BYTE_EQUIVALENT_NORMAL,PRESERVED,T16 overlay disabled時は既存tableをそのまま選択
TABLE_KEY_VEGA_01_052_LAND,1,52,LAND,12,0x838f304,0bac972c03a15e28311fffc0ab894abe418381a0535bcb9f046bfe2efc9b5258,BYTE_EQUIVALENT_NORMAL,PRESERVED,T16 overlay disabled時は既存tableをそのまま選択
TABLE_KEY_VEGA_03_061_LAND,3,61,LAND,12,0x838f33c,7ebc40f694a4e74d447f9860ffddc6e8d13fb73c2d740170db979845844f7490,BYTE_EQUIVALENT_NORMAL,PRESERVED,T16 overlay disabled時は既存tableをそのまま選択
TABLE_KEY_VEGA_01_007_LAND,1,7,LAND,12,0x838f374,7b743a57793ded65fae5f79733650e56c81f41c00c44b8af059906f6529bf559,BYTE_EQUIVALENT_NORMAL,PRESERVED,T16 overlay disabled時は既存tableをそのまま選択
TABLE_KEY_VEGA_03_063_LAND,3,63,LAND,12,0x838f3ac,4dabfe0f9a79e18547211ae9854d54ca6ee1c03d0dfcda8df4621641d0706643,BYTE_EQUIVALENT_NORMAL,PRESERVED,T16 overlay disabled時は既存tableをそのまま選択
TABLE_KEY_VEGA_03_048_LAND,3,48,LAND,12,0x838f3e4,ca11cbc3c9d60b7cc94d39600e1539264d2ec21df1d30e46b1fba3ea621a6286,BYTE_EQUIVALENT_NORMAL,PRESERVED,T16 overlay disabled時は既存tableをそのまま選択
TABLE_KEY_VEGA_01_097_LAND,1,97,LAND,12,0x838f41c,506ca4d127e70ff5029d2957aecc2c7a80dcd4735ed304328b4e089371b3a8a0,BYTE_EQUIVALENT_NORMAL,PRESERVED,T16 overlay disabled時は既存tableをそのまま選択
TABLE_KEY_VEGA_03_057_LAND,3,57,LAND,12,0x838f454,8f6c4432573d9bba2c57c6c1b97bb8aa844c5e5eb3553478e8f071d1d708c6ee,BYTE_EQUIVALENT_NORMAL,PRESERVED,T16 overlay disabled時は既存tableをそのまま選択
TABLE_KEY_VEGA_03_058_LAND,3,58,LAND,12,0x838f48c,be4ca8d1ed2951f6422aaaa84394b1c623b499b9dcb1f0c366a20236b7831767,BYTE_EQUIVALENT_NORMAL,PRESERVED,T16 overlay disabled時は既存tableをそのまま選択
TABLE_KEY_VEGA_01_008_LAND,1,8,LAND,12,0x838f4c4,afa6753fc668ba99e875ca1ff55280d6c557f8fade62e56ab5e2eeea123a970c,BYTE_EQUIVALENT_NORMAL,PRESERVED,T16 overlay disabled時は既存tableをそのまま選択
TABLE_KEY_VEGA_03_060_LAND,3,60,LAND,12,0x838f4fc,45d7ac2a2e912311904699da71ea4b1e935cac9b3d89f502196e343553c17734,BYTE_EQUIVALENT_NORMAL,PRESERVED,T16 overlay disabled時は既存tableをそのまま選択
TABLE_KEY_VEGA_03_062_LAND,3,62,LAND,12,0x838f534,1e4debcbafdecb4de5aa1e6f822ed0a313426feb0eb33ded45506744982904f6,BYTE_EQUIVALENT_NORMAL,PRESERVED,T16 overlay disabled時は既存tableをそのまま選択
TABLE_KEY_VEGA_01_056_LAND,1,56,LAND,12,0x838f56c,3a8e066e5fa9a3d12c675163cd8b9a467346b58025fd2b516a675b1471e2258a,BYTE_EQUIVALENT_NORMAL,PRESERVED,T16 overlay disabled時は既存tableをそのまま選択
TABLE_KEY_VEGA_01_055_LAND,1,55,LAND,12,0x838f5a4,467dee1ab2534de050202291102582f734cecd3c3b3b35da820f85b3b29ba66e,BYTE_EQUIVALENT_NORMAL,PRESERVED,T16 overlay disabled時は既存tableをそのまま選択
TABLE_KEY_VEGA_01_099_LAND,1,99,LAND,12,0x838f5dc,d0e9d1b9d56d4d0e60fe92369122c415f2e70b3546fd5bb3942fc7a4b95132a1,BYTE_EQUIVALENT_NORMAL,PRESERVED,T16 overlay disabled時は既存tableをそのまま選択
TABLE_KEY_VEGA_03_064_LAND,3,64,LAND,12,0x838f614,726af2536daa2c80b10fcd1418e10b3d0078168605c47985f40a47ae99187037,BYTE_EQUIVALENT_NORMAL,PRESERVED,T16 overlay disabled時は既存tableをそのまま選択
TABLE_KEY_VEGA_03_064_ROCK,3,64,ROCK,5,0x838f668,c383872adcd71b33b74d1fbf00f563b95aa79af0871794a81ffb2680a285b264,BYTE_EQUIVALENT_NORMAL,PRESERVED,T16 overlay disabled時は既存tableをそのまま選択
TABLE_KEY_VEGA_01_111_LAND,1,111,LAND,12,0x838f6b4,353d6ccb69378c3d1c28166f9fbe26812535390b42af0cf2c415ccf0fa7ac353,BYTE_EQUIVALENT_NORMAL,PRESERVED,T16 overlay disabled時は既存tableをそのまま選択
TABLE_KEY_VEGA_01_112_LAND,1,112,LAND,12,0x838f738,0c50d58f5f16de44d20b4705ed5be21749bdb3518ef996d3c4be03d77e9788f8,BYTE_EQUIVALENT_NORMAL,PRESERVED,T16 overlay disabled時は既存tableをそのまま選択
TABLE_KEY_VEGA_01_112_WATER,1,112,WATER,5,0x838e484,4705bb7335957fd4ccd9ec73baabfbafdfc61800782c244ec2cdbc7ce961f7be,BYTE_EQUIVALENT_NORMAL,PRESERVED,T16 overlay disabled時は既存tableをそのまま選択
TABLE_KEY_VEGA_01_112_FISHING,1,112,FISHING,10,0x838e4a0,0d151784b4402f14a79255992834b4ddee15db5c32f3e7d3b3199d66c1f27930,BYTE_EQUIVALENT_NORMAL,PRESERVED,T16 overlay disabled時は既存tableをそのまま選択
TABLE_KEY_VEGA_01_113_LAND,1,113,LAND,12,0x838f7bc,2fceb28a63a84817c30310e6b23c82b0e48371610d2cc6a3c96bba5ddc15e547,BYTE_EQUIVALENT_NORMAL,PRESERVED,T16 overlay disabled時は既存tableをそのまま選択
TABLE_KEY_VEGA_03_054_LAND,3,54,LAND,12,0x838f840,ecdd90bd8cc504b05e20e1de625379afa62fb6866b866ea00974b97bf0e13b90,BYTE_EQUIVALENT_NORMAL,PRESERVED,T16 overlay disabled時は既存tableをそのまま選択
TABLE_KEY_VEGA_03_012_WATER,3,12,WATER,5,0x838f878,956be904b875df6ce798664394537348b8e3137873a6d5c53a9f0ffdd6643666,BYTE_EQUIVALENT_NORMAL,PRESERVED,T16 overlay disabled時は既存tableをそのまま選択
TABLE_KEY_VEGA_03_012_FISHING,3,12,FISHING,10,0x838f894,78840bffc6e0a0ec70d62e1cba5510c0df3f8f619dd74c02118b834aba8df94c,BYTE_EQUIVALENT_NORMAL,PRESERVED,T16 overlay disabled時は既存tableをそのまま選択
TABLE_KEY_VEGA_00_000_WATER,0,0,WATER,5,0x838f8c4,70da83990c8d235236cb73a9ff4ba16637d6455311cdbda4bc2b780cdde051c8,BYTE_EQUIVALENT_NORMAL,PRESERVED,T16 overlay disabled時は既存tableをそのまま選択
TABLE_KEY_VEGA_00_000_FISHING,0,0,FISHING,10,0x838f8e0,e0990c97657cf302f8586347d2fa5b9c69df35d2ce99ecc2c8ad12f4c1f9fb77,BYTE_EQUIVALENT_NORMAL,PRESERVED,T16 overlay disabled時は既存tableをそのまま選択
TABLE_KEY_VEGA_01_114_LAND,1,114,LAND,12,0x838f910,398b28cf77d1104dcd5e8e91102480f7a1e6f6ea1d52751a3626fbae2ff18d57,BYTE_EQUIVALENT_NORMAL,PRESERVED,T16 overlay disabled時は既存tableをそのまま選択
TABLE_KEY_VEGA_01_115_LAND,1,115,LAND,12,0x838f994,18979484e4d372ac3517f0871d71fb6cb25d4723d85edf5befd4b7765ebf1d61,BYTE_EQUIVALENT_NORMAL,PRESERVED,T16 overlay disabled時は既存tableをそのまま選択
TABLE_KEY_VEGA_00_000_WATER,0,0,WATER,5,0x838fa18,5b96909bed5020c3373b815ec6d737ea2ea7a586afdffd80fdc144b1e6f4e1b6,BYTE_EQUIVALENT_NORMAL,PRESERVED,T16 overlay disabled時は既存tableをそのまま選択
TABLE_KEY_VEGA_00_000_FISHING,0,0,FISHING,10,0x838fa34,a1b0881cf1a5f5d8e09d7eef519660e66066877c511fb769c2a023085177aa1e,BYTE_EQUIVALENT_NORMAL,PRESERVED,T16 overlay disabled時は既存tableをそのまま選択
TABLE_KEY_VEGA_00_000_WATER,0,0,WATER,5,0x838fa64,127ff356e39ee899f609ae0f99318d2e7c4a4f4ec315464c5d252dd4cd6b2493,BYTE_EQUIVALENT_NORMAL,PRESERVED,T16 overlay disabled時は既存tableをそのまま選択
TABLE_KEY_VEGA_00_000_FISHING,0,0,FISHING,10,0x838fa80,e53001221cc0154241e8d829779d93080b06e0f6031bac90d8b15e8d232497d2,BYTE_EQUIVALENT_NORMAL,PRESERVED,T16 overlay disabled時は既存tableをそのまま選択
TABLE_KEY_VEGA_01_116_LAND,1,116,LAND,12,0x838fab0,83ca43235e8c6eba956729bea7afad2fc3e1903a0d120d9073d7d67a23bb58a4,BYTE_EQUIVALENT_NORMAL,PRESERVED,T16 overlay disabled時は既存tableをそのまま選択
TABLE_KEY_VEGA_01_117_LAND,1,117,LAND,12,0x838fb34,ed2b6b322088266e1f3e98cf3ea3eeb0e9f6787ed42106d4b07ecf343ab2b464,BYTE_EQUIVALENT_NORMAL,PRESERVED,T16 overlay disabled時は既存tableをそのまま選択
TABLE_KEY_VEGA_03_026_WATER,3,26,WATER,5,0x838fbb8,12c7bfdca4ee6b74073013d9bd9e92f215ad5d1799cb3707cf777b01afe57b8d,BYTE_EQUIVALENT_NORMAL,PRESERVED,T16 overlay disabled時は既存tableをそのまま選択
TABLE_KEY_VEGA_03_026_FISHING,3,26,FISHING,10,0x838fbd4,ccfcbff12180614dce1df6551443254e574a7e5e09d0dd4de4be5107fbbed2dd,BYTE_EQUIVALENT_NORMAL,PRESERVED,T16 overlay disabled時は既存tableをそのまま選択
TABLE_KEY_VEGA_01_009_LAND,1,9,LAND,12,0x838fc04,0c91a0cdf1f7e8a9e3f73d166a3c75147009a7aab111f5f700322ae76c7f07cd,BYTE_EQUIVALENT_NORMAL,PRESERVED,T16 overlay disabled時は既存tableをそのまま選択
TABLE_KEY_VEGA_17_000_LAND,17,0,LAND,12,0x838fc3c,72913bdc054b7c4b71b6b1454dda2111f0f3f20586092be5ca612fdb0244ff0b,BYTE_EQUIVALENT_NORMAL,PRESERVED,T16 overlay disabled時は既存tableをそのまま選択
TABLE_KEY_VEGA_17_000_ROCK,17,0,ROCK,5,0x838fc74,6737453cd06162f1501ab6614b040fe1cdddf321212919bc54a4656f97c44c3c,BYTE_EQUIVALENT_NORMAL,PRESERVED,T16 overlay disabled時は既存tableをそのまま選択
TABLE_KEY_VEGA_03_027_WATER,3,27,WATER,5,0x838fc90,43975c96c47ea3476e9b88b5adbab76c0453ecbda197974c9dcc5b3805b43882,BYTE_EQUIVALENT_NORMAL,PRESERVED,T16 overlay disabled時は既存tableをそのまま選択
TABLE_KEY_VEGA_03_027_FISHING,3,27,FISHING,10,0x838fcac,07049b90125705c3d4c6e6a4d3547fd3a0601066a0697bc67198bfea5b51cc2a,BYTE_EQUIVALENT_NORMAL,PRESERVED,T16 overlay disabled時は既存tableをそのまま選択
TABLE_KEY_VEGA_03_019_LAND,3,19,LAND,12,0x838fcdc,ea7eb8f8f9fba5984d83925efcb6c58771da3153dcf9d81c614f400f647f3825,BYTE_EQUIVALENT_NORMAL,PRESERVED,T16 overlay disabled時は既存tableをそのまま選択
TABLE_KEY_VEGA_03_020_LAND,3,20,LAND,12,0x838fd14,6b99e2482c0a2be7d70769cd5c32395b812b51c730f12a5694eb50fdc0811384,BYTE_EQUIVALENT_NORMAL,PRESERVED,T16 overlay disabled時は既存tableをそのまま選択
TABLE_KEY_VEGA_03_021_LAND,3,21,LAND,12,0x838fd4c,301514511090d91d552e44ddf0af892166c0391c1326c9c158f07d45562227f6,BYTE_EQUIVALENT_NORMAL,PRESERVED,T16 overlay disabled時は既存tableをそのまま選択
TABLE_KEY_VEGA_01_118_LAND,1,118,LAND,12,0x838fd84,163276620f8e4f5adb884fda2f0227e5e385e3c77aedb6011b9698b3d534d2f5,BYTE_EQUIVALENT_NORMAL,PRESERVED,T16 overlay disabled時は既存tableをそのまま選択
TABLE_KEY_VEGA_01_118_WATER,1,118,WATER,5,0x838e8d8,f1b13497a80cdcdad19d141cbc4931804c4f997c06c99c6cffe92da1d82ea9c1,BYTE_EQUIVALENT_NORMAL,PRESERVED,T16 overlay disabled時は既存tableをそのまま選択
TABLE_KEY_VEGA_01_118_FISHING,1,118,FISHING,10,0x838e910,b653d946bcac1b20f42e535cb438fad12e7819eb07551882260c0d0479c97b1a,BYTE_EQUIVALENT_NORMAL,PRESERVED,T16 overlay disabled時は既存tableをそのまま選択
TABLE_KEY_VEGA_03_023_LAND,3,23,LAND,12,0x838fe08,9a743792da9376e4cf948ce6eee62836546df33f7549cfbea2f4729cd739c011,BYTE_EQUIVALENT_NORMAL,PRESERVED,T16 overlay disabled時は既存tableをそのまま選択
TABLE_KEY_VEGA_03_025_LAND,3,25,LAND,12,0x838fe40,7ffa1ddd8f41bf9bdbf2e3b0c79b877a2dfe6dd9fd654080ece25073ff18e557,BYTE_EQUIVALENT_NORMAL,PRESERVED,T16 overlay disabled時は既存tableをそのまま選択
TABLE_KEY_VEGA_03_025_WATER,3,25,WATER,5,0x838fe78,2a4ff4497e71eb59e2c88b35dd68fdb4e289caf00e125955debaf2276a6ce01f,BYTE_EQUIVALENT_NORMAL,PRESERVED,T16 overlay disabled時は既存tableをそのまま選択
TABLE_KEY_VEGA_03_025_FISHING,3,25,FISHING,10,0x838fe94,b4902a462a0fb3e16bac5f146f0d375af809c869c3424e04d9e324e95186e718,BYTE_EQUIVALENT_NORMAL,PRESERVED,T16 overlay disabled時は既存tableをそのまま選択
TABLE_KEY_VEGA_03_024_LAND,3,24,LAND,12,0x838fec4,3c6139f439679945109c94d9e171204bc8badf0aad5ec716876826210203abfe,BYTE_EQUIVALENT_NORMAL,PRESERVED,T16 overlay disabled時は既存tableをそのまま選択
TABLE_KEY_VEGA_03_043_LAND,3,43,LAND,12,0x838fefc,ad35d1b4828ca0a304bab71a1f2f987c295751dbf0acb2ad6c3b717a46ecf966,BYTE_EQUIVALENT_NORMAL,PRESERVED,T16 overlay disabled時は既存tableをそのまま選択
TABLE_KEY_VEGA_03_041_LAND,3,41,LAND,12,0x838ff34,c5928318daefc1908f12450e589923ef5b376ff0c0dbade472a1375712319504,BYTE_EQUIVALENT_NORMAL,PRESERVED,T16 overlay disabled時は既存tableをそのまま選択
TABLE_KEY_VEGA_03_028_WATER,3,28,WATER,5,0x838ffa4,71fa1e1b2387df9896075561252b81e0d258cfd1f21e654889c15aaecaa1d6e1,BYTE_EQUIVALENT_NORMAL,PRESERVED,T16 overlay disabled時は既存tableをそのまま選択
TABLE_KEY_VEGA_03_028_FISHING,3,28,FISHING,10,0x838ffc0,f1bd6789c89b53a58a83b1d0980e7ec13f9405b45446c6a9db4790aa5b372619,BYTE_EQUIVALENT_NORMAL,PRESERVED,T16 overlay disabled時は既存tableをそのまま選択
TABLE_KEY_VEGA_03_029_WATER,3,29,WATER,5,0x8390028,d59c35ac1c039d13bab01ad8a2d2134338cad0ce5b82b89cbf38f8b4b210d987,BYTE_EQUIVALENT_NORMAL,PRESERVED,T16 overlay disabled時は既存tableをそのまま選択
TABLE_KEY_VEGA_03_029_FISHING,3,29,FISHING,10,0x8390044,7b6f84f6056152d18bd78167230f730c2894d645d66a4b0f4e80293b94bb4083,BYTE_EQUIVALENT_NORMAL,PRESERVED,T16 overlay disabled時は既存tableをそのまま選択
TABLE_KEY_VEGA_03_030_WATER,3,30,WATER,5,0x83900ac,9c15bd7979293f88943825c5add1c5e00d9159bd8be2add99a4bc9dd31945751,BYTE_EQUIVALENT_NORMAL,PRESERVED,T16 overlay disabled時は既存tableをそのまま選択
TABLE_KEY_VEGA_03_030_FISHING,3,30,FISHING,10,0x83900c8,b9aa50924c93e337f250f34bdd7e97a587047d2aeb8d336e4596569262972055,BYTE_EQUIVALENT_NORMAL,PRESERVED,T16 overlay disabled時は既存tableをそのまま選択
TABLE_KEY_VEGA_03_031_WATER,3,31,WATER,5,0x8390130,563ae998c70da10a41fd2e0059bc0b47cb279f87eaa24b82330c0ced98b33566,BYTE_EQUIVALENT_NORMAL,PRESERVED,T16 overlay disabled時は既存tableをそのまま選択
TABLE_KEY_VEGA_03_031_FISHING,3,31,FISHING,10,0x839014c,eed0819fa35f0ebcbecf00eb1bbcfcfe1fb0f9ca8c45e6356585a5a7b4a598d0,BYTE_EQUIVALENT_NORMAL,PRESERVED,T16 overlay disabled時は既存tableをそのまま選択
TABLE_KEY_VEGA_03_032_LAND,3,32,LAND,12,0x839017c,7462cb647609f5ac98a4bfcecb51aa6cbafbbf52c8ce6f20e9575dc3a302e705,BYTE_EQUIVALENT_NORMAL,PRESERVED,T16 overlay disabled時は既存tableをそのまま選択
TABLE_KEY_VEGA_03_032_WATER,3,32,WATER,5,0x838eba0,fd8888935972d8dc32e8c40b5729ae2bfae009c3635fabdb182a6ae4c2184916,BYTE_EQUIVALENT_NORMAL,PRESERVED,T16 overlay disabled時は既存tableをそのまま選択
TABLE_KEY_VEGA_03_032_ROCK,3,32,ROCK,5,0x88966c0,700c655f7d060c05752d3da016e3fe7f35fb92780aebd8245fe4f098c8762df0,BYTE_EQUIVALENT_NORMAL,PRESERVED,T16 overlay disabled時は既存tableをそのまま選択
TABLE_KEY_VEGA_03_032_FISHING,3,32,FISHING,10,0x838ebbc,a5c401e279aa2d3aef21e213b56dec9dd08885bacb7dfe0bd797c2d247d95848,BYTE_EQUIVALENT_NORMAL,PRESERVED,T16 overlay disabled時は既存tableをそのまま選択
TABLE_KEY_VEGA_03_033_LAND,3,33,LAND,12,0x83901b4,bd9962872cce5c8b1ad77dc69cf1948b422c75ba6b8664f23ca570cf505f0c65,BYTE_EQUIVALENT_NORMAL,PRESERVED,T16 overlay disabled時は既存tableをそのまま選択
TABLE_KEY_VEGA_03_034_LAND,3,34,LAND,12,0x83901ec,c97fc10d31ea311cd4562d82ccdc9bdf9c92343ad75f58a00712c3fe1a5d6dab,BYTE_EQUIVALENT_NORMAL,PRESERVED,T16 overlay disabled時は既存tableをそのまま選択
TABLE_KEY_VEGA_03_035_LAND,3,35,LAND,12,0x8390224,231e66852ed446d5af929989d8a456db8b2ccedc52f3a34db0ad57015965c216,BYTE_EQUIVALENT_NORMAL,PRESERVED,T16 overlay disabled時は既存tableをそのまま選択
TABLE_KEY_VEGA_03_037_LAND,3,37,LAND,12,0x839025c,f2b595365958f1e332878aec186155a9968beaaaf64757dd29913a9a0becd2ae,BYTE_EQUIVALENT_NORMAL,PRESERVED,T16 overlay disabled時は既存tableをそのまま選択
TABLE_KEY_VEGA_11_003_WATER,11,3,WATER,5,0x8390294,64eb4fede4771fba233169ede6aa6d4061cd4957dd1d6b8f44c5554bf56ad3b1,BYTE_EQUIVALENT_NORMAL,PRESERVED,T16 overlay disabled時は既存tableをそのまま選択
TABLE_KEY_VEGA_11_003_FISHING,11,3,FISHING,10,0x83902b0,0631998f2e4185c3e7149ae8551b31ea0ea22b4db1ed4cd6c7cb5594c5ffc686,BYTE_EQUIVALENT_NORMAL,PRESERVED,T16 overlay disabled時は既存tableをそのまま選択
TABLE_KEY_VEGA_03_038_WATER,3,38,WATER,5,0x83902e0,e8b13dfd1187347fd8ad0c458d02288f05a29af3404ae1032e3880b49000018d,BYTE_EQUIVALENT_NORMAL,PRESERVED,T16 overlay disabled時は既存tableをそのまま選択
TABLE_KEY_VEGA_03_038_FISHING,3,38,FISHING,10,0x83902fc,85968de5dec75ae3489743991cc87aa2dc45e3734296f97a1f77f66cc9355784,BYTE_EQUIVALENT_NORMAL,PRESERVED,T16 overlay disabled時は既存tableをそのまま選択
TABLE_KEY_VEGA_00_000_LAND,0,0,LAND,12,0x839032c,a3357f83c348ab461e8d6594974bf4b9a2032423dbee0b8f265dbafa193ad2bb,BYTE_EQUIVALENT_NORMAL,PRESERVED,T16 overlay disabled時は既存tableをそのまま選択
TABLE_KEY_VEGA_00_000_WATER,0,0,WATER,5,0x8390364,7106bf2626d2885c285ae610781ca80a236d1c07f35c7b01b79279b5e536102b,BYTE_EQUIVALENT_NORMAL,PRESERVED,T16 overlay disabled時は既存tableをそのまま選択
TABLE_KEY_VEGA_00_000_FISHING,0,0,FISHING,10,0x8390380,19efbf84ada3dd289aa70d3bb8fe955f1fbab41154e71209f5122861181d7c77,BYTE_EQUIVALENT_NORMAL,PRESERVED,T16 overlay disabled時は既存tableをそのまま選択
TABLE_KEY_VEGA_00_000_LAND,0,0,LAND,12,0x83903b0,3152be92d06f59df6731e7906ac06baef5c62cb30b60004fbd3b99f4d54b5407,BYTE_EQUIVALENT_NORMAL,PRESERVED,T16 overlay disabled時は既存tableをそのまま選択
TABLE_KEY_VEGA_00_000_WATER,0,0,WATER,5,0x83903e8,550adfc332c95c690d12e51fe156a24e6652f7b904084f4e424d02c2e0ba48b1,BYTE_EQUIVALENT_NORMAL,PRESERVED,T16 overlay disabled時は既存tableをそのまま選択
TABLE_KEY_VEGA_00_000_FISHING,0,0,FISHING,10,0x8390404,fa8bd6f9fda2cd8afc16c0514dfeef93363dd276557d64cd8e492d9b46911a4c,BYTE_EQUIVALENT_NORMAL,PRESERVED,T16 overlay disabled時は既存tableをそのまま選択
TABLE_KEY_VEGA_00_000_LAND,0,0,LAND,12,0x8390434,059fe42527f54e45ab9ee2fa299d8ee49cc255251ea7b688f2cc36f03495e448,BYTE_EQUIVALENT_NORMAL,PRESERVED,T16 overlay disabled時は既存tableをそのまま選択
TABLE_KEY_VEGA_00_000_WATER,0,0,WATER,5,0x839046c,faf41e46acd989309cb75ed11fb8301890cfafe16dbb763422d0e69a314b6b21,BYTE_EQUIVALENT_NORMAL,PRESERVED,T16 overlay disabled時は既存tableをそのまま選択
TABLE_KEY_VEGA_00_000_FISHING,0,0,FISHING,10,0x8390488,2c8f861d5f8397c4dbd31c41f68f7201d0511dfacb8fc048987335c068a29cfd,BYTE_EQUIVALENT_NORMAL,PRESERVED,T16 overlay disabled時は既存tableをそのまま選択
TABLE_KEY_VEGA_00_000_LAND,0,0,LAND,12,0x83904b8,ec9b25e0a733a992f5423ea66e8edc41dd4a09958527497b056f26103b284e5c,BYTE_EQUIVALENT_NORMAL,PRESERVED,T16 overlay disabled時は既存tableをそのまま選択
TABLE_KEY_VEGA_00_000_WATER,0,0,WATER,5,0x83904f0,81c036d014fa0fbe638ec09a8f53f6e19b47313e86139b99320983641b714423,BYTE_EQUIVALENT_NORMAL,PRESERVED,T16 overlay disabled時は既存tableをそのまま選択
TABLE_KEY_VEGA_00_000_FISHING,0,0,FISHING,10,0x839050c,191f5af4e81b7d696e9eccfe5eb4b521fc409d1bf5bdefe4a54a407da7aca045,BYTE_EQUIVALENT_NORMAL,PRESERVED,T16 overlay disabled時は既存tableをそのまま選択
TABLE_KEY_VEGA_00_000_LAND,0,0,LAND,12,0x839053c,4d5aeb31877030bf6b56741e00ac3ba07f132a95daa553f75e2f2963c6bea4be,BYTE_EQUIVALENT_NORMAL,PRESERVED,T16 overlay disabled時は既存tableをそのまま選択
TABLE_KEY_VEGA_00_000_WATER,0,0,WATER,5,0x8390574,fdeb60841f7055f2881b7680a73b2c163340d80c1d93ecff896423d3b46b5475,BYTE_EQUIVALENT_NORMAL,PRESERVED,T16 overlay disabled時は既存tableをそのまま選択
TABLE_KEY_VEGA_00_000_FISHING,0,0,FISHING,10,0x8390590,19de8ef4ca70a513c902e98f26fe87062bb330e5b4acabb080704589972b579d,BYTE_EQUIVALENT_NORMAL,PRESERVED,T16 overlay disabled時は既存tableをそのまま選択
TABLE_KEY_VEGA_00_000_LAND,0,0,LAND,12,0x83905c0,ec90075f9b75c72cc8feecb7a8c1ee2fe337ab678b82153cb386c44cf39f1db6,BYTE_EQUIVALENT_NORMAL,PRESERVED,T16 overlay disabled時は既存tableをそのまま選択
TABLE_KEY_VEGA_00_000_WATER,0,0,WATER,5,0x83905f8,67547e15c99d0b8c2bbde1793f6d90cf3b0bdd2a8979d2164401cc7042dd3c82,BYTE_EQUIVALENT_NORMAL,PRESERVED,T16 overlay disabled時は既存tableをそのまま選択
TABLE_KEY_VEGA_00_000_FISHING,0,0,FISHING,10,0x8390614,bf62557862f0725e0d308b7a6c46ec816aa147c717d4e06b17b040274cd30711,BYTE_EQUIVALENT_NORMAL,PRESERVED,T16 overlay disabled時は既存tableをそのまま選択
TABLE_KEY_VEGA_03_000_WATER,3,0,WATER,5,0x8390644,64b947f3cebcce1bd5345353e15ed57deabc3f5ec59f071dfe652dde21d48a4c,BYTE_EQUIVALENT_NORMAL,PRESERVED,T16 overlay disabled時は既存tableをそのまま選択
TABLE_KEY_VEGA_03_000_FISHING,3,0,FISHING,10,0x8390660,464f874a834cbe9031d08076725c5e5b2f22ab49b608895e8eb74c6640c98765,BYTE_EQUIVALENT_NORMAL,PRESERVED,T16 overlay disabled時は既存tableをそのまま選択
TABLE_KEY_VEGA_03_004_WATER,3,4,WATER,5,0x8390690,38ddbf62298d00ab5d846064200c92a980cdce8fdcf5dcc210b08ed543ff3460,BYTE_EQUIVALENT_NORMAL,PRESERVED,T16 overlay disabled時は既存tableをそのまま選択
TABLE_KEY_VEGA_03_004_FISHING,3,4,FISHING,10,0x83906ac,0b1d53d5400c3737a6934a31e707af38bd7a6a0b1fa9b347eb5a35edcf25b513,BYTE_EQUIVALENT_NORMAL,PRESERVED,T16 overlay disabled時は既存tableをそのまま選択
TABLE_KEY_VEGA_02_055_LAND,2,55,LAND,12,0x838ed88,2126bc4222d4668c671e03bf562f22eaed2918222bd5c717c08256b8b0c751db,BYTE_EQUIVALENT_NORMAL,PRESERVED,T16 overlay disabled時は既存tableをそのまま選択
TABLE_KEY_VEGA_02_055_ROCK,2,55,ROCK,5,0x838f0b4,555b2d2277116d15b9e625df012437e52380a9ae4e48678a5a95c2b22bbd31a2,BYTE_EQUIVALENT_NORMAL,PRESERVED,T16 overlay disabled時は既存tableをそのまま選択
TABLE_KEY_VEGA_03_005_WATER,3,5,WATER,5,0x8390728,1e32a30424e1e0fadf45d60b37a6cd8c418666484ff00dc83584846ceba2f634,BYTE_EQUIVALENT_NORMAL,PRESERVED,T16 overlay disabled時は既存tableをそのまま選択
TABLE_KEY_VEGA_03_005_FISHING,3,5,FISHING,10,0x8390744,2b19377954083046f8bec5c6bc51b561b8b6f2b76a5d24c4cefcf3bcab9ec37d,BYTE_EQUIVALENT_NORMAL,PRESERVED,T16 overlay disabled時は既存tableをそのまま選択
TABLE_KEY_VEGA_01_053_LAND,1,53,LAND,12,0x8390074,231f4ce22b546e64182581913b9b3049b38c24d767f9b9c25d92dba21c94ba01,BYTE_EQUIVALENT_NORMAL,PRESERVED,T16 overlay disabled時は既存tableをそのまま選択
TABLE_KEY_VEGA_03_009_WATER,3,9,WATER,5,0x83907c0,ddeac665c952703524b5fdb966be20257f3aeefc62561169cdd50068603df62f,BYTE_EQUIVALENT_NORMAL,PRESERVED,T16 overlay disabled時は既存tableをそのまま選択
TABLE_KEY_VEGA_03_009_FISHING,3,9,FISHING,10,0x83907dc,414f5423ee758648d6bbfa2827d8b7630e43108013c1d74c14772a17b2c57dbd,BYTE_EQUIVALENT_NORMAL,PRESERVED,T16 overlay disabled時は既存tableをそのまま選択
TABLE_KEY_VEGA_03_008_WATER,3,8,WATER,5,0x839080c,5faec968a7cdb6c82276bb4efadfe474a3d054f051fab3aabf10bddc5ee5421d,BYTE_EQUIVALENT_NORMAL,PRESERVED,T16 overlay disabled時は既存tableをそのまま選択
TABLE_KEY_VEGA_03_008_FISHING,3,8,FISHING,10,0x8390828,bc2f47c245d417bd0d64cd98c346f903ceca8b30c6662c5f54dc44ed08fd14b9,BYTE_EQUIVALENT_NORMAL,PRESERVED,T16 overlay disabled時は既存tableをそのまま選択
TABLE_KEY_VEGA_00_000_WATER,0,0,WATER,5,0x8390858,7fe86d2c327259fd3db577b1803b0ffdc0fa129462a62fef894d7aa727d9ce74,BYTE_EQUIVALENT_NORMAL,PRESERVED,T16 overlay disabled時は既存tableをそのまま選択
TABLE_KEY_VEGA_00_000_FISHING,0,0,FISHING,10,0x8390874,961412d3b4425dc39431159fd590899d2efda6afd5e46d23370de12077f85711,BYTE_EQUIVALENT_NORMAL,PRESERVED,T16 overlay disabled時は既存tableをそのまま選択
TABLE_KEY_VEGA_00_000_WATER,0,0,WATER,5,0x83908a4,e76beb83309ce31810006f4efeff44888c16f0ec5b33402e30e22b00ca4e953c,BYTE_EQUIVALENT_NORMAL,PRESERVED,T16 overlay disabled時は既存tableをそのまま選択
TABLE_KEY_VEGA_00_000_FISHING,0,0,FISHING,10,0x83908c0,99c71f072f5b20e333972b0beaf4768dc2a77f11105e18b5084e31fd34f22cb8,BYTE_EQUIVALENT_NORMAL,PRESERVED,T16 overlay disabled時は既存tableをそのまま選択
TABLE_KEY_VEGA_00_000_WATER,0,0,WATER,5,0x83908f0,ccb9402345016c5b2b4d6c5bc9c92bdfc3b7cf0d8607054a332c4b5c2a34a653,BYTE_EQUIVALENT_NORMAL,PRESERVED,T16 overlay disabled時は既存tableをそのまま選択
TABLE_KEY_VEGA_00_000_FISHING,0,0,FISHING,10,0x839090c,be5c142f4f0a4b98de5e264167c0a99f7f0f5d2ebaf41fccd56278b130f16241,BYTE_EQUIVALENT_NORMAL,PRESERVED,T16 overlay disabled時は既存tableをそのまま選択
TABLE_KEY_VEGA_01_010_LAND,1,10,LAND,12,0x839093c,85c780a852c7a00939a05008b9a9753be3916253382bb0edad7196360edf7c50,BYTE_EQUIVALENT_NORMAL,PRESERVED,T16 overlay disabled時は既存tableをそのまま選択
TABLE_KEY_VEGA_03_055_LAND,3,55,LAND,12,0x8390974,2c86700517b867d80df573f96d6ff9f6bea8c5baa3371978ca868ef8ae5bb897,BYTE_EQUIVALENT_NORMAL,PRESERVED,T16 overlay disabled時は既存tableをそのまま選択
TABLE_KEY_VEGA_01_100_LAND,1,100,LAND,12,0x83909ac,43e78d0fc5be3a4b702ebac9fb4cc3077c833b9c5604872846c16652f350d41a,BYTE_EQUIVALENT_NORMAL,PRESERVED,T16 overlay disabled時は既存tableをそのまま選択
TABLE_KEY_VEGA_01_011_LAND,1,11,LAND,12,0x83909e4,9958c3c9dba94727a6c6f27658d267ae429eb147b334b3484bd3e3f265808337,BYTE_EQUIVALENT_NORMAL,PRESERVED,T16 overlay disabled時は既存tableをそのまま選択
TABLE_KEY_VEGA_03_059_LAND,3,59,LAND,12,0x8390a1c,1e6c86e51598ce2359df53bf5baf61e9c097ed8c5c407d09c1c1208b8821c7b9,BYTE_EQUIVALENT_NORMAL,PRESERVED,T16 overlay disabled時は既存tableをそのまま選択
TABLE_KEY_VEGA_01_103_LAND,1,103,LAND,12,0x8390a54,edcf39532ecbb5635d5c82117761bc480520162fe72e4e6d14c91f5717ffd667,BYTE_EQUIVALENT_NORMAL,PRESERVED,T16 overlay disabled時は既存tableをそのまま選択
TABLE_KEY_VEGA_01_106_LAND,1,106,LAND,12,0x8390a8c,98403dc43b8fb9dd9e73e5ace470efa8822f66e941fb60a5f6c14539c9ecc48a,BYTE_EQUIVALENT_NORMAL,PRESERVED,T16 overlay disabled時は既存tableをそのまま選択
TABLE_KEY_VEGA_03_049_LAND,3,49,LAND,12,0x8390ac4,1b3eced1d1678a0a9780ac22d5b01988669d2bbc8b5f8cb8adf8364a8949b7c1,BYTE_EQUIVALENT_NORMAL,PRESERVED,T16 overlay disabled時は既存tableをそのまま選択
TABLE_KEY_VEGA_03_065_LAND,3,65,LAND,12,0x8390afc,1fc21f9ad6b75855df8846a419fb0f7cc4cd217d24540f388732f0506c1566e0,BYTE_EQUIVALENT_NORMAL,PRESERVED,T16 overlay disabled時は既存tableをそのまま選択
TABLE_KEY_VEGA_03_065_ROCK,3,65,ROCK,5,0x87f42c0,86a3d09afe575f6ea2181faac1c36cad32effcce935155c91568cb5d685e4d21,BYTE_EQUIVALENT_NORMAL,PRESERVED,T16 overlay disabled時は既存tableをそのまま選択
