map_key,source_map,scope,import_mode,preserve_npcs,preserve_local_events,status,notes
KANTO_DUNGEON_VIRIDIAN_FOREST,ViridianForest,MAINLAND,RESERVED,yes,stub,RESERVED,V2=K26; layout=LAYOUT_VIRIDIAN_FOREST
KANTO_DUNGEON_MT_MOON_1_F,MtMoon_1F,MAINLAND,RESERVED,yes,stub,RESERVED,V2=K27; layout=LAYOUT_MT_MOON_1F
KANTO_DUNGEON_MT_MOON_B1_F,MtMoon_B1F,MAINLAND,RESERVED,yes,stub,RESERVED,V2=K27; layout=LAYOUT_MT_MOON_B1F
KANTO_DUNGEON_MT_MOON_B2_F,MtMoon_B2F,MAINLAND,RESERVED,yes,stub,RESERVED,V2=K27; layout=LAYOUT_MT_MOON_B2F
KANTO_DUNGEON_SSANNE_EXTERIOR,SSAnne_Exterior,MAINLAND,RESERVED,yes,stub,RESERVED,V2=K29; layout=LAYOUT_SSANNE_EXTERIOR
KANTO_DUNGEON_SSANNE_1_F_CORRIDOR,SSAnne_1F_Corridor,MAINLAND,RESERVED,yes,stub,RESERVED,V2=K29; layout=LAYOUT_SSANNE_1F_CORRIDOR
KANTO_DUNGEON_SSANNE_2_F_CORRIDOR,SSAnne_2F_Corridor,MAINLAND,RESERVED,yes,stub,RESERVED,V2=K29; layout=LAYOUT_SSANNE_2F_CORRIDOR
KANTO_DUNGEON_SSANNE_3_F_CORRIDOR,SSAnne_3F_Corridor,MAINLAND,RESERVED,yes,stub,RESERVED,V2=K29; layout=LAYOUT_SSANNE_3F_CORRIDOR
KANTO_DUNGEON_SSANNE_B1_F_CORRIDOR,SSAnne_B1F_Corridor,MAINLAND,RESERVED,yes,stub,RESERVED,V2=K29; layout=LAYOUT_SSANNE_B1F_CORRIDOR
KANTO_DUNGEON_SSANNE_DECK,SSAnne_Deck,MAINLAND,RESERVED,yes,stub,RESERVED,V2=K29; layout=LAYOUT_SSANNE_DECK
KANTO_DUNGEON_SSANNE_KITCHEN,SSAnne_Kitchen,MAINLAND,RESERVED,yes,stub,RESERVED,V2=K29; layout=LAYOUT_SSANNE_KITCHEN
KANTO_DUNGEON_SSANNE_CAPTAINS_OFFICE,SSAnne_CaptainsOffice,MAINLAND,RESERVED,yes,stub,RESERVED,V2=K29; layout=LAYOUT_SSANNE_CAPTAINS_OFFICE
KANTO_DUNGEON_SSANNE_1_F_ROOM1,SSAnne_1F_Room1,MAINLAND,RESERVED,yes,stub,RESERVED,V2=K29; layout=LAYOUT_SSANNE_ROOM1
KANTO_DUNGEON_SSANNE_1_F_ROOM2,SSAnne_1F_Room2,MAINLAND,RESERVED,yes,stub,RESERVED,V2=K29; layout=LAYOUT_SSANNE_ROOM1
KANTO_DUNGEON_SSANNE_1_F_ROOM3,SSAnne_1F_Room3,MAINLAND,RESERVED,yes,stub,RESERVED,V2=K29; layout=LAYOUT_SSANNE_ROOM1
KANTO_DUNGEON_SSANNE_1_F_ROOM4,SSAnne_1F_Room4,MAINLAND,RESERVED,yes,stub,RESERVED,V2=K29; layout=LAYOUT_SSANNE_ROOM1
KANTO_DUNGEON_SSANNE_1_F_ROOM5,SSAnne_1F_Room5,MAINLAND,RESERVED,yes,stub,RESERVED,V2=K29; layout=LAYOUT_SSANNE_ROOM1
KANTO_DUNGEON_SSANNE_1_F_ROOM7,SSAnne_1F_Room7,MAINLAND,RESERVED,yes,stub,RESERVED,V2=K29; layout=LAYOUT_SSANNE_ROOM1
KANTO_DUNGEON_SSANNE_2_F_ROOM1,SSAnne_2F_Room1,MAINLAND,RESERVED,yes,stub,RESERVED,V2=K29; layout=LAYOUT_SSANNE_ROOM2
KANTO_DUNGEON_SSANNE_2_F_ROOM2,SSAnne_2F_Room2,MAINLAND,RESERVED,yes,stub,RESERVED,V2=K29; layout=LAYOUT_SSANNE_ROOM2
KANTO_DUNGEON_SSANNE_2_F_ROOM3,SSAnne_2F_Room3,MAINLAND,RESERVED,yes,stub,RESERVED,V2=K29; layout=LAYOUT_SSANNE_ROOM2
KANTO_DUNGEON_SSANNE_2_F_ROOM4,SSAnne_2F_Room4,MAINLAND,RESERVED,yes,stub,RESERVED,V2=K29; layout=LAYOUT_SSANNE_ROOM2
KANTO_DUNGEON_SSANNE_2_F_ROOM5,SSAnne_2F_Room5,MAINLAND,RESERVED,yes,stub,RESERVED,V2=K29; layout=LAYOUT_SSANNE_ROOM2
KANTO_DUNGEON_SSANNE_2_F_ROOM6,SSAnne_2F_Room6,MAINLAND,RESERVED,yes,stub,RESERVED,V2=K29; layout=LAYOUT_SSANNE_ROOM2
KANTO_DUNGEON_SSANNE_B1_F_ROOM1,SSAnne_B1F_Room1,MAINLAND,RESERVED,yes,stub,RESERVED,V2=K29; layout=LAYOUT_SSANNE_ROOM2
KANTO_DUNGEON_SSANNE_B1_F_ROOM2,SSAnne_B1F_Room2,MAINLAND,RESERVED,yes,stub,RESERVED,V2=K29; layout=LAYOUT_SSANNE_ROOM2
KANTO_DUNGEON_SSANNE_B1_F_ROOM3,SSAnne_B1F_Room3,MAINLAND,RESERVED,yes,stub,RESERVED,V2=K29; layout=LAYOUT_SSANNE_ROOM2
KANTO_DUNGEON_SSANNE_B1_F_ROOM4,SSAnne_B1F_Room4,MAINLAND,RESERVED,yes,stub,RESERVED,V2=K29; layout=LAYOUT_SSANNE_ROOM2
KANTO_DUNGEON_SSANNE_B1_F_ROOM5,SSAnne_B1F_Room5,MAINLAND,RESERVED,yes,stub,RESERVED,V2=K29; layout=LAYOUT_SSANNE_ROOM2
KANTO_DUNGEON_SSANNE_1_F_ROOM6,SSAnne_1F_Room6,MAINLAND,RESERVED,yes,stub,RESERVED,V2=K29; layout=LAYOUT_SSANNE_ROOM1
KANTO_DUNGEON_UNDERGROUND_PATH_NORTH_ENTRANCE,UndergroundPath_NorthEntrance,MAINLAND,RESERVED,yes,stub,RESERVED,V2=K05; layout=LAYOUT_UNDERGROUND_PATH_ENTRANCE
KANTO_DUNGEON_UNDERGROUND_PATH_NORTH_SOUTH_TUNNEL,UndergroundPath_NorthSouthTunnel,MAINLAND,RESERVED,yes,stub,RESERVED,V2=K05; layout=LAYOUT_UNDERGROUND_PATH_NORTH_SOUTH_TUNNEL
KANTO_DUNGEON_UNDERGROUND_PATH_SOUTH_ENTRANCE,UndergroundPath_SouthEntrance,MAINLAND,RESERVED,yes,stub,RESERVED,V2=K06; layout=LAYOUT_UNDERGROUND_PATH_ENTRANCE
KANTO_DUNGEON_UNDERGROUND_PATH_WEST_ENTRANCE,UndergroundPath_WestEntrance,MAINLAND,RESERVED,yes,stub,RESERVED,V2=K07; layout=LAYOUT_UNDERGROUND_PATH_ENTRANCE
KANTO_DUNGEON_UNDERGROUND_PATH_EAST_WEST_TUNNEL,UndergroundPath_EastWestTunnel,MAINLAND,RESERVED,yes,stub,RESERVED,V2=K08; layout=LAYOUT_UNDERGROUND_PATH_EAST_WEST_TUNNEL
KANTO_DUNGEON_UNDERGROUND_PATH_EAST_ENTRANCE,UndergroundPath_EastEntrance,MAINLAND,RESERVED,yes,stub,RESERVED,V2=K08; layout=LAYOUT_UNDERGROUND_PATH_ENTRANCE
KANTO_DUNGEON_DIGLETTS_CAVE_NORTH_ENTRANCE,DiglettsCave_NorthEntrance,MAINLAND,RESERVED,yes,stub,RESERVED,V2=K28; layout=LAYOUT_DIGLETTS_CAVE_NORTH_ENTRANCE
KANTO_DUNGEON_DIGLETTS_CAVE_B1_F,DiglettsCave_B1F,MAINLAND,RESERVED,yes,stub,RESERVED,V2=K28; layout=LAYOUT_DIGLETTS_CAVE_B1F
KANTO_DUNGEON_DIGLETTS_CAVE_SOUTH_ENTRANCE,DiglettsCave_SouthEntrance,MAINLAND,RESERVED,yes,stub,RESERVED,V2=K28; layout=LAYOUT_DIGLETTS_CAVE_SOUTH_ENTRANCE
KANTO_DUNGEON_VICTORY_ROAD_1_F,VictoryRoad_1F,MAINLAND,RESERVED,yes,stub,RESERVED,V2=K42; layout=LAYOUT_VICTORY_ROAD_1F
KANTO_DUNGEON_VICTORY_ROAD_2_F,VictoryRoad_2F,MAINLAND,RESERVED,yes,stub,RESERVED,V2=K42; layout=LAYOUT_VICTORY_ROAD_2F
KANTO_DUNGEON_VICTORY_ROAD_3_F,VictoryRoad_3F,MAINLAND,RESERVED,yes,stub,RESERVED,V2=K42; layout=LAYOUT_VICTORY_ROAD_3F
KANTO_DUNGEON_ROCKET_HIDEOUT_B1_F,RocketHideout_B1F,MAINLAND,RESERVED,yes,stub,RESERVED,V2=K32; layout=LAYOUT_ROCKET_HIDEOUT_B1F
KANTO_DUNGEON_ROCKET_HIDEOUT_B2_F,RocketHideout_B2F,MAINLAND,RESERVED,yes,stub,RESERVED,V2=K32; layout=LAYOUT_ROCKET_HIDEOUT_B2F
KANTO_DUNGEON_ROCKET_HIDEOUT_B3_F,RocketHideout_B3F,MAINLAND,RESERVED,yes,stub,RESERVED,V2=K32; layout=LAYOUT_ROCKET_HIDEOUT_B3F
KANTO_DUNGEON_ROCKET_HIDEOUT_B4_F,RocketHideout_B4F,MAINLAND,RESERVED,yes,stub,RESERVED,V2=K32; layout=LAYOUT_ROCKET_HIDEOUT_B4F
KANTO_DUNGEON_ROCKET_HIDEOUT_ELEVATOR,RocketHideout_Elevator,MAINLAND,RESERVED,yes,stub,RESERVED,V2=K32; layout=LAYOUT_ROCKET_HIDEOUT_ELEVATOR
KANTO_DUNGEON_SILPH_CO_1_F,SilphCo_1F,MAINLAND,RESERVED,yes,stub,RESERVED,V2=K41; layout=LAYOUT_SILPH_CO_1F
KANTO_DUNGEON_SILPH_CO_2_F,SilphCo_2F,MAINLAND,RESERVED,yes,stub,RESERVED,V2=K41; layout=LAYOUT_SILPH_CO_2F
KANTO_DUNGEON_SILPH_CO_3_F,SilphCo_3F,MAINLAND,RESERVED,yes,stub,RESERVED,V2=K41; layout=LAYOUT_SILPH_CO_3F
KANTO_DUNGEON_SILPH_CO_4_F,SilphCo_4F,MAINLAND,RESERVED,yes,stub,RESERVED,V2=K41; layout=LAYOUT_SILPH_CO_4F
KANTO_DUNGEON_SILPH_CO_5_F,SilphCo_5F,MAINLAND,RESERVED,yes,stub,RESERVED,V2=K41; layout=LAYOUT_SILPH_CO_5F
KANTO_DUNGEON_SILPH_CO_6_F,SilphCo_6F,MAINLAND,RESERVED,yes,stub,RESERVED,V2=K41; layout=LAYOUT_SILPH_CO_6F
KANTO_DUNGEON_SILPH_CO_7_F,SilphCo_7F,MAINLAND,RESERVED,yes,stub,RESERVED,V2=K41; layout=LAYOUT_SILPH_CO_7F
KANTO_DUNGEON_SILPH_CO_8_F,SilphCo_8F,MAINLAND,RESERVED,yes,stub,RESERVED,V2=K41; layout=LAYOUT_SILPH_CO_8F
KANTO_DUNGEON_SILPH_CO_9_F,SilphCo_9F,MAINLAND,RESERVED,yes,stub,RESERVED,V2=K41; layout=LAYOUT_SILPH_CO_9F
KANTO_DUNGEON_SILPH_CO_10_F,SilphCo_10F,MAINLAND,RESERVED,yes,stub,RESERVED,V2=K41; layout=LAYOUT_SILPH_CO_10F
KANTO_DUNGEON_SILPH_CO_11_F,SilphCo_11F,MAINLAND,RESERVED,yes,stub,RESERVED,V2=K41; layout=LAYOUT_SILPH_CO_11F
KANTO_DUNGEON_SILPH_CO_ELEVATOR,SilphCo_Elevator,MAINLAND,RESERVED,yes,stub,RESERVED,V2=K41; layout=LAYOUT_SILPH_CO_ELEVATOR
KANTO_DUNGEON_POKEMON_MANSION_1_F,PokemonMansion_1F,MAINLAND,RESERVED,yes,stub,RESERVED,V2=K39; layout=LAYOUT_POKEMON_MANSION_1F
KANTO_DUNGEON_POKEMON_MANSION_2_F,PokemonMansion_2F,MAINLAND,RESERVED,yes,stub,RESERVED,V2=K39; layout=LAYOUT_POKEMON_MANSION_2F
KANTO_DUNGEON_POKEMON_MANSION_3_F,PokemonMansion_3F,MAINLAND,RESERVED,yes,stub,RESERVED,V2=K39; layout=LAYOUT_POKEMON_MANSION_3F
KANTO_DUNGEON_POKEMON_MANSION_B1_F,PokemonMansion_B1F,MAINLAND,RESERVED,yes,stub,RESERVED,V2=K39; layout=LAYOUT_POKEMON_MANSION_B1F
KANTO_DUNGEON_SAFARI_ZONE_CENTER,SafariZone_Center,MAINLAND,RESERVED,yes,stub,RESERVED,V2=K34; layout=LAYOUT_SAFARI_ZONE_CENTER
KANTO_DUNGEON_SAFARI_ZONE_EAST,SafariZone_East,MAINLAND,RESERVED,yes,stub,RESERVED,V2=K35; layout=LAYOUT_SAFARI_ZONE_EAST
KANTO_DUNGEON_SAFARI_ZONE_NORTH,SafariZone_North,MAINLAND,RESERVED,yes,stub,RESERVED,V2=K36; layout=LAYOUT_SAFARI_ZONE_NORTH
KANTO_DUNGEON_SAFARI_ZONE_WEST,SafariZone_West,MAINLAND,RESERVED,yes,stub,RESERVED,V2=K37; layout=LAYOUT_SAFARI_ZONE_WEST
KANTO_DUNGEON_SAFARI_ZONE_CENTER_REST_HOUSE,SafariZone_Center_RestHouse,MAINLAND,RESERVED,yes,stub,RESERVED,V2=K34; layout=LAYOUT_SAFARI_ZONE_REST_HOUSE
KANTO_DUNGEON_SAFARI_ZONE_EAST_REST_HOUSE,SafariZone_East_RestHouse,MAINLAND,RESERVED,yes,stub,RESERVED,V2=K35; layout=LAYOUT_SAFARI_ZONE_REST_HOUSE
KANTO_DUNGEON_SAFARI_ZONE_NORTH_REST_HOUSE,SafariZone_North_RestHouse,MAINLAND,RESERVED,yes,stub,RESERVED,V2=K36; layout=LAYOUT_SAFARI_ZONE_REST_HOUSE
KANTO_DUNGEON_SAFARI_ZONE_WEST_REST_HOUSE,SafariZone_West_RestHouse,MAINLAND,RESERVED,yes,stub,RESERVED,V2=K37; layout=LAYOUT_SAFARI_ZONE_REST_HOUSE
KANTO_DUNGEON_SAFARI_ZONE_SECRET_HOUSE,SafariZone_SecretHouse,MAINLAND,RESERVED,yes,stub,RESERVED,V2=K34; layout=LAYOUT_SAFARI_ZONE_SECRET_HOUSE
KANTO_DUNGEON_CERULEAN_CAVE_1_F,CeruleanCave_1F,MAINLAND,RESERVED,yes,stub,RESERVED,V2=K43; layout=LAYOUT_CERULEAN_CAVE_1F
KANTO_DUNGEON_CERULEAN_CAVE_2_F,CeruleanCave_2F,MAINLAND,RESERVED,yes,stub,RESERVED,V2=K43; layout=LAYOUT_CERULEAN_CAVE_2F
KANTO_DUNGEON_CERULEAN_CAVE_B1_F,CeruleanCave_B1F,MAINLAND,RESERVED,yes,stub,RESERVED,V2=K43; layout=LAYOUT_CERULEAN_CAVE_B1F
KANTO_DUNGEON_POKEMON_LEAGUE_LORELEIS_ROOM,PokemonLeague_LoreleisRoom,MAINLAND,RESERVED,yes,stub,RESERVED,V2=K42; layout=LAYOUT_POKEMON_LEAGUE_LORELEIS_ROOM
KANTO_DUNGEON_POKEMON_LEAGUE_BRUNOS_ROOM,PokemonLeague_BrunosRoom,MAINLAND,RESERVED,yes,stub,RESERVED,V2=K42; layout=LAYOUT_POKEMON_LEAGUE_BRUNOS_ROOM
KANTO_DUNGEON_POKEMON_LEAGUE_AGATHAS_ROOM,PokemonLeague_AgathasRoom,MAINLAND,RESERVED,yes,stub,RESERVED,V2=K42; layout=LAYOUT_POKEMON_LEAGUE_AGATHAS_ROOM
KANTO_DUNGEON_POKEMON_LEAGUE_LANCES_ROOM,PokemonLeague_LancesRoom,MAINLAND,RESERVED,yes,stub,RESERVED,V2=K42; layout=LAYOUT_POKEMON_LEAGUE_LANCES_ROOM
KANTO_DUNGEON_POKEMON_LEAGUE_CHAMPIONS_ROOM,PokemonLeague_ChampionsRoom,MAINLAND,RESERVED,yes,stub,RESERVED,V2=K42; layout=LAYOUT_POKEMON_LEAGUE_CHAMPIONS_ROOM
KANTO_DUNGEON_POKEMON_LEAGUE_HALL_OF_FAME,PokemonLeague_HallOfFame,MAINLAND,RESERVED,yes,stub,RESERVED,V2=K42; layout=LAYOUT_POKEMON_LEAGUE_HALL_OF_FAME
KANTO_DUNGEON_ROCK_TUNNEL_1_F,RockTunnel_1F,MAINLAND,RESERVED,yes,stub,RESERVED,V2=K30; layout=LAYOUT_ROCK_TUNNEL_1F
KANTO_DUNGEON_ROCK_TUNNEL_B1_F,RockTunnel_B1F,MAINLAND,RESERVED,yes,stub,RESERVED,V2=K30; layout=LAYOUT_ROCK_TUNNEL_B1F
KANTO_DUNGEON_SEAFOAM_ISLANDS_1_F,SeafoamIslands_1F,MAINLAND,RESERVED,yes,stub,RESERVED,V2=K38; layout=LAYOUT_SEAFOAM_ISLANDS_1F
KANTO_DUNGEON_SEAFOAM_ISLANDS_B1_F,SeafoamIslands_B1F,MAINLAND,RESERVED,yes,stub,RESERVED,V2=K38; layout=LAYOUT_SEAFOAM_ISLANDS_B1F
KANTO_DUNGEON_SEAFOAM_ISLANDS_B2_F,SeafoamIslands_B2F,MAINLAND,RESERVED,yes,stub,RESERVED,V2=K38; layout=LAYOUT_SEAFOAM_ISLANDS_B2F
KANTO_DUNGEON_SEAFOAM_ISLANDS_B3_F,SeafoamIslands_B3F,MAINLAND,RESERVED,yes,stub,RESERVED,V2=K38; layout=LAYOUT_SEAFOAM_ISLANDS_B3F
KANTO_DUNGEON_SEAFOAM_ISLANDS_B4_F,SeafoamIslands_B4F,MAINLAND,RESERVED,yes,stub,RESERVED,V2=K38; layout=LAYOUT_SEAFOAM_ISLANDS_B4F
KANTO_DUNGEON_POKEMON_TOWER_1_F,PokemonTower_1F,MAINLAND,RESERVED,yes,stub,RESERVED,V2=K31; layout=LAYOUT_POKEMON_TOWER_1F
KANTO_DUNGEON_POKEMON_TOWER_2_F,PokemonTower_2F,MAINLAND,RESERVED,yes,stub,RESERVED,V2=K31; layout=LAYOUT_POKEMON_TOWER_2F
KANTO_DUNGEON_POKEMON_TOWER_3_F,PokemonTower_3F,MAINLAND,RESERVED,yes,stub,RESERVED,V2=K31; layout=LAYOUT_POKEMON_TOWER_3F
KANTO_DUNGEON_POKEMON_TOWER_4_F,PokemonTower_4F,MAINLAND,RESERVED,yes,stub,RESERVED,V2=K31; layout=LAYOUT_POKEMON_TOWER_4F
KANTO_DUNGEON_POKEMON_TOWER_5_F,PokemonTower_5F,MAINLAND,RESERVED,yes,stub,RESERVED,V2=K31; layout=LAYOUT_POKEMON_TOWER_5F
KANTO_DUNGEON_POKEMON_TOWER_6_F,PokemonTower_6F,MAINLAND,RESERVED,yes,stub,RESERVED,V2=K31; layout=LAYOUT_POKEMON_TOWER_6F
KANTO_DUNGEON_POKEMON_TOWER_7_F,PokemonTower_7F,MAINLAND,RESERVED,yes,stub,RESERVED,V2=K31; layout=LAYOUT_POKEMON_TOWER_7F
KANTO_DUNGEON_POWER_PLANT,PowerPlant,MAINLAND,RESERVED,yes,stub,RESERVED,V2=K40; layout=LAYOUT_POWER_PLANT
KANTO_OUTDOOR_PALLET_TOWN,PalletTown,MAINLAND,RESERVED,yes,stub,RESERVED,V2=K47; layout=LAYOUT_PALLET_TOWN
KANTO_OUTDOOR_VIRIDIAN_CITY,ViridianCity,MAINLAND,RESERVED,yes,stub,RESERVED,V2=K26; layout=LAYOUT_VIRIDIAN_CITY
KANTO_OUTDOOR_PEWTER_CITY,PewterCity,MAINLAND,RESERVED,yes,stub,RESERVED,V2=K44; layout=LAYOUT_PEWTER_CITY
KANTO_OUTDOOR_CERULEAN_CITY,CeruleanCity,MAINLAND,RESERVED,yes,stub,RESERVED,V2=K43; layout=LAYOUT_CERULEAN_CITY
KANTO_OUTDOOR_LAVENDER_TOWN,LavenderTown,MAINLAND,RESERVED,yes,stub,RESERVED,V2=K31; layout=LAYOUT_LAVENDER_TOWN
KANTO_OUTDOOR_VERMILION_CITY,VermilionCity,MAINLAND,RESERVED,yes,stub,RESERVED,V2=K46; layout=LAYOUT_VERMILION_CITY
KANTO_OUTDOOR_CELADON_CITY,CeladonCity,MAINLAND,RESERVED,yes,stub,RESERVED,V2=K33; layout=LAYOUT_CELADON_CITY
KANTO_OUTDOOR_FUCHSIA_CITY,FuchsiaCity,MAINLAND,RESERVED,yes,stub,RESERVED,V2=K34; layout=LAYOUT_FUCHSIA_CITY
KANTO_OUTDOOR_CINNABAR_ISLAND,CinnabarIsland,MAINLAND,RESERVED,yes,stub,RESERVED,V2=K45; layout=LAYOUT_CINNABAR_ISLAND
KANTO_OUTDOOR_INDIGO_PLATEAU_EXTERIOR,IndigoPlateau_Exterior,MAINLAND,RESERVED,yes,stub,RESERVED,V2=K42; layout=LAYOUT_INDIGO_PLATEAU_EXTERIOR
KANTO_OUTDOOR_SAFFRON_CITY,SaffronCity,MAINLAND,RESERVED,yes,stub,RESERVED,V2=K41; layout=LAYOUT_SAFFRON_CITY
KANTO_OUTDOOR_SAFFRON_CITY_CONNECTION,SaffronCity_Connection,MAINLAND,RESERVED,yes,stub,RESERVED,V2=K41; layout=LAYOUT_SAFFRON_CITY_CONNECTION
KANTO_OUTDOOR_ROUTE1,Route1,MAINLAND,RESERVED,yes,stub,RESERVED,V2=K01; layout=LAYOUT_ROUTE1
KANTO_OUTDOOR_ROUTE2,Route2,MAINLAND,RESERVED,yes,stub,RESERVED,V2=K02; layout=LAYOUT_ROUTE2
KANTO_OUTDOOR_ROUTE3,Route3,MAINLAND,RESERVED,yes,stub,RESERVED,V2=K03; layout=LAYOUT_ROUTE3
KANTO_OUTDOOR_ROUTE4,Route4,MAINLAND,RESERVED,yes,stub,RESERVED,V2=K04; layout=LAYOUT_ROUTE4
KANTO_OUTDOOR_ROUTE5,Route5,MAINLAND,RESERVED,yes,stub,RESERVED,V2=K05; layout=LAYOUT_ROUTE5
KANTO_OUTDOOR_ROUTE6,Route6,MAINLAND,RESERVED,yes,stub,RESERVED,V2=K06; layout=LAYOUT_ROUTE6
KANTO_OUTDOOR_ROUTE7,Route7,MAINLAND,RESERVED,yes,stub,RESERVED,V2=K07; layout=LAYOUT_ROUTE7
KANTO_OUTDOOR_ROUTE8,Route8,MAINLAND,RESERVED,yes,stub,RESERVED,V2=K08; layout=LAYOUT_ROUTE8
KANTO_OUTDOOR_ROUTE9,Route9,MAINLAND,RESERVED,yes,stub,RESERVED,V2=K09; layout=LAYOUT_ROUTE9
KANTO_OUTDOOR_ROUTE10,Route10,MAINLAND,RESERVED,yes,stub,RESERVED,V2=K10; layout=LAYOUT_ROUTE10
KANTO_OUTDOOR_ROUTE11,Route11,MAINLAND,RESERVED,yes,stub,RESERVED,V2=K11; layout=LAYOUT_ROUTE11
KANTO_OUTDOOR_ROUTE12,Route12,MAINLAND,RESERVED,yes,stub,RESERVED,V2=K12; layout=LAYOUT_ROUTE12
KANTO_OUTDOOR_ROUTE13,Route13,MAINLAND,RESERVED,yes,stub,RESERVED,V2=K13; layout=LAYOUT_ROUTE13
KANTO_OUTDOOR_ROUTE14,Route14,MAINLAND,RESERVED,yes,stub,RESERVED,V2=K14; layout=LAYOUT_ROUTE14
KANTO_OUTDOOR_ROUTE15,Route15,MAINLAND,RESERVED,yes,stub,RESERVED,V2=K15; layout=LAYOUT_ROUTE15
KANTO_OUTDOOR_ROUTE16,Route16,MAINLAND,RESERVED,yes,stub,RESERVED,V2=K16; layout=LAYOUT_ROUTE16
KANTO_OUTDOOR_ROUTE17,Route17,MAINLAND,RESERVED,yes,stub,RESERVED,V2=K17; layout=LAYOUT_ROUTE17
KANTO_OUTDOOR_ROUTE18,Route18,MAINLAND,RESERVED,yes,stub,RESERVED,V2=K18; layout=LAYOUT_ROUTE18
KANTO_OUTDOOR_ROUTE19,Route19,MAINLAND,RESERVED,yes,stub,RESERVED,V2=K19; layout=LAYOUT_ROUTE19
KANTO_OUTDOOR_ROUTE20,Route20,MAINLAND,RESERVED,yes,stub,RESERVED,V2=K20; layout=LAYOUT_ROUTE20
KANTO_OUTDOOR_ROUTE21_NORTH,Route21_North,MAINLAND,RESERVED,yes,stub,RESERVED,V2=K21; layout=LAYOUT_ROUTE21_NORTH
KANTO_OUTDOOR_ROUTE21_SOUTH,Route21_South,MAINLAND,RESERVED,yes,stub,RESERVED,V2=K21; layout=LAYOUT_ROUTE21_SOUTH
KANTO_OUTDOOR_ROUTE22,Route22,MAINLAND,RESERVED,yes,stub,RESERVED,V2=K22; layout=LAYOUT_ROUTE22
KANTO_OUTDOOR_ROUTE23,Route23,MAINLAND,RESERVED,yes,stub,RESERVED,V2=K23; layout=LAYOUT_ROUTE23
KANTO_OUTDOOR_ROUTE24,Route24,MAINLAND,RESERVED,yes,stub,RESERVED,V2=K24; layout=LAYOUT_ROUTE24
KANTO_OUTDOOR_ROUTE25,Route25,MAINLAND,RESERVED,yes,stub,RESERVED,V2=K25; layout=LAYOUT_ROUTE25
KANTO_INDOOR_PALLET_TOWN_PLAYERS_HOUSE_1_F,PalletTown_PlayersHouse_1F,MAINLAND,RESERVED,yes,stub,RESERVED,V2=K47; layout=LAYOUT_PALLET_TOWN_PLAYERS_HOUSE_1F
KANTO_INDOOR_PALLET_TOWN_PLAYERS_HOUSE_2_F,PalletTown_PlayersHouse_2F,MAINLAND,RESERVED,yes,stub,RESERVED,V2=K47; layout=LAYOUT_PALLET_TOWN_PLAYERS_HOUSE_2F
KANTO_INDOOR_PALLET_TOWN_RIVALS_HOUSE,PalletTown_RivalsHouse,MAINLAND,RESERVED,yes,stub,RESERVED,V2=K47; layout=LAYOUT_PALLET_TOWN_RIVALS_HOUSE
KANTO_INDOOR_PALLET_TOWN_PROFESSOR_OAKS_LAB,PalletTown_ProfessorOaksLab,MAINLAND,RESERVED,yes,stub,RESERVED,V2=K47; layout=LAYOUT_PALLET_TOWN_PROFESSOR_OAKS_LAB
KANTO_INDOOR_VIRIDIAN_CITY_HOUSE,ViridianCity_House,MAINLAND,RESERVED,yes,stub,RESERVED,V2=K26; layout=LAYOUT_VIRIDIAN_CITY_HOUSE
KANTO_INDOOR_VIRIDIAN_CITY_GYM,ViridianCity_Gym,MAINLAND,RESERVED,yes,stub,RESERVED,V2=K26; layout=LAYOUT_VIRIDIAN_CITY_GYM
KANTO_INDOOR_VIRIDIAN_CITY_SCHOOL,ViridianCity_School,MAINLAND,RESERVED,yes,stub,RESERVED,V2=K26; layout=LAYOUT_VIRIDIAN_CITY_SCHOOL
KANTO_INDOOR_VIRIDIAN_CITY_MART,ViridianCity_Mart,MAINLAND,RESERVED,yes,stub,RESERVED,V2=K26; layout=LAYOUT_MART
KANTO_INDOOR_VIRIDIAN_CITY_POKEMON_CENTER_1_F,ViridianCity_PokemonCenter_1F,MAINLAND,RESERVED,yes,stub,RESERVED,V2=K26; layout=LAYOUT_POKEMON_CENTER_1F
KANTO_INDOOR_VIRIDIAN_CITY_POKEMON_CENTER_2_F,ViridianCity_PokemonCenter_2F,MAINLAND,RESERVED,yes,stub,RESERVED,V2=K26; layout=LAYOUT_POKEMON_CENTER_2F
KANTO_INDOOR_PEWTER_CITY_MUSEUM_1_F,PewterCity_Museum_1F,MAINLAND,RESERVED,yes,stub,RESERVED,V2=K44; layout=LAYOUT_PEWTER_CITY_MUSEUM_1F
KANTO_INDOOR_PEWTER_CITY_MUSEUM_2_F,PewterCity_Museum_2F,MAINLAND,RESERVED,yes,stub,RESERVED,V2=K44; layout=LAYOUT_PEWTER_CITY_MUSEUM_2F
KANTO_INDOOR_PEWTER_CITY_GYM,PewterCity_Gym,MAINLAND,RESERVED,yes,stub,RESERVED,V2=K44; layout=LAYOUT_PEWTER_CITY_GYM
KANTO_INDOOR_PEWTER_CITY_MART,PewterCity_Mart,MAINLAND,RESERVED,yes,stub,RESERVED,V2=K44; layout=LAYOUT_MART
KANTO_INDOOR_PEWTER_CITY_HOUSE1,PewterCity_House1,MAINLAND,RESERVED,yes,stub,RESERVED,V2=K44; layout=LAYOUT_HOUSE2
KANTO_INDOOR_PEWTER_CITY_POKEMON_CENTER_1_F,PewterCity_PokemonCenter_1F,MAINLAND,RESERVED,yes,stub,RESERVED,V2=K44; layout=LAYOUT_POKEMON_CENTER_1F
KANTO_INDOOR_PEWTER_CITY_POKEMON_CENTER_2_F,PewterCity_PokemonCenter_2F,MAINLAND,RESERVED,yes,stub,RESERVED,V2=K44; layout=LAYOUT_POKEMON_CENTER_2F
KANTO_INDOOR_PEWTER_CITY_HOUSE2,PewterCity_House2,MAINLAND,RESERVED,yes,stub,RESERVED,V2=K44; layout=LAYOUT_HOUSE2
KANTO_INDOOR_CERULEAN_CITY_HOUSE1,CeruleanCity_House1,MAINLAND,RESERVED,yes,stub,RESERVED,V2=K43; layout=LAYOUT_CERULEAN_CITY_HOUSE1
KANTO_INDOOR_CERULEAN_CITY_HOUSE2,CeruleanCity_House2,MAINLAND,RESERVED,yes,stub,RESERVED,V2=K43; layout=LAYOUT_CERULEAN_CITY_HOUSE2
KANTO_INDOOR_CERULEAN_CITY_HOUSE3,CeruleanCity_House3,MAINLAND,RESERVED,yes,stub,RESERVED,V2=K43; layout=LAYOUT_HOUSE1
KANTO_INDOOR_CERULEAN_CITY_POKEMON_CENTER_1_F,CeruleanCity_PokemonCenter_1F,MAINLAND,RESERVED,yes,stub,RESERVED,V2=K43; layout=LAYOUT_POKEMON_CENTER_1F
KANTO_INDOOR_CERULEAN_CITY_POKEMON_CENTER_2_F,CeruleanCity_PokemonCenter_2F,MAINLAND,RESERVED,yes,stub,RESERVED,V2=K43; layout=LAYOUT_POKEMON_CENTER_2F
KANTO_INDOOR_CERULEAN_CITY_GYM,CeruleanCity_Gym,MAINLAND,RESERVED,yes,stub,RESERVED,V2=K43; layout=LAYOUT_CERULEAN_CITY_GYM
KANTO_INDOOR_CERULEAN_CITY_BIKE_SHOP,CeruleanCity_BikeShop,MAINLAND,RESERVED,yes,stub,RESERVED,V2=K43; layout=LAYOUT_CERULEAN_CITY_BIKE_SHOP
KANTO_INDOOR_CERULEAN_CITY_MART,CeruleanCity_Mart,MAINLAND,RESERVED,yes,stub,RESERVED,V2=K43; layout=LAYOUT_MART
KANTO_INDOOR_CERULEAN_CITY_HOUSE4,CeruleanCity_House4,MAINLAND,RESERVED,yes,stub,RESERVED,V2=K43; layout=LAYOUT_HOUSE1
KANTO_INDOOR_CERULEAN_CITY_HOUSE5,CeruleanCity_House5,MAINLAND,RESERVED,yes,stub,RESERVED,V2=K43; layout=LAYOUT_CERULEAN_CITY_HOUSE5
KANTO_INDOOR_LAVENDER_TOWN_POKEMON_CENTER_1_F,LavenderTown_PokemonCenter_1F,MAINLAND,RESERVED,yes,stub,RESERVED,V2=K31; layout=LAYOUT_POKEMON_CENTER_1F
KANTO_INDOOR_LAVENDER_TOWN_POKEMON_CENTER_2_F,LavenderTown_PokemonCenter_2F,MAINLAND,RESERVED,yes,stub,RESERVED,V2=K31; layout=LAYOUT_POKEMON_CENTER_2F
KANTO_INDOOR_LAVENDER_TOWN_VOLUNTEER_POKEMON_HOUSE,LavenderTown_VolunteerPokemonHouse,MAINLAND,RESERVED,yes,stub,RESERVED,V2=K31; layout=LAYOUT_LAVENDER_TOWN_VOLUNTEER_POKEMON_HOUSE
KANTO_INDOOR_LAVENDER_TOWN_HOUSE1,LavenderTown_House1,MAINLAND,RESERVED,yes,stub,RESERVED,V2=K31; layout=LAYOUT_HOUSE5
KANTO_INDOOR_LAVENDER_TOWN_HOUSE2,LavenderTown_House2,MAINLAND,RESERVED,yes,stub,RESERVED,V2=K31; layout=LAYOUT_HOUSE5
KANTO_INDOOR_LAVENDER_TOWN_MART,LavenderTown_Mart,MAINLAND,RESERVED,yes,stub,RESERVED,V2=K31; layout=LAYOUT_MART
KANTO_INDOOR_VERMILION_CITY_HOUSE1,VermilionCity_House1,MAINLAND,CANONICAL_IMPORT,yes,stub,IMPORTED,V2=K46; layout=LAYOUT_HOUSE1
KANTO_INDOOR_VERMILION_CITY_POKEMON_CENTER_1_F,VermilionCity_PokemonCenter_1F,MAINLAND,RESERVED,yes,stub,RESERVED,V2=K46; layout=LAYOUT_POKEMON_CENTER_1F
KANTO_INDOOR_VERMILION_CITY_POKEMON_CENTER_2_F,VermilionCity_PokemonCenter_2F,MAINLAND,RESERVED,yes,stub,RESERVED,V2=K46; layout=LAYOUT_POKEMON_CENTER_2F
KANTO_INDOOR_VERMILION_CITY_POKEMON_FAN_CLUB,VermilionCity_PokemonFanClub,MAINLAND,RESERVED,yes,stub,RESERVED,V2=K46; layout=LAYOUT_VERMILION_CITY_POKEMON_FAN_CLUB
KANTO_INDOOR_VERMILION_CITY_HOUSE2,VermilionCity_House2,MAINLAND,RESERVED,yes,stub,RESERVED,V2=K46; layout=LAYOUT_HOUSE1
KANTO_INDOOR_VERMILION_CITY_MART,VermilionCity_Mart,MAINLAND,RESERVED,yes,stub,RESERVED,V2=K46; layout=LAYOUT_MART
KANTO_INDOOR_VERMILION_CITY_GYM,VermilionCity_Gym,MAINLAND,RESERVED,yes,stub,RESERVED,V2=K46; layout=LAYOUT_VERMILION_CITY_GYM
KANTO_INDOOR_VERMILION_CITY_HOUSE3,VermilionCity_House3,MAINLAND,RESERVED,yes,stub,RESERVED,V2=K46; layout=LAYOUT_HOUSE1
KANTO_INDOOR_CELADON_CITY_DEPARTMENT_STORE_1_F,CeladonCity_DepartmentStore_1F,MAINLAND,RESERVED,yes,stub,RESERVED,V2=K33; layout=LAYOUT_CELADON_CITY_DEPARTMENT_STORE_1F
KANTO_INDOOR_CELADON_CITY_DEPARTMENT_STORE_2_F,CeladonCity_DepartmentStore_2F,MAINLAND,RESERVED,yes,stub,RESERVED,V2=K33; layout=LAYOUT_CELADON_CITY_DEPARTMENT_STORE_2F
KANTO_INDOOR_CELADON_CITY_DEPARTMENT_STORE_3_F,CeladonCity_DepartmentStore_3F,MAINLAND,RESERVED,yes,stub,RESERVED,V2=K33; layout=LAYOUT_CELADON_CITY_DEPARTMENT_STORE_3F
KANTO_INDOOR_CELADON_CITY_DEPARTMENT_STORE_4_F,CeladonCity_DepartmentStore_4F,MAINLAND,RESERVED,yes,stub,RESERVED,V2=K33; layout=LAYOUT_CELADON_CITY_DEPARTMENT_STORE_4F
KANTO_INDOOR_CELADON_CITY_DEPARTMENT_STORE_5_F,CeladonCity_DepartmentStore_5F,MAINLAND,RESERVED,yes,stub,RESERVED,V2=K33; layout=LAYOUT_CELADON_CITY_DEPARTMENT_STORE_5F
KANTO_INDOOR_CELADON_CITY_DEPARTMENT_STORE_ROOF,CeladonCity_DepartmentStore_Roof,MAINLAND,RESERVED,yes,stub,RESERVED,V2=K33; layout=LAYOUT_CELADON_CITY_DEPARTMENT_STORE_ROOF
KANTO_INDOOR_CELADON_CITY_DEPARTMENT_STORE_ELEVATOR,CeladonCity_DepartmentStore_Elevator,MAINLAND,RESERVED,yes,stub,RESERVED,V2=K33; layout=LAYOUT_CELADON_CITY_DEPARTMENT_STORE_ELEVATOR
KANTO_INDOOR_CELADON_CITY_CONDOMINIUMS_1_F,CeladonCity_Condominiums_1F,MAINLAND,RESERVED,yes,stub,RESERVED,V2=K33; layout=LAYOUT_CELADON_CITY_CONDOMINIUMS_1F
KANTO_INDOOR_CELADON_CITY_CONDOMINIUMS_2_F,CeladonCity_Condominiums_2F,MAINLAND,RESERVED,yes,stub,RESERVED,V2=K33; layout=LAYOUT_CELADON_CITY_CONDOMINIUMS_2F
KANTO_INDOOR_CELADON_CITY_CONDOMINIUMS_3_F,CeladonCity_Condominiums_3F,MAINLAND,RESERVED,yes,stub,RESERVED,V2=K33; layout=LAYOUT_CELADON_CITY_CONDOMINIUMS_3F
KANTO_INDOOR_CELADON_CITY_CONDOMINIUMS_ROOF,CeladonCity_Condominiums_Roof,MAINLAND,RESERVED,yes,stub,RESERVED,V2=K33; layout=LAYOUT_CELADON_CITY_CONDOMINIUMS_ROOF
KANTO_INDOOR_CELADON_CITY_CONDOMINIUMS_ROOF_ROOM,CeladonCity_Condominiums_RoofRoom,MAINLAND,RESERVED,yes,stub,RESERVED,V2=K33; layout=LAYOUT_CELADON_CITY_CONDOMINIUMS_ROOF_ROOM
KANTO_INDOOR_CELADON_CITY_POKEMON_CENTER_1_F,CeladonCity_PokemonCenter_1F,MAINLAND,RESERVED,yes,stub,RESERVED,V2=K33; layout=LAYOUT_POKEMON_CENTER_1F
KANTO_INDOOR_CELADON_CITY_POKEMON_CENTER_2_F,CeladonCity_PokemonCenter_2F,MAINLAND,RESERVED,yes,stub,RESERVED,V2=K33; layout=LAYOUT_POKEMON_CENTER_2F
KANTO_INDOOR_CELADON_CITY_GAME_CORNER,CeladonCity_GameCorner,MAINLAND,RESERVED,yes,stub,RESERVED,V2=K33; layout=LAYOUT_CELADON_CITY_GAME_CORNER
KANTO_INDOOR_CELADON_CITY_GAME_CORNER_PRIZE_ROOM,CeladonCity_GameCorner_PrizeRoom,MAINLAND,RESERVED,yes,stub,RESERVED,V2=K33; layout=LAYOUT_CELADON_CITY_GAME_CORNER_PRIZE_ROOM
KANTO_INDOOR_CELADON_CITY_GYM,CeladonCity_Gym,MAINLAND,RESERVED,yes,stub,RESERVED,V2=K33; layout=LAYOUT_CELADON_CITY_GYM
KANTO_INDOOR_CELADON_CITY_RESTAURANT,CeladonCity_Restaurant,MAINLAND,RESERVED,yes,stub,RESERVED,V2=K33; layout=LAYOUT_CELADON_CITY_RESTAURANT
KANTO_INDOOR_CELADON_CITY_HOUSE1,CeladonCity_House1,MAINLAND,RESERVED,yes,stub,RESERVED,V2=K33; layout=LAYOUT_HOUSE5
KANTO_INDOOR_CELADON_CITY_HOTEL,CeladonCity_Hotel,MAINLAND,RESERVED,yes,stub,RESERVED,V2=K33; layout=LAYOUT_CELADON_CITY_HOTEL
KANTO_INDOOR_FUCHSIA_CITY_SAFARI_ZONE_ENTRANCE,FuchsiaCity_SafariZone_Entrance,MAINLAND,RESERVED,yes,stub,RESERVED,V2=K34; layout=LAYOUT_FUCHSIA_CITY_SAFARI_ZONE_ENTRANCE
KANTO_INDOOR_FUCHSIA_CITY_MART,FuchsiaCity_Mart,MAINLAND,RESERVED,yes,stub,RESERVED,V2=K34; layout=LAYOUT_MART
KANTO_INDOOR_FUCHSIA_CITY_SAFARI_ZONE_OFFICE,FuchsiaCity_SafariZone_Office,MAINLAND,RESERVED,yes,stub,RESERVED,V2=K34; layout=LAYOUT_FUCHSIA_CITY_SAFARI_ZONE_OFFICE
KANTO_INDOOR_FUCHSIA_CITY_GYM,FuchsiaCity_Gym,MAINLAND,RESERVED,yes,stub,RESERVED,V2=K34; layout=LAYOUT_FUCHSIA_CITY_GYM
KANTO_INDOOR_FUCHSIA_CITY_HOUSE1,FuchsiaCity_House1,MAINLAND,RESERVED,yes,stub,RESERVED,V2=K34; layout=LAYOUT_HOUSE1
KANTO_INDOOR_FUCHSIA_CITY_POKEMON_CENTER_1_F,FuchsiaCity_PokemonCenter_1F,MAINLAND,RESERVED,yes,stub,RESERVED,V2=K34; layout=LAYOUT_POKEMON_CENTER_1F
KANTO_INDOOR_FUCHSIA_CITY_POKEMON_CENTER_2_F,FuchsiaCity_PokemonCenter_2F,MAINLAND,RESERVED,yes,stub,RESERVED,V2=K34; layout=LAYOUT_POKEMON_CENTER_2F
KANTO_INDOOR_FUCHSIA_CITY_WARDENS_HOUSE,FuchsiaCity_WardensHouse,MAINLAND,RESERVED,yes,stub,RESERVED,V2=K34; layout=LAYOUT_FUCHSIA_CITY_WARDENS_HOUSE
KANTO_INDOOR_FUCHSIA_CITY_HOUSE2,FuchsiaCity_House2,MAINLAND,RESERVED,yes,stub,RESERVED,V2=K34; layout=LAYOUT_FUCHSIA_CITY_HOUSE2
KANTO_INDOOR_FUCHSIA_CITY_HOUSE3,FuchsiaCity_House3,MAINLAND,RESERVED,yes,stub,RESERVED,V2=K34; layout=LAYOUT_HOUSE1
KANTO_INDOOR_CINNABAR_ISLAND_GYM,CinnabarIsland_Gym,MAINLAND,RESERVED,yes,stub,RESERVED,V2=K45; layout=LAYOUT_CINNABAR_ISLAND_GYM
KANTO_INDOOR_CINNABAR_ISLAND_POKEMON_LAB_ENTRANCE,CinnabarIsland_PokemonLab_Entrance,MAINLAND,RESERVED,yes,stub,RESERVED,V2=K45; layout=LAYOUT_CINNABAR_ISLAND_POKEMON_LAB_ENTRANCE
KANTO_INDOOR_CINNABAR_ISLAND_POKEMON_LAB_LOUNGE,CinnabarIsland_PokemonLab_Lounge,MAINLAND,RESERVED,yes,stub,RESERVED,V2=K45; layout=LAYOUT_CINNABAR_ISLAND_POKEMON_LAB_LOUNGE
KANTO_INDOOR_CINNABAR_ISLAND_POKEMON_LAB_RESEARCH_ROOM,CinnabarIsland_PokemonLab_ResearchRoom,MAINLAND,RESERVED,yes,stub,RESERVED,V2=K45; layout=LAYOUT_CINNABAR_ISLAND_POKEMON_LAB_RESEARCH_ROOM
KANTO_INDOOR_CINNABAR_ISLAND_POKEMON_LAB_EXPERIMENT_ROOM,CinnabarIsland_PokemonLab_ExperimentRoom,MAINLAND,RESERVED,yes,stub,RESERVED,V2=K45; layout=LAYOUT_CINNABAR_ISLAND_POKEMON_LAB_EXPERIMENT_ROOM
KANTO_INDOOR_CINNABAR_ISLAND_POKEMON_CENTER_1_F,CinnabarIsland_PokemonCenter_1F,MAINLAND,RESERVED,yes,stub,RESERVED,V2=K45; layout=LAYOUT_POKEMON_CENTER_1F
KANTO_INDOOR_CINNABAR_ISLAND_POKEMON_CENTER_2_F,CinnabarIsland_PokemonCenter_2F,MAINLAND,RESERVED,yes,stub,RESERVED,V2=K45; layout=LAYOUT_POKEMON_CENTER_2F
KANTO_INDOOR_CINNABAR_ISLAND_MART,CinnabarIsland_Mart,MAINLAND,RESERVED,yes,stub,RESERVED,V2=K45; layout=LAYOUT_MART
KANTO_INDOOR_INDIGO_PLATEAU_POKEMON_CENTER_1_F,IndigoPlateau_PokemonCenter_1F,MAINLAND,RESERVED,yes,stub,RESERVED,V2=K42; layout=LAYOUT_INDIGO_PLATEAU_POKEMON_CENTER_1F
KANTO_INDOOR_INDIGO_PLATEAU_POKEMON_CENTER_2_F,IndigoPlateau_PokemonCenter_2F,MAINLAND,RESERVED,yes,stub,RESERVED,V2=K42; layout=LAYOUT_POKEMON_CENTER_2F
KANTO_INDOOR_SAFFRON_CITY_COPYCATS_HOUSE_1_F,SaffronCity_CopycatsHouse_1F,MAINLAND,RESERVED,yes,stub,RESERVED,V2=K41; layout=LAYOUT_SAFFRON_CITY_COPYCATS_HOUSE_1F
KANTO_INDOOR_SAFFRON_CITY_COPYCATS_HOUSE_2_F,SaffronCity_CopycatsHouse_2F,MAINLAND,RESERVED,yes,stub,RESERVED,V2=K41; layout=LAYOUT_SAFFRON_CITY_COPYCATS_HOUSE_2F
KANTO_INDOOR_SAFFRON_CITY_DOJO,SaffronCity_Dojo,MAINLAND,RESERVED,yes,stub,RESERVED,V2=K41; layout=LAYOUT_SAFFRON_CITY_DOJO
KANTO_INDOOR_SAFFRON_CITY_GYM,SaffronCity_Gym,MAINLAND,RESERVED,yes,stub,RESERVED,V2=K41; layout=LAYOUT_SAFFRON_CITY_GYM
KANTO_INDOOR_SAFFRON_CITY_HOUSE,SaffronCity_House,MAINLAND,RESERVED,yes,stub,RESERVED,V2=K41; layout=LAYOUT_HOUSE5
KANTO_INDOOR_SAFFRON_CITY_MART,SaffronCity_Mart,MAINLAND,RESERVED,yes,stub,RESERVED,V2=K41; layout=LAYOUT_MART
KANTO_INDOOR_SAFFRON_CITY_POKEMON_CENTER_1_F,SaffronCity_PokemonCenter_1F,MAINLAND,RESERVED,yes,stub,RESERVED,V2=K41; layout=LAYOUT_POKEMON_CENTER_1F
KANTO_INDOOR_SAFFRON_CITY_POKEMON_CENTER_2_F,SaffronCity_PokemonCenter_2F,MAINLAND,RESERVED,yes,stub,RESERVED,V2=K41; layout=LAYOUT_POKEMON_CENTER_2F
KANTO_INDOOR_SAFFRON_CITY_MR_PSYCHICS_HOUSE,SaffronCity_MrPsychicsHouse,MAINLAND,RESERVED,yes,stub,RESERVED,V2=K41; layout=LAYOUT_HOUSE5
KANTO_INDOOR_SAFFRON_CITY_POKEMON_TRAINER_FAN_CLUB,SaffronCity_PokemonTrainerFanClub,MAINLAND,RESERVED,yes,stub,RESERVED,V2=K41; layout=LAYOUT_SAFFRON_CITY_POKEMON_TRAINER_FAN_CLUB
KANTO_INDOOR_ROUTE2_VIRIDIAN_FOREST_SOUTH_ENTRANCE,Route2_ViridianForest_SouthEntrance,MAINLAND,RESERVED,yes,stub,RESERVED,V2=K02; layout=LAYOUT_ROUTE2_ENTRANCE
KANTO_INDOOR_ROUTE2_HOUSE,Route2_House,MAINLAND,RESERVED,yes,stub,RESERVED,V2=K02; layout=LAYOUT_HOUSE2
KANTO_INDOOR_ROUTE2_EAST_BUILDING,Route2_EastBuilding,MAINLAND,RESERVED,yes,stub,RESERVED,V2=K02; layout=LAYOUT_ROUTE2_ENTRANCE
KANTO_INDOOR_ROUTE2_VIRIDIAN_FOREST_NORTH_ENTRANCE,Route2_ViridianForest_NorthEntrance,MAINLAND,RESERVED,yes,stub,RESERVED,V2=K02; layout=LAYOUT_ROUTE2_ENTRANCE
KANTO_INDOOR_ROUTE4_POKEMON_CENTER_1_F,Route4_PokemonCenter_1F,MAINLAND,RESERVED,yes,stub,RESERVED,V2=K04; layout=LAYOUT_POKEMON_CENTER_1F
KANTO_INDOOR_ROUTE4_POKEMON_CENTER_2_F,Route4_PokemonCenter_2F,MAINLAND,RESERVED,yes,stub,RESERVED,V2=K04; layout=LAYOUT_POKEMON_CENTER_2F
KANTO_INDOOR_ROUTE5_POKEMON_DAY_CARE,Route5_PokemonDayCare,MAINLAND,RESERVED,yes,stub,RESERVED,V2=K05; layout=LAYOUT_ROUTE5_POKEMON_DAY_CARE
KANTO_INDOOR_ROUTE5_SOUTH_ENTRANCE,Route5_SouthEntrance,MAINLAND,RESERVED,yes,stub,RESERVED,V2=K05; layout=LAYOUT_SAFFRON_CITY_NORTH_SOUTH_ENTRANCE
KANTO_INDOOR_ROUTE6_NORTH_ENTRANCE,Route6_NorthEntrance,MAINLAND,RESERVED,yes,stub,RESERVED,V2=K06; layout=LAYOUT_SAFFRON_CITY_NORTH_SOUTH_ENTRANCE
KANTO_INDOOR_ROUTE6_UNUSED_HOUSE,Route6_UnusedHouse,MAINLAND,RESERVED,yes,stub,RESERVED,V2=K06; layout=LAYOUT_HOUSE2
KANTO_INDOOR_ROUTE7_EAST_ENTRANCE,Route7_EastEntrance,MAINLAND,RESERVED,yes,stub,RESERVED,V2=K07; layout=LAYOUT_SAFFRON_CITY_EAST_WEST_ENTRANCE
KANTO_INDOOR_ROUTE8_WEST_ENTRANCE,Route8_WestEntrance,MAINLAND,RESERVED,yes,stub,RESERVED,V2=K08; layout=LAYOUT_SAFFRON_CITY_EAST_WEST_ENTRANCE
KANTO_INDOOR_ROUTE10_POKEMON_CENTER_1_F,Route10_PokemonCenter_1F,MAINLAND,RESERVED,yes,stub,RESERVED,V2=K10; layout=LAYOUT_POKEMON_CENTER_1F
KANTO_INDOOR_ROUTE10_POKEMON_CENTER_2_F,Route10_PokemonCenter_2F,MAINLAND,RESERVED,yes,stub,RESERVED,V2=K10; layout=LAYOUT_POKEMON_CENTER_2F
KANTO_INDOOR_ROUTE11_EAST_ENTRANCE_1_F,Route11_EastEntrance_1F,MAINLAND,RESERVED,yes,stub,RESERVED,V2=K11; layout=LAYOUT_ENTRANCE_1F
KANTO_INDOOR_ROUTE11_EAST_ENTRANCE_2_F,Route11_EastEntrance_2F,MAINLAND,RESERVED,yes,stub,RESERVED,V2=K11; layout=LAYOUT_ENTRANCE_2F
KANTO_INDOOR_ROUTE12_NORTH_ENTRANCE_1_F,Route12_NorthEntrance_1F,MAINLAND,RESERVED,yes,stub,RESERVED,V2=K12; layout=LAYOUT_ROUTE12_NORTH_ENTRANCE_1F
KANTO_INDOOR_ROUTE12_NORTH_ENTRANCE_2_F,Route12_NorthEntrance_2F,MAINLAND,RESERVED,yes,stub,RESERVED,V2=K12; layout=LAYOUT_ENTRANCE_2F
KANTO_INDOOR_ROUTE12_FISHING_HOUSE,Route12_FishingHouse,MAINLAND,RESERVED,yes,stub,RESERVED,V2=K12; layout=LAYOUT_HOUSE4
KANTO_INDOOR_ROUTE15_WEST_ENTRANCE_1_F,Route15_WestEntrance_1F,MAINLAND,RESERVED,yes,stub,RESERVED,V2=K15; layout=LAYOUT_ENTRANCE_1F
KANTO_INDOOR_ROUTE15_WEST_ENTRANCE_2_F,Route15_WestEntrance_2F,MAINLAND,RESERVED,yes,stub,RESERVED,V2=K15; layout=LAYOUT_ENTRANCE_2F
KANTO_INDOOR_ROUTE16_HOUSE,Route16_House,MAINLAND,RESERVED,yes,stub,RESERVED,V2=K16; layout=LAYOUT_HOUSE1
KANTO_INDOOR_ROUTE16_NORTH_ENTRANCE_1_F,Route16_NorthEntrance_1F,MAINLAND,RESERVED,yes,stub,RESERVED,V2=K16; layout=LAYOUT_ROUTE16_NORTH_ENTRANCE_1F
KANTO_INDOOR_ROUTE16_NORTH_ENTRANCE_2_F,Route16_NorthEntrance_2F,MAINLAND,RESERVED,yes,stub,RESERVED,V2=K16; layout=LAYOUT_ENTRANCE_2F
KANTO_INDOOR_ROUTE18_EAST_ENTRANCE_1_F,Route18_EastEntrance_1F,MAINLAND,RESERVED,yes,stub,RESERVED,V2=K18; layout=LAYOUT_ENTRANCE_1F
KANTO_INDOOR_ROUTE18_EAST_ENTRANCE_2_F,Route18_EastEntrance_2F,MAINLAND,RESERVED,yes,stub,RESERVED,V2=K18; layout=LAYOUT_ENTRANCE_2F
KANTO_INDOOR_ROUTE19_UNUSED_HOUSE,Route19_UnusedHouse,MAINLAND,RESERVED,yes,stub,RESERVED,V2=K19; layout=LAYOUT_HOUSE2
KANTO_INDOOR_ROUTE22_NORTH_ENTRANCE,Route22_NorthEntrance,MAINLAND,RESERVED,yes,stub,RESERVED,V2=K22; layout=LAYOUT_ROUTE22_NORTH_ENTRANCE
KANTO_INDOOR_ROUTE23_UNUSED_HOUSE,Route23_UnusedHouse,MAINLAND,RESERVED,yes,stub,RESERVED,V2=K23; layout=LAYOUT_HOUSE2
KANTO_INDOOR_ROUTE25_SEA_COTTAGE,Route25_SeaCottage,MAINLAND,RESERVED,yes,stub,RESERVED,V2=K25; layout=LAYOUT_ROUTE25_SEA_COTTAGE
