raid_key,map_key,species_key,level,partner_pool_key,shield_policy,capture_policy,shared_capture_key,reward_pool_key,reward_repeatability,claim_key,retry_policy,unlock_key,mechanic_policy,presentation_profile,dedicated_map,custom_ui,status,notes
RAID_KEY_NATIONAL_0144_KANTO,MAP_KEY_KANTO_K43,SPECIES_KEY_ARTICUNO,85,TRAINER_POOL_KEY_MASTER,SHIELD_PROGRESSIVE,SHARED_ONCE,SHARED_CAPTURE_KEY_NATIONAL_0144,REWARD_POOL_KEY_RAID_HIGH,ONCE,CLAIM_KEY_RAID_NATIONAL_0144_KANTO,FREE_AFTER_NON_CAPTURE,RAID_HIGH_UNLOCKED,RAID_DYNAMAX,SIMPLE_EVENT,false,false,ACTIVE,KANTO; primary=TOHOKU; 一つのROMで全種入手可能。地方移動前に捕獲済みでもイベントは報酬のみ受領可能。
RAID_KEY_NATIONAL_0144_TOHOKU,MAP_KEY_TOHOKU_T043,SPECIES_KEY_ARTICUNO,85,TRAINER_POOL_KEY_MASTER,SHIELD_PROGRESSIVE,SHARED_ONCE,SHARED_CAPTURE_KEY_NATIONAL_0144,REWARD_POOL_KEY_RAID_HIGH,ONCE,CLAIM_KEY_RAID_NATIONAL_0144_TOHOKU,FREE_AFTER_NON_CAPTURE,RAID_HIGH_UNLOCKED,RAID_DYNAMAX,SIMPLE_EVENT,false,false,ACTIVE,TOHOKU; primary=TOHOKU; 一つのROMで全種入手可能。地方移動前に捕獲済みでもイベントは報酬のみ受領可能。
RAID_KEY_NATIONAL_0145_KANTO,MAP_KEY_KANTO_K43,SPECIES_KEY_ZAPDOS,85,TRAINER_POOL_KEY_MASTER,SHIELD_PROGRESSIVE,SHARED_ONCE,SHARED_CAPTURE_KEY_NATIONAL_0145,REWARD_POOL_KEY_RAID_HIGH,ONCE,CLAIM_KEY_RAID_NATIONAL_0145_KANTO,FREE_AFTER_NON_CAPTURE,RAID_HIGH_UNLOCKED,RAID_DYNAMAX,SIMPLE_EVENT,false,false,ACTIVE,KANTO; primary=TOHOKU; 一つのROMで全種入手可能。地方移動前に捕獲済みでもイベントは報酬のみ受領可能。
RAID_KEY_NATIONAL_0145_TOHOKU,MAP_KEY_TOHOKU_T043,SPECIES_KEY_ZAPDOS,85,TRAINER_POOL_KEY_MASTER,SHIELD_PROGRESSIVE,SHARED_ONCE,SHARED_CAPTURE_KEY_NATIONAL_0145,REWARD_POOL_KEY_RAID_HIGH,ONCE,CLAIM_KEY_RAID_NATIONAL_0145_TOHOKU,FREE_AFTER_NON_CAPTURE,RAID_HIGH_UNLOCKED,RAID_DYNAMAX,SIMPLE_EVENT,false,false,ACTIVE,TOHOKU; primary=TOHOKU; 一つのROMで全種入手可能。地方移動前に捕獲済みでもイベントは報酬のみ受領可能。
RAID_KEY_NATIONAL_0146_KANTO,MAP_KEY_KANTO_K43,SPECIES_KEY_MOLTRES,85,TRAINER_POOL_KEY_MASTER,SHIELD_PROGRESSIVE,SHARED_ONCE,SHARED_CAPTURE_KEY_NATIONAL_0146,REWARD_POOL_KEY_RAID_HIGH,ONCE,CLAIM_KEY_RAID_NATIONAL_0146_KANTO,FREE_AFTER_NON_CAPTURE,RAID_HIGH_UNLOCKED,RAID_DYNAMAX,SIMPLE_EVENT,false,false,ACTIVE,KANTO; primary=TOHOKU; 一つのROMで全種入手可能。地方移動前に捕獲済みでもイベントは報酬のみ受領可能。
RAID_KEY_NATIONAL_0146_TOHOKU,MAP_KEY_TOHOKU_T043,SPECIES_KEY_MOLTRES,85,TRAINER_POOL_KEY_MASTER,SHIELD_PROGRESSIVE,SHARED_ONCE,SHARED_CAPTURE_KEY_NATIONAL_0146,REWARD_POOL_KEY_RAID_HIGH,ONCE,CLAIM_KEY_RAID_NATIONAL_0146_TOHOKU,FREE_AFTER_NON_CAPTURE,RAID_HIGH_UNLOCKED,RAID_DYNAMAX,SIMPLE_EVENT,false,false,ACTIVE,TOHOKU; primary=TOHOKU; 一つのROMで全種入手可能。地方移動前に捕獲済みでもイベントは報酬のみ受領可能。
RAID_KEY_NATIONAL_0150_KANTO,MAP_KEY_KANTO_K43,SPECIES_KEY_MEWTWO,85,TRAINER_POOL_KEY_MASTER,SHIELD_PROGRESSIVE,SHARED_ONCE,SHARED_CAPTURE_KEY_NATIONAL_0150,REWARD_POOL_KEY_RAID_HIGH,ONCE,CLAIM_KEY_RAID_NATIONAL_0150_KANTO,FREE_AFTER_NON_CAPTURE,RAID_HIGH_UNLOCKED,RAID_DYNAMAX,SIMPLE_EVENT,false,false,ACTIVE,KANTO; primary=TOHOKU; 一つのROMで全種入手可能。地方移動前に捕獲済みでもイベントは報酬のみ受領可能。
RAID_KEY_NATIONAL_0150_TOHOKU,MAP_KEY_TOHOKU_T043,SPECIES_KEY_MEWTWO,85,TRAINER_POOL_KEY_MASTER,SHIELD_PROGRESSIVE,SHARED_ONCE,SHARED_CAPTURE_KEY_NATIONAL_0150,REWARD_POOL_KEY_RAID_HIGH,ONCE,CLAIM_KEY_RAID_NATIONAL_0150_TOHOKU,FREE_AFTER_NON_CAPTURE,RAID_HIGH_UNLOCKED,RAID_DYNAMAX,SIMPLE_EVENT,false,false,ACTIVE,TOHOKU; primary=TOHOKU; 一つのROMで全種入手可能。地方移動前に捕獲済みでもイベントは報酬のみ受領可能。
RAID_KEY_NATIONAL_0151_KANTO,MAP_KEY_KANTO_K43,SPECIES_KEY_MEW,85,TRAINER_POOL_KEY_MASTER,SHIELD_PROGRESSIVE,SHARED_ONCE,SHARED_CAPTURE_KEY_NATIONAL_0151,REWARD_POOL_KEY_RAID_HIGH,ONCE,CLAIM_KEY_RAID_NATIONAL_0151_KANTO,FREE_AFTER_NON_CAPTURE,RAID_HIGH_UNLOCKED,RAID_DYNAMAX,SIMPLE_EVENT,false,false,ACTIVE,KANTO; primary=TOHOKU; 一つのROMで全種入手可能。地方移動前に捕獲済みでもイベントは報酬のみ受領可能。
RAID_KEY_NATIONAL_0151_TOHOKU,MAP_KEY_TOHOKU_T043,SPECIES_KEY_MEW,85,TRAINER_POOL_KEY_MASTER,SHIELD_PROGRESSIVE,SHARED_ONCE,SHARED_CAPTURE_KEY_NATIONAL_0151,REWARD_POOL_KEY_RAID_HIGH,ONCE,CLAIM_KEY_RAID_NATIONAL_0151_TOHOKU,FREE_AFTER_NON_CAPTURE,RAID_HIGH_UNLOCKED,RAID_DYNAMAX,SIMPLE_EVENT,false,false,ACTIVE,TOHOKU; primary=TOHOKU; 一つのROMで全種入手可能。地方移動前に捕獲済みでもイベントは報酬のみ受領可能。
RAID_KEY_NATIONAL_0243_KANTO,MAP_KEY_KANTO_K43,SPECIES_KEY_RAIKOU,85,TRAINER_POOL_KEY_MASTER,SHIELD_PROGRESSIVE,SHARED_ONCE,SHARED_CAPTURE_KEY_NATIONAL_0243,REWARD_POOL_KEY_RAID_HIGH,ONCE,CLAIM_KEY_RAID_NATIONAL_0243_KANTO,FREE_AFTER_NON_CAPTURE,RAID_HIGH_UNLOCKED,RAID_DYNAMAX,SIMPLE_EVENT,false,false,ACTIVE,KANTO; primary=TOHOKU; 一つのROMで全種入手可能。地方移動前に捕獲済みでもイベントは報酬のみ受領可能。
RAID_KEY_NATIONAL_0243_TOHOKU,MAP_KEY_TOHOKU_T043,SPECIES_KEY_RAIKOU,85,TRAINER_POOL_KEY_MASTER,SHIELD_PROGRESSIVE,SHARED_ONCE,SHARED_CAPTURE_KEY_NATIONAL_0243,REWARD_POOL_KEY_RAID_HIGH,ONCE,CLAIM_KEY_RAID_NATIONAL_0243_TOHOKU,FREE_AFTER_NON_CAPTURE,RAID_HIGH_UNLOCKED,RAID_DYNAMAX,SIMPLE_EVENT,false,false,ACTIVE,TOHOKU; primary=TOHOKU; 一つのROMで全種入手可能。地方移動前に捕獲済みでもイベントは報酬のみ受領可能。
RAID_KEY_NATIONAL_0244_KANTO,MAP_KEY_KANTO_K43,SPECIES_KEY_ENTEI,85,TRAINER_POOL_KEY_MASTER,SHIELD_PROGRESSIVE,SHARED_ONCE,SHARED_CAPTURE_KEY_NATIONAL_0244,REWARD_POOL_KEY_RAID_HIGH,ONCE,CLAIM_KEY_RAID_NATIONAL_0244_KANTO,FREE_AFTER_NON_CAPTURE,RAID_HIGH_UNLOCKED,RAID_DYNAMAX,SIMPLE_EVENT,false,false,ACTIVE,KANTO; primary=TOHOKU; 一つのROMで全種入手可能。地方移動前に捕獲済みでもイベントは報酬のみ受領可能。
RAID_KEY_NATIONAL_0244_TOHOKU,MAP_KEY_TOHOKU_T043,SPECIES_KEY_ENTEI,85,TRAINER_POOL_KEY_MASTER,SHIELD_PROGRESSIVE,SHARED_ONCE,SHARED_CAPTURE_KEY_NATIONAL_0244,REWARD_POOL_KEY_RAID_HIGH,ONCE,CLAIM_KEY_RAID_NATIONAL_0244_TOHOKU,FREE_AFTER_NON_CAPTURE,RAID_HIGH_UNLOCKED,RAID_DYNAMAX,SIMPLE_EVENT,false,false,ACTIVE,TOHOKU; primary=TOHOKU; 一つのROMで全種入手可能。地方移動前に捕獲済みでもイベントは報酬のみ受領可能。
RAID_KEY_NATIONAL_0245_KANTO,MAP_KEY_KANTO_K43,SPECIES_KEY_SUICUNE,85,TRAINER_POOL_KEY_MASTER,SHIELD_PROGRESSIVE,SHARED_ONCE,SHARED_CAPTURE_KEY_NATIONAL_0245,REWARD_POOL_KEY_RAID_HIGH,ONCE,CLAIM_KEY_RAID_NATIONAL_0245_KANTO,FREE_AFTER_NON_CAPTURE,RAID_HIGH_UNLOCKED,RAID_DYNAMAX,SIMPLE_EVENT,false,false,ACTIVE,KANTO; primary=TOHOKU; 一つのROMで全種入手可能。地方移動前に捕獲済みでもイベントは報酬のみ受領可能。
RAID_KEY_NATIONAL_0245_TOHOKU,MAP_KEY_TOHOKU_T043,SPECIES_KEY_SUICUNE,85,TRAINER_POOL_KEY_MASTER,SHIELD_PROGRESSIVE,SHARED_ONCE,SHARED_CAPTURE_KEY_NATIONAL_0245,REWARD_POOL_KEY_RAID_HIGH,ONCE,CLAIM_KEY_RAID_NATIONAL_0245_TOHOKU,FREE_AFTER_NON_CAPTURE,RAID_HIGH_UNLOCKED,RAID_DYNAMAX,SIMPLE_EVENT,false,false,ACTIVE,TOHOKU; primary=TOHOKU; 一つのROMで全種入手可能。地方移動前に捕獲済みでもイベントは報酬のみ受領可能。
RAID_KEY_NATIONAL_0249_KANTO,MAP_KEY_KANTO_K43,SPECIES_KEY_LUGIA,85,TRAINER_POOL_KEY_MASTER,SHIELD_PROGRESSIVE,SHARED_ONCE,SHARED_CAPTURE_KEY_NATIONAL_0249,REWARD_POOL_KEY_RAID_HIGH,ONCE,CLAIM_KEY_RAID_NATIONAL_0249_KANTO,FREE_AFTER_NON_CAPTURE,RAID_HIGH_UNLOCKED,RAID_DYNAMAX,SIMPLE_EVENT,false,false,ACTIVE,KANTO; primary=TOHOKU; 一つのROMで全種入手可能。地方移動前に捕獲済みでもイベントは報酬のみ受領可能。
RAID_KEY_NATIONAL_0249_TOHOKU,MAP_KEY_TOHOKU_T043,SPECIES_KEY_LUGIA,85,TRAINER_POOL_KEY_MASTER,SHIELD_PROGRESSIVE,SHARED_ONCE,SHARED_CAPTURE_KEY_NATIONAL_0249,REWARD_POOL_KEY_RAID_HIGH,ONCE,CLAIM_KEY_RAID_NATIONAL_0249_TOHOKU,FREE_AFTER_NON_CAPTURE,RAID_HIGH_UNLOCKED,RAID_DYNAMAX,SIMPLE_EVENT,false,false,ACTIVE,TOHOKU; primary=TOHOKU; 一つのROMで全種入手可能。地方移動前に捕獲済みでもイベントは報酬のみ受領可能。
RAID_KEY_NATIONAL_0250_KANTO,MAP_KEY_KANTO_K43,SPECIES_KEY_HO_OH,85,TRAINER_POOL_KEY_MASTER,SHIELD_PROGRESSIVE,SHARED_ONCE,SHARED_CAPTURE_KEY_NATIONAL_0250,REWARD_POOL_KEY_RAID_HIGH,ONCE,CLAIM_KEY_RAID_NATIONAL_0250_KANTO,FREE_AFTER_NON_CAPTURE,RAID_HIGH_UNLOCKED,RAID_DYNAMAX,SIMPLE_EVENT,false,false,ACTIVE,KANTO; primary=TOHOKU; 一つのROMで全種入手可能。地方移動前に捕獲済みでもイベントは報酬のみ受領可能。
RAID_KEY_NATIONAL_0250_TOHOKU,MAP_KEY_TOHOKU_T043,SPECIES_KEY_HO_OH,85,TRAINER_POOL_KEY_MASTER,SHIELD_PROGRESSIVE,SHARED_ONCE,SHARED_CAPTURE_KEY_NATIONAL_0250,REWARD_POOL_KEY_RAID_HIGH,ONCE,CLAIM_KEY_RAID_NATIONAL_0250_TOHOKU,FREE_AFTER_NON_CAPTURE,RAID_HIGH_UNLOCKED,RAID_DYNAMAX,SIMPLE_EVENT,false,false,ACTIVE,TOHOKU; primary=TOHOKU; 一つのROMで全種入手可能。地方移動前に捕獲済みでもイベントは報酬のみ受領可能。
RAID_KEY_NATIONAL_0251_KANTO,MAP_KEY_KANTO_K43,SPECIES_KEY_CELEBI,85,TRAINER_POOL_KEY_MASTER,SHIELD_PROGRESSIVE,SHARED_ONCE,SHARED_CAPTURE_KEY_NATIONAL_0251,REWARD_POOL_KEY_RAID_HIGH,ONCE,CLAIM_KEY_RAID_NATIONAL_0251_KANTO,FREE_AFTER_NON_CAPTURE,RAID_HIGH_UNLOCKED,RAID_DYNAMAX,SIMPLE_EVENT,false,false,ACTIVE,KANTO; primary=TOHOKU; 一つのROMで全種入手可能。地方移動前に捕獲済みでもイベントは報酬のみ受領可能。
RAID_KEY_NATIONAL_0251_TOHOKU,MAP_KEY_TOHOKU_T043,SPECIES_KEY_CELEBI,85,TRAINER_POOL_KEY_MASTER,SHIELD_PROGRESSIVE,SHARED_ONCE,SHARED_CAPTURE_KEY_NATIONAL_0251,REWARD_POOL_KEY_RAID_HIGH,ONCE,CLAIM_KEY_RAID_NATIONAL_0251_TOHOKU,FREE_AFTER_NON_CAPTURE,RAID_HIGH_UNLOCKED,RAID_DYNAMAX,SIMPLE_EVENT,false,false,ACTIVE,TOHOKU; primary=TOHOKU; 一つのROMで全種入手可能。地方移動前に捕獲済みでもイベントは報酬のみ受領可能。
RAID_KEY_NATIONAL_0377_KANTO,MAP_KEY_KANTO_K43,SPECIES_KEY_REGIROCK,85,TRAINER_POOL_KEY_MASTER,SHIELD_PROGRESSIVE,SHARED_ONCE,SHARED_CAPTURE_KEY_NATIONAL_0377,REWARD_POOL_KEY_RAID_HIGH,ONCE,CLAIM_KEY_RAID_NATIONAL_0377_KANTO,FREE_AFTER_NON_CAPTURE,RAID_HIGH_UNLOCKED,RAID_DYNAMAX,SIMPLE_EVENT,false,false,ACTIVE,KANTO; primary=TOHOKU; 一つのROMで全種入手可能。地方移動前に捕獲済みでもイベントは報酬のみ受領可能。
RAID_KEY_NATIONAL_0377_TOHOKU,MAP_KEY_TOHOKU_T043,SPECIES_KEY_REGIROCK,85,TRAINER_POOL_KEY_MASTER,SHIELD_PROGRESSIVE,SHARED_ONCE,SHARED_CAPTURE_KEY_NATIONAL_0377,REWARD_POOL_KEY_RAID_HIGH,ONCE,CLAIM_KEY_RAID_NATIONAL_0377_TOHOKU,FREE_AFTER_NON_CAPTURE,RAID_HIGH_UNLOCKED,RAID_DYNAMAX,SIMPLE_EVENT,false,false,ACTIVE,TOHOKU; primary=TOHOKU; 一つのROMで全種入手可能。地方移動前に捕獲済みでもイベントは報酬のみ受領可能。
RAID_KEY_NATIONAL_0378_KANTO,MAP_KEY_KANTO_K43,SPECIES_KEY_REGICE,85,TRAINER_POOL_KEY_MASTER,SHIELD_PROGRESSIVE,SHARED_ONCE,SHARED_CAPTURE_KEY_NATIONAL_0378,REWARD_POOL_KEY_RAID_HIGH,ONCE,CLAIM_KEY_RAID_NATIONAL_0378_KANTO,FREE_AFTER_NON_CAPTURE,RAID_HIGH_UNLOCKED,RAID_DYNAMAX,SIMPLE_EVENT,false,false,ACTIVE,KANTO; primary=TOHOKU; 一つのROMで全種入手可能。地方移動前に捕獲済みでもイベントは報酬のみ受領可能。
RAID_KEY_NATIONAL_0378_TOHOKU,MAP_KEY_TOHOKU_T043,SPECIES_KEY_REGICE,85,TRAINER_POOL_KEY_MASTER,SHIELD_PROGRESSIVE,SHARED_ONCE,SHARED_CAPTURE_KEY_NATIONAL_0378,REWARD_POOL_KEY_RAID_HIGH,ONCE,CLAIM_KEY_RAID_NATIONAL_0378_TOHOKU,FREE_AFTER_NON_CAPTURE,RAID_HIGH_UNLOCKED,RAID_DYNAMAX,SIMPLE_EVENT,false,false,ACTIVE,TOHOKU; primary=TOHOKU; 一つのROMで全種入手可能。地方移動前に捕獲済みでもイベントは報酬のみ受領可能。
RAID_KEY_NATIONAL_0379_KANTO,MAP_KEY_KANTO_K43,SPECIES_KEY_REGISTEEL,85,TRAINER_POOL_KEY_MASTER,SHIELD_PROGRESSIVE,SHARED_ONCE,SHARED_CAPTURE_KEY_NATIONAL_0379,REWARD_POOL_KEY_RAID_HIGH,ONCE,CLAIM_KEY_RAID_NATIONAL_0379_KANTO,FREE_AFTER_NON_CAPTURE,RAID_HIGH_UNLOCKED,RAID_DYNAMAX,SIMPLE_EVENT,false,false,ACTIVE,KANTO; primary=TOHOKU; 一つのROMで全種入手可能。地方移動前に捕獲済みでもイベントは報酬のみ受領可能。
RAID_KEY_NATIONAL_0379_TOHOKU,MAP_KEY_TOHOKU_T043,SPECIES_KEY_REGISTEEL,85,TRAINER_POOL_KEY_MASTER,SHIELD_PROGRESSIVE,SHARED_ONCE,SHARED_CAPTURE_KEY_NATIONAL_0379,REWARD_POOL_KEY_RAID_HIGH,ONCE,CLAIM_KEY_RAID_NATIONAL_0379_TOHOKU,FREE_AFTER_NON_CAPTURE,RAID_HIGH_UNLOCKED,RAID_DYNAMAX,SIMPLE_EVENT,false,false,ACTIVE,TOHOKU; primary=TOHOKU; 一つのROMで全種入手可能。地方移動前に捕獲済みでもイベントは報酬のみ受領可能。
RAID_KEY_NATIONAL_0380_KANTO,MAP_KEY_KANTO_K43,SPECIES_KEY_LATIAS,85,TRAINER_POOL_KEY_MASTER,SHIELD_PROGRESSIVE,SHARED_ONCE,SHARED_CAPTURE_KEY_NATIONAL_0380,REWARD_POOL_KEY_RAID_HIGH,ONCE,CLAIM_KEY_RAID_NATIONAL_0380_KANTO,FREE_AFTER_NON_CAPTURE,RAID_HIGH_UNLOCKED,RAID_DYNAMAX,SIMPLE_EVENT,false,false,ACTIVE,KANTO; primary=TOHOKU; 一つのROMで全種入手可能。地方移動前に捕獲済みでもイベントは報酬のみ受領可能。
RAID_KEY_NATIONAL_0380_TOHOKU,MAP_KEY_TOHOKU_T043,SPECIES_KEY_LATIAS,85,TRAINER_POOL_KEY_MASTER,SHIELD_PROGRESSIVE,SHARED_ONCE,SHARED_CAPTURE_KEY_NATIONAL_0380,REWARD_POOL_KEY_RAID_HIGH,ONCE,CLAIM_KEY_RAID_NATIONAL_0380_TOHOKU,FREE_AFTER_NON_CAPTURE,RAID_HIGH_UNLOCKED,RAID_DYNAMAX,SIMPLE_EVENT,false,false,ACTIVE,TOHOKU; primary=TOHOKU; 一つのROMで全種入手可能。地方移動前に捕獲済みでもイベントは報酬のみ受領可能。
RAID_KEY_NATIONAL_0381_KANTO,MAP_KEY_KANTO_K43,SPECIES_KEY_LATIOS,85,TRAINER_POOL_KEY_MASTER,SHIELD_PROGRESSIVE,SHARED_ONCE,SHARED_CAPTURE_KEY_NATIONAL_0381,REWARD_POOL_KEY_RAID_HIGH,ONCE,CLAIM_KEY_RAID_NATIONAL_0381_KANTO,FREE_AFTER_NON_CAPTURE,RAID_HIGH_UNLOCKED,RAID_DYNAMAX,SIMPLE_EVENT,false,false,ACTIVE,KANTO; primary=TOHOKU; 一つのROMで全種入手可能。地方移動前に捕獲済みでもイベントは報酬のみ受領可能。
RAID_KEY_NATIONAL_0381_TOHOKU,MAP_KEY_TOHOKU_T043,SPECIES_KEY_LATIOS,85,TRAINER_POOL_KEY_MASTER,SHIELD_PROGRESSIVE,SHARED_ONCE,SHARED_CAPTURE_KEY_NATIONAL_0381,REWARD_POOL_KEY_RAID_HIGH,ONCE,CLAIM_KEY_RAID_NATIONAL_0381_TOHOKU,FREE_AFTER_NON_CAPTURE,RAID_HIGH_UNLOCKED,RAID_DYNAMAX,SIMPLE_EVENT,false,false,ACTIVE,TOHOKU; primary=TOHOKU; 一つのROMで全種入手可能。地方移動前に捕獲済みでもイベントは報酬のみ受領可能。
RAID_KEY_NATIONAL_0382_KANTO,MAP_KEY_KANTO_K43,SPECIES_KEY_KYOGRE,85,TRAINER_POOL_KEY_MASTER,SHIELD_PROGRESSIVE,SHARED_ONCE,SHARED_CAPTURE_KEY_NATIONAL_0382,REWARD_POOL_KEY_RAID_HIGH,ONCE,CLAIM_KEY_RAID_NATIONAL_0382_KANTO,FREE_AFTER_NON_CAPTURE,RAID_HIGH_UNLOCKED,RAID_DYNAMAX,SIMPLE_EVENT,false,false,ACTIVE,KANTO; primary=TOHOKU; 一つのROMで全種入手可能。地方移動前に捕獲済みでもイベントは報酬のみ受領可能。
RAID_KEY_NATIONAL_0382_TOHOKU,MAP_KEY_TOHOKU_T043,SPECIES_KEY_KYOGRE,85,TRAINER_POOL_KEY_MASTER,SHIELD_PROGRESSIVE,SHARED_ONCE,SHARED_CAPTURE_KEY_NATIONAL_0382,REWARD_POOL_KEY_RAID_HIGH,ONCE,CLAIM_KEY_RAID_NATIONAL_0382_TOHOKU,FREE_AFTER_NON_CAPTURE,RAID_HIGH_UNLOCKED,RAID_DYNAMAX,SIMPLE_EVENT,false,false,ACTIVE,TOHOKU; primary=TOHOKU; 一つのROMで全種入手可能。地方移動前に捕獲済みでもイベントは報酬のみ受領可能。
RAID_KEY_NATIONAL_0383_KANTO,MAP_KEY_KANTO_K43,SPECIES_KEY_GROUDON,85,TRAINER_POOL_KEY_MASTER,SHIELD_PROGRESSIVE,SHARED_ONCE,SHARED_CAPTURE_KEY_NATIONAL_0383,REWARD_POOL_KEY_RAID_HIGH,ONCE,CLAIM_KEY_RAID_NATIONAL_0383_KANTO,FREE_AFTER_NON_CAPTURE,RAID_HIGH_UNLOCKED,RAID_DYNAMAX,SIMPLE_EVENT,false,false,ACTIVE,KANTO; primary=TOHOKU; 一つのROMで全種入手可能。地方移動前に捕獲済みでもイベントは報酬のみ受領可能。
RAID_KEY_NATIONAL_0383_TOHOKU,MAP_KEY_TOHOKU_T043,SPECIES_KEY_GROUDON,85,TRAINER_POOL_KEY_MASTER,SHIELD_PROGRESSIVE,SHARED_ONCE,SHARED_CAPTURE_KEY_NATIONAL_0383,REWARD_POOL_KEY_RAID_HIGH,ONCE,CLAIM_KEY_RAID_NATIONAL_0383_TOHOKU,FREE_AFTER_NON_CAPTURE,RAID_HIGH_UNLOCKED,RAID_DYNAMAX,SIMPLE_EVENT,false,false,ACTIVE,TOHOKU; primary=TOHOKU; 一つのROMで全種入手可能。地方移動前に捕獲済みでもイベントは報酬のみ受領可能。
RAID_KEY_NATIONAL_0384_KANTO,MAP_KEY_KANTO_K43,SPECIES_KEY_RAYQUAZA,85,TRAINER_POOL_KEY_MASTER,SHIELD_PROGRESSIVE,SHARED_ONCE,SHARED_CAPTURE_KEY_NATIONAL_0384,REWARD_POOL_KEY_RAID_HIGH,ONCE,CLAIM_KEY_RAID_NATIONAL_0384_KANTO,FREE_AFTER_NON_CAPTURE,RAID_HIGH_UNLOCKED,RAID_DYNAMAX,SIMPLE_EVENT,false,false,ACTIVE,KANTO; primary=TOHOKU; 一つのROMで全種入手可能。地方移動前に捕獲済みでもイベントは報酬のみ受領可能。
RAID_KEY_NATIONAL_0384_TOHOKU,MAP_KEY_TOHOKU_T043,SPECIES_KEY_RAYQUAZA,85,TRAINER_POOL_KEY_MASTER,SHIELD_PROGRESSIVE,SHARED_ONCE,SHARED_CAPTURE_KEY_NATIONAL_0384,REWARD_POOL_KEY_RAID_HIGH,ONCE,CLAIM_KEY_RAID_NATIONAL_0384_TOHOKU,FREE_AFTER_NON_CAPTURE,RAID_HIGH_UNLOCKED,RAID_DYNAMAX,SIMPLE_EVENT,false,false,ACTIVE,TOHOKU; primary=TOHOKU; 一つのROMで全種入手可能。地方移動前に捕獲済みでもイベントは報酬のみ受領可能。
RAID_KEY_NATIONAL_0385_KANTO,MAP_KEY_KANTO_K43,SPECIES_KEY_JIRACHI,85,TRAINER_POOL_KEY_MASTER,SHIELD_PROGRESSIVE,SHARED_ONCE,SHARED_CAPTURE_KEY_NATIONAL_0385,REWARD_POOL_KEY_RAID_HIGH,ONCE,CLAIM_KEY_RAID_NATIONAL_0385_KANTO,FREE_AFTER_NON_CAPTURE,RAID_HIGH_UNLOCKED,RAID_DYNAMAX,SIMPLE_EVENT,false,false,ACTIVE,KANTO; primary=TOHOKU; 一つのROMで全種入手可能。地方移動前に捕獲済みでもイベントは報酬のみ受領可能。
RAID_KEY_NATIONAL_0385_TOHOKU,MAP_KEY_TOHOKU_T043,SPECIES_KEY_JIRACHI,85,TRAINER_POOL_KEY_MASTER,SHIELD_PROGRESSIVE,SHARED_ONCE,SHARED_CAPTURE_KEY_NATIONAL_0385,REWARD_POOL_KEY_RAID_HIGH,ONCE,CLAIM_KEY_RAID_NATIONAL_0385_TOHOKU,FREE_AFTER_NON_CAPTURE,RAID_HIGH_UNLOCKED,RAID_DYNAMAX,SIMPLE_EVENT,false,false,ACTIVE,TOHOKU; primary=TOHOKU; 一つのROMで全種入手可能。地方移動前に捕獲済みでもイベントは報酬のみ受領可能。
RAID_KEY_NATIONAL_0386_KANTO,MAP_KEY_KANTO_K43,SPECIES_KEY_DEOXYS,85,TRAINER_POOL_KEY_MASTER,SHIELD_PROGRESSIVE,SHARED_ONCE,SHARED_CAPTURE_KEY_NATIONAL_0386,REWARD_POOL_KEY_RAID_HIGH,ONCE,CLAIM_KEY_RAID_NATIONAL_0386_KANTO,FREE_AFTER_NON_CAPTURE,RAID_HIGH_UNLOCKED,RAID_DYNAMAX,SIMPLE_EVENT,false,false,ACTIVE,KANTO; primary=TOHOKU; 一つのROMで全種入手可能。地方移動前に捕獲済みでもイベントは報酬のみ受領可能。
RAID_KEY_NATIONAL_0386_TOHOKU,MAP_KEY_TOHOKU_T043,SPECIES_KEY_DEOXYS,85,TRAINER_POOL_KEY_MASTER,SHIELD_PROGRESSIVE,SHARED_ONCE,SHARED_CAPTURE_KEY_NATIONAL_0386,REWARD_POOL_KEY_RAID_HIGH,ONCE,CLAIM_KEY_RAID_NATIONAL_0386_TOHOKU,FREE_AFTER_NON_CAPTURE,RAID_HIGH_UNLOCKED,RAID_DYNAMAX,SIMPLE_EVENT,false,false,ACTIVE,TOHOKU; primary=TOHOKU; 一つのROMで全種入手可能。地方移動前に捕獲済みでもイベントは報酬のみ受領可能。
RAID_KEY_NATIONAL_0480_KANTO,MAP_KEY_KANTO_K43,SPECIES_KEY_UXIE,85,TRAINER_POOL_KEY_MASTER,SHIELD_PROGRESSIVE,SHARED_ONCE,SHARED_CAPTURE_KEY_NATIONAL_0480,REWARD_POOL_KEY_RAID_HIGH,ONCE,CLAIM_KEY_RAID_NATIONAL_0480_KANTO,FREE_AFTER_NON_CAPTURE,RAID_HIGH_UNLOCKED,RAID_DYNAMAX,SIMPLE_EVENT,false,false,ACTIVE,KANTO; primary=KANTO; 一つのROMで全種入手可能。地方移動前に捕獲済みでもイベントは報酬のみ受領可能。
RAID_KEY_NATIONAL_0480_TOHOKU,MAP_KEY_TOHOKU_T043,SPECIES_KEY_UXIE,85,TRAINER_POOL_KEY_MASTER,SHIELD_PROGRESSIVE,SHARED_ONCE,SHARED_CAPTURE_KEY_NATIONAL_0480,REWARD_POOL_KEY_RAID_HIGH,ONCE,CLAIM_KEY_RAID_NATIONAL_0480_TOHOKU,FREE_AFTER_NON_CAPTURE,RAID_HIGH_UNLOCKED,RAID_DYNAMAX,SIMPLE_EVENT,false,false,ACTIVE,TOHOKU; primary=KANTO; 一つのROMで全種入手可能。地方移動前に捕獲済みでもイベントは報酬のみ受領可能。
RAID_KEY_NATIONAL_0481_KANTO,MAP_KEY_KANTO_K43,SPECIES_KEY_MESPRIT,85,TRAINER_POOL_KEY_MASTER,SHIELD_PROGRESSIVE,SHARED_ONCE,SHARED_CAPTURE_KEY_NATIONAL_0481,REWARD_POOL_KEY_RAID_HIGH,ONCE,CLAIM_KEY_RAID_NATIONAL_0481_KANTO,FREE_AFTER_NON_CAPTURE,RAID_HIGH_UNLOCKED,RAID_DYNAMAX,SIMPLE_EVENT,false,false,ACTIVE,KANTO; primary=TOHOKU; 一つのROMで全種入手可能。地方移動前に捕獲済みでもイベントは報酬のみ受領可能。
RAID_KEY_NATIONAL_0481_TOHOKU,MAP_KEY_TOHOKU_T043,SPECIES_KEY_MESPRIT,85,TRAINER_POOL_KEY_MASTER,SHIELD_PROGRESSIVE,SHARED_ONCE,SHARED_CAPTURE_KEY_NATIONAL_0481,REWARD_POOL_KEY_RAID_HIGH,ONCE,CLAIM_KEY_RAID_NATIONAL_0481_TOHOKU,FREE_AFTER_NON_CAPTURE,RAID_HIGH_UNLOCKED,RAID_DYNAMAX,SIMPLE_EVENT,false,false,ACTIVE,TOHOKU; primary=TOHOKU; 一つのROMで全種入手可能。地方移動前に捕獲済みでもイベントは報酬のみ受領可能。
RAID_KEY_NATIONAL_0482_KANTO,MAP_KEY_KANTO_K43,SPECIES_KEY_AZELF,85,TRAINER_POOL_KEY_MASTER,SHIELD_PROGRESSIVE,SHARED_ONCE,SHARED_CAPTURE_KEY_NATIONAL_0482,REWARD_POOL_KEY_RAID_HIGH,ONCE,CLAIM_KEY_RAID_NATIONAL_0482_KANTO,FREE_AFTER_NON_CAPTURE,RAID_HIGH_UNLOCKED,RAID_DYNAMAX,SIMPLE_EVENT,false,false,ACTIVE,KANTO; primary=TOHOKU; 一つのROMで全種入手可能。地方移動前に捕獲済みでもイベントは報酬のみ受領可能。
RAID_KEY_NATIONAL_0482_TOHOKU,MAP_KEY_TOHOKU_T043,SPECIES_KEY_AZELF,85,TRAINER_POOL_KEY_MASTER,SHIELD_PROGRESSIVE,SHARED_ONCE,SHARED_CAPTURE_KEY_NATIONAL_0482,REWARD_POOL_KEY_RAID_HIGH,ONCE,CLAIM_KEY_RAID_NATIONAL_0482_TOHOKU,FREE_AFTER_NON_CAPTURE,RAID_HIGH_UNLOCKED,RAID_DYNAMAX,SIMPLE_EVENT,false,false,ACTIVE,TOHOKU; primary=TOHOKU; 一つのROMで全種入手可能。地方移動前に捕獲済みでもイベントは報酬のみ受領可能。
RAID_KEY_NATIONAL_0483_KANTO,MAP_KEY_KANTO_K43,SPECIES_KEY_DIALGA,85,TRAINER_POOL_KEY_MASTER,SHIELD_PROGRESSIVE,SHARED_ONCE,SHARED_CAPTURE_KEY_NATIONAL_0483,REWARD_POOL_KEY_RAID_HIGH,ONCE,CLAIM_KEY_RAID_NATIONAL_0483_KANTO,FREE_AFTER_NON_CAPTURE,RAID_HIGH_UNLOCKED,RAID_DYNAMAX,SIMPLE_EVENT,false,false,ACTIVE,KANTO; primary=TOHOKU; 一つのROMで全種入手可能。地方移動前に捕獲済みでもイベントは報酬のみ受領可能。
RAID_KEY_NATIONAL_0483_TOHOKU,MAP_KEY_TOHOKU_T043,SPECIES_KEY_DIALGA,85,TRAINER_POOL_KEY_MASTER,SHIELD_PROGRESSIVE,SHARED_ONCE,SHARED_CAPTURE_KEY_NATIONAL_0483,REWARD_POOL_KEY_RAID_HIGH,ONCE,CLAIM_KEY_RAID_NATIONAL_0483_TOHOKU,FREE_AFTER_NON_CAPTURE,RAID_HIGH_UNLOCKED,RAID_DYNAMAX,SIMPLE_EVENT,false,false,ACTIVE,TOHOKU; primary=TOHOKU; 一つのROMで全種入手可能。地方移動前に捕獲済みでもイベントは報酬のみ受領可能。
RAID_KEY_NATIONAL_0484_KANTO,MAP_KEY_KANTO_K43,SPECIES_KEY_PALKIA,85,TRAINER_POOL_KEY_MASTER,SHIELD_PROGRESSIVE,SHARED_ONCE,SHARED_CAPTURE_KEY_NATIONAL_0484,REWARD_POOL_KEY_RAID_HIGH,ONCE,CLAIM_KEY_RAID_NATIONAL_0484_KANTO,FREE_AFTER_NON_CAPTURE,RAID_HIGH_UNLOCKED,RAID_DYNAMAX,SIMPLE_EVENT,false,false,ACTIVE,KANTO; primary=TOHOKU; 一つのROMで全種入手可能。地方移動前に捕獲済みでもイベントは報酬のみ受領可能。
RAID_KEY_NATIONAL_0484_TOHOKU,MAP_KEY_TOHOKU_T043,SPECIES_KEY_PALKIA,85,TRAINER_POOL_KEY_MASTER,SHIELD_PROGRESSIVE,SHARED_ONCE,SHARED_CAPTURE_KEY_NATIONAL_0484,REWARD_POOL_KEY_RAID_HIGH,ONCE,CLAIM_KEY_RAID_NATIONAL_0484_TOHOKU,FREE_AFTER_NON_CAPTURE,RAID_HIGH_UNLOCKED,RAID_DYNAMAX,SIMPLE_EVENT,false,false,ACTIVE,TOHOKU; primary=TOHOKU; 一つのROMで全種入手可能。地方移動前に捕獲済みでもイベントは報酬のみ受領可能。
RAID_KEY_NATIONAL_0485_KANTO,MAP_KEY_KANTO_K43,SPECIES_KEY_HEATRAN,85,TRAINER_POOL_KEY_MASTER,SHIELD_PROGRESSIVE,SHARED_ONCE,SHARED_CAPTURE_KEY_NATIONAL_0485,REWARD_POOL_KEY_RAID_HIGH,ONCE,CLAIM_KEY_RAID_NATIONAL_0485_KANTO,FREE_AFTER_NON_CAPTURE,RAID_HIGH_UNLOCKED,RAID_DYNAMAX,SIMPLE_EVENT,false,false,ACTIVE,KANTO; primary=TOHOKU; 一つのROMで全種入手可能。地方移動前に捕獲済みでもイベントは報酬のみ受領可能。
RAID_KEY_NATIONAL_0485_TOHOKU,MAP_KEY_TOHOKU_T043,SPECIES_KEY_HEATRAN,85,TRAINER_POOL_KEY_MASTER,SHIELD_PROGRESSIVE,SHARED_ONCE,SHARED_CAPTURE_KEY_NATIONAL_0485,REWARD_POOL_KEY_RAID_HIGH,ONCE,CLAIM_KEY_RAID_NATIONAL_0485_TOHOKU,FREE_AFTER_NON_CAPTURE,RAID_HIGH_UNLOCKED,RAID_DYNAMAX,SIMPLE_EVENT,false,false,ACTIVE,TOHOKU; primary=TOHOKU; 一つのROMで全種入手可能。地方移動前に捕獲済みでもイベントは報酬のみ受領可能。
RAID_KEY_NATIONAL_0486_KANTO,MAP_KEY_KANTO_K43,SPECIES_KEY_REGIGIGAS,85,TRAINER_POOL_KEY_MASTER,SHIELD_PROGRESSIVE,SHARED_ONCE,SHARED_CAPTURE_KEY_NATIONAL_0486,REWARD_POOL_KEY_RAID_HIGH,ONCE,CLAIM_KEY_RAID_NATIONAL_0486_KANTO,FREE_AFTER_NON_CAPTURE,RAID_HIGH_UNLOCKED,RAID_DYNAMAX,SIMPLE_EVENT,false,false,ACTIVE,KANTO; primary=TOHOKU; 一つのROMで全種入手可能。地方移動前に捕獲済みでもイベントは報酬のみ受領可能。
RAID_KEY_NATIONAL_0486_TOHOKU,MAP_KEY_TOHOKU_T043,SPECIES_KEY_REGIGIGAS,85,TRAINER_POOL_KEY_MASTER,SHIELD_PROGRESSIVE,SHARED_ONCE,SHARED_CAPTURE_KEY_NATIONAL_0486,REWARD_POOL_KEY_RAID_HIGH,ONCE,CLAIM_KEY_RAID_NATIONAL_0486_TOHOKU,FREE_AFTER_NON_CAPTURE,RAID_HIGH_UNLOCKED,RAID_DYNAMAX,SIMPLE_EVENT,false,false,ACTIVE,TOHOKU; primary=TOHOKU; 一つのROMで全種入手可能。地方移動前に捕獲済みでもイベントは報酬のみ受領可能。
RAID_KEY_NATIONAL_0487_KANTO,MAP_KEY_KANTO_K43,SPECIES_KEY_GIRATINA,85,TRAINER_POOL_KEY_MASTER,SHIELD_PROGRESSIVE,SHARED_ONCE,SHARED_CAPTURE_KEY_NATIONAL_0487,REWARD_POOL_KEY_RAID_HIGH,ONCE,CLAIM_KEY_RAID_NATIONAL_0487_KANTO,FREE_AFTER_NON_CAPTURE,RAID_HIGH_UNLOCKED,RAID_DYNAMAX,SIMPLE_EVENT,false,false,ACTIVE,KANTO; primary=TOHOKU; 一つのROMで全種入手可能。地方移動前に捕獲済みでもイベントは報酬のみ受領可能。
RAID_KEY_NATIONAL_0487_TOHOKU,MAP_KEY_TOHOKU_T043,SPECIES_KEY_GIRATINA,85,TRAINER_POOL_KEY_MASTER,SHIELD_PROGRESSIVE,SHARED_ONCE,SHARED_CAPTURE_KEY_NATIONAL_0487,REWARD_POOL_KEY_RAID_HIGH,ONCE,CLAIM_KEY_RAID_NATIONAL_0487_TOHOKU,FREE_AFTER_NON_CAPTURE,RAID_HIGH_UNLOCKED,RAID_DYNAMAX,SIMPLE_EVENT,false,false,ACTIVE,TOHOKU; primary=TOHOKU; 一つのROMで全種入手可能。地方移動前に捕獲済みでもイベントは報酬のみ受領可能。
RAID_KEY_NATIONAL_0488_KANTO,MAP_KEY_KANTO_K43,SPECIES_KEY_CRESSELIA,85,TRAINER_POOL_KEY_MASTER,SHIELD_PROGRESSIVE,SHARED_ONCE,SHARED_CAPTURE_KEY_NATIONAL_0488,REWARD_POOL_KEY_RAID_HIGH,ONCE,CLAIM_KEY_RAID_NATIONAL_0488_KANTO,FREE_AFTER_NON_CAPTURE,RAID_HIGH_UNLOCKED,RAID_DYNAMAX,SIMPLE_EVENT,false,false,ACTIVE,KANTO; primary=TOHOKU; 一つのROMで全種入手可能。地方移動前に捕獲済みでもイベントは報酬のみ受領可能。
RAID_KEY_NATIONAL_0488_TOHOKU,MAP_KEY_TOHOKU_T043,SPECIES_KEY_CRESSELIA,85,TRAINER_POOL_KEY_MASTER,SHIELD_PROGRESSIVE,SHARED_ONCE,SHARED_CAPTURE_KEY_NATIONAL_0488,REWARD_POOL_KEY_RAID_HIGH,ONCE,CLAIM_KEY_RAID_NATIONAL_0488_TOHOKU,FREE_AFTER_NON_CAPTURE,RAID_HIGH_UNLOCKED,RAID_DYNAMAX,SIMPLE_EVENT,false,false,ACTIVE,TOHOKU; primary=TOHOKU; 一つのROMで全種入手可能。地方移動前に捕獲済みでもイベントは報酬のみ受領可能。
RAID_KEY_NATIONAL_0489_KANTO,MAP_KEY_KANTO_K43,SPECIES_KEY_PHIONE,85,TRAINER_POOL_KEY_MASTER,SHIELD_PROGRESSIVE,SHARED_ONCE,SHARED_CAPTURE_KEY_NATIONAL_0489,REWARD_POOL_KEY_RAID_HIGH,ONCE,CLAIM_KEY_RAID_NATIONAL_0489_KANTO,FREE_AFTER_NON_CAPTURE,RAID_HIGH_UNLOCKED,RAID_DYNAMAX,SIMPLE_EVENT,false,false,ACTIVE,KANTO; primary=TOHOKU; 一つのROMで全種入手可能。地方移動前に捕獲済みでもイベントは報酬のみ受領可能。
RAID_KEY_NATIONAL_0489_TOHOKU,MAP_KEY_TOHOKU_T043,SPECIES_KEY_PHIONE,85,TRAINER_POOL_KEY_MASTER,SHIELD_PROGRESSIVE,SHARED_ONCE,SHARED_CAPTURE_KEY_NATIONAL_0489,REWARD_POOL_KEY_RAID_HIGH,ONCE,CLAIM_KEY_RAID_NATIONAL_0489_TOHOKU,FREE_AFTER_NON_CAPTURE,RAID_HIGH_UNLOCKED,RAID_DYNAMAX,SIMPLE_EVENT,false,false,ACTIVE,TOHOKU; primary=TOHOKU; 一つのROMで全種入手可能。地方移動前に捕獲済みでもイベントは報酬のみ受領可能。
RAID_KEY_NATIONAL_0490_KANTO,MAP_KEY_KANTO_K43,SPECIES_KEY_MANAPHY,85,TRAINER_POOL_KEY_MASTER,SHIELD_PROGRESSIVE,SHARED_ONCE,SHARED_CAPTURE_KEY_NATIONAL_0490,REWARD_POOL_KEY_RAID_HIGH,ONCE,CLAIM_KEY_RAID_NATIONAL_0490_KANTO,FREE_AFTER_NON_CAPTURE,RAID_HIGH_UNLOCKED,RAID_DYNAMAX,SIMPLE_EVENT,false,false,ACTIVE,KANTO; primary=TOHOKU; 一つのROMで全種入手可能。地方移動前に捕獲済みでもイベントは報酬のみ受領可能。
RAID_KEY_NATIONAL_0490_TOHOKU,MAP_KEY_TOHOKU_T043,SPECIES_KEY_MANAPHY,85,TRAINER_POOL_KEY_MASTER,SHIELD_PROGRESSIVE,SHARED_ONCE,SHARED_CAPTURE_KEY_NATIONAL_0490,REWARD_POOL_KEY_RAID_HIGH,ONCE,CLAIM_KEY_RAID_NATIONAL_0490_TOHOKU,FREE_AFTER_NON_CAPTURE,RAID_HIGH_UNLOCKED,RAID_DYNAMAX,SIMPLE_EVENT,false,false,ACTIVE,TOHOKU; primary=TOHOKU; 一つのROMで全種入手可能。地方移動前に捕獲済みでもイベントは報酬のみ受領可能。
RAID_KEY_NATIONAL_0491_KANTO,MAP_KEY_KANTO_K43,SPECIES_KEY_DARKRAI,85,TRAINER_POOL_KEY_MASTER,SHIELD_PROGRESSIVE,SHARED_ONCE,SHARED_CAPTURE_KEY_NATIONAL_0491,REWARD_POOL_KEY_RAID_HIGH,ONCE,CLAIM_KEY_RAID_NATIONAL_0491_KANTO,FREE_AFTER_NON_CAPTURE,RAID_HIGH_UNLOCKED,RAID_DYNAMAX,SIMPLE_EVENT,false,false,ACTIVE,KANTO; primary=TOHOKU; 一つのROMで全種入手可能。地方移動前に捕獲済みでもイベントは報酬のみ受領可能。
RAID_KEY_NATIONAL_0491_TOHOKU,MAP_KEY_TOHOKU_T043,SPECIES_KEY_DARKRAI,85,TRAINER_POOL_KEY_MASTER,SHIELD_PROGRESSIVE,SHARED_ONCE,SHARED_CAPTURE_KEY_NATIONAL_0491,REWARD_POOL_KEY_RAID_HIGH,ONCE,CLAIM_KEY_RAID_NATIONAL_0491_TOHOKU,FREE_AFTER_NON_CAPTURE,RAID_HIGH_UNLOCKED,RAID_DYNAMAX,SIMPLE_EVENT,false,false,ACTIVE,TOHOKU; primary=TOHOKU; 一つのROMで全種入手可能。地方移動前に捕獲済みでもイベントは報酬のみ受領可能。
RAID_KEY_NATIONAL_0492_KANTO,MAP_KEY_KANTO_K43,SPECIES_KEY_SHAYMIN,85,TRAINER_POOL_KEY_MASTER,SHIELD_PROGRESSIVE,SHARED_ONCE,SHARED_CAPTURE_KEY_NATIONAL_0492,REWARD_POOL_KEY_RAID_HIGH,ONCE,CLAIM_KEY_RAID_NATIONAL_0492_KANTO,FREE_AFTER_NON_CAPTURE,RAID_HIGH_UNLOCKED,RAID_DYNAMAX,SIMPLE_EVENT,false,false,ACTIVE,KANTO; primary=KANTO; 一つのROMで全種入手可能。地方移動前に捕獲済みでもイベントは報酬のみ受領可能。
RAID_KEY_NATIONAL_0492_TOHOKU,MAP_KEY_TOHOKU_T043,SPECIES_KEY_SHAYMIN,85,TRAINER_POOL_KEY_MASTER,SHIELD_PROGRESSIVE,SHARED_ONCE,SHARED_CAPTURE_KEY_NATIONAL_0492,REWARD_POOL_KEY_RAID_HIGH,ONCE,CLAIM_KEY_RAID_NATIONAL_0492_TOHOKU,FREE_AFTER_NON_CAPTURE,RAID_HIGH_UNLOCKED,RAID_DYNAMAX,SIMPLE_EVENT,false,false,ACTIVE,TOHOKU; primary=KANTO; 一つのROMで全種入手可能。地方移動前に捕獲済みでもイベントは報酬のみ受領可能。
RAID_KEY_NATIONAL_0493_KANTO,MAP_KEY_KANTO_K43,SPECIES_KEY_ARCEUS,100,TRAINER_POOL_KEY_MASTER,SHIELD_PROGRESSIVE,SHARED_ONCE,SHARED_CAPTURE_KEY_NATIONAL_0493,REWARD_POOL_KEY_RAID_HIGH,ONCE,CLAIM_KEY_RAID_NATIONAL_0493_KANTO,FREE_AFTER_NON_CAPTURE,RAID_HIGH_UNLOCKED,RAID_DYNAMAX,SIMPLE_EVENT,false,false,ACTIVE,KANTO; primary=TOHOKU; 一つのROMで全種入手可能。地方移動前に捕獲済みでもイベントは報酬のみ受領可能。
RAID_KEY_NATIONAL_0493_TOHOKU,MAP_KEY_TOHOKU_T043,SPECIES_KEY_ARCEUS,100,TRAINER_POOL_KEY_MASTER,SHIELD_PROGRESSIVE,SHARED_ONCE,SHARED_CAPTURE_KEY_NATIONAL_0493,REWARD_POOL_KEY_RAID_HIGH,ONCE,CLAIM_KEY_RAID_NATIONAL_0493_TOHOKU,FREE_AFTER_NON_CAPTURE,RAID_HIGH_UNLOCKED,RAID_DYNAMAX,SIMPLE_EVENT,false,false,ACTIVE,TOHOKU; primary=TOHOKU; 一つのROMで全種入手可能。地方移動前に捕獲済みでもイベントは報酬のみ受領可能。
RAID_KEY_NATIONAL_0494_KANTO,MAP_KEY_KANTO_K43,SPECIES_KEY_VICTINI,85,TRAINER_POOL_KEY_MASTER,SHIELD_PROGRESSIVE,SHARED_ONCE,SHARED_CAPTURE_KEY_NATIONAL_0494,REWARD_POOL_KEY_RAID_HIGH,ONCE,CLAIM_KEY_RAID_NATIONAL_0494_KANTO,FREE_AFTER_NON_CAPTURE,RAID_HIGH_UNLOCKED,RAID_DYNAMAX,SIMPLE_EVENT,false,false,ACTIVE,KANTO; primary=TOHOKU; 一つのROMで全種入手可能。地方移動前に捕獲済みでもイベントは報酬のみ受領可能。
RAID_KEY_NATIONAL_0494_TOHOKU,MAP_KEY_TOHOKU_T043,SPECIES_KEY_VICTINI,85,TRAINER_POOL_KEY_MASTER,SHIELD_PROGRESSIVE,SHARED_ONCE,SHARED_CAPTURE_KEY_NATIONAL_0494,REWARD_POOL_KEY_RAID_HIGH,ONCE,CLAIM_KEY_RAID_NATIONAL_0494_TOHOKU,FREE_AFTER_NON_CAPTURE,RAID_HIGH_UNLOCKED,RAID_DYNAMAX,SIMPLE_EVENT,false,false,ACTIVE,TOHOKU; primary=TOHOKU; 一つのROMで全種入手可能。地方移動前に捕獲済みでもイベントは報酬のみ受領可能。
RAID_KEY_NATIONAL_0638_KANTO,MAP_KEY_KANTO_K43,SPECIES_KEY_COBALION,85,TRAINER_POOL_KEY_MASTER,SHIELD_PROGRESSIVE,SHARED_ONCE,SHARED_CAPTURE_KEY_NATIONAL_0638,REWARD_POOL_KEY_RAID_HIGH,ONCE,CLAIM_KEY_RAID_NATIONAL_0638_KANTO,FREE_AFTER_NON_CAPTURE,RAID_HIGH_UNLOCKED,RAID_DYNAMAX,SIMPLE_EVENT,false,false,ACTIVE,KANTO; primary=KANTO; 一つのROMで全種入手可能。地方移動前に捕獲済みでもイベントは報酬のみ受領可能。
RAID_KEY_NATIONAL_0638_TOHOKU,MAP_KEY_TOHOKU_T043,SPECIES_KEY_COBALION,85,TRAINER_POOL_KEY_MASTER,SHIELD_PROGRESSIVE,SHARED_ONCE,SHARED_CAPTURE_KEY_NATIONAL_0638,REWARD_POOL_KEY_RAID_HIGH,ONCE,CLAIM_KEY_RAID_NATIONAL_0638_TOHOKU,FREE_AFTER_NON_CAPTURE,RAID_HIGH_UNLOCKED,RAID_DYNAMAX,SIMPLE_EVENT,false,false,ACTIVE,TOHOKU; primary=KANTO; 一つのROMで全種入手可能。地方移動前に捕獲済みでもイベントは報酬のみ受領可能。
RAID_KEY_NATIONAL_0639_KANTO,MAP_KEY_KANTO_K43,SPECIES_KEY_TERRAKION,85,TRAINER_POOL_KEY_MASTER,SHIELD_PROGRESSIVE,SHARED_ONCE,SHARED_CAPTURE_KEY_NATIONAL_0639,REWARD_POOL_KEY_RAID_HIGH,ONCE,CLAIM_KEY_RAID_NATIONAL_0639_KANTO,FREE_AFTER_NON_CAPTURE,RAID_HIGH_UNLOCKED,RAID_DYNAMAX,SIMPLE_EVENT,false,false,ACTIVE,KANTO; primary=KANTO; 一つのROMで全種入手可能。地方移動前に捕獲済みでもイベントは報酬のみ受領可能。
RAID_KEY_NATIONAL_0639_TOHOKU,MAP_KEY_TOHOKU_T043,SPECIES_KEY_TERRAKION,85,TRAINER_POOL_KEY_MASTER,SHIELD_PROGRESSIVE,SHARED_ONCE,SHARED_CAPTURE_KEY_NATIONAL_0639,REWARD_POOL_KEY_RAID_HIGH,ONCE,CLAIM_KEY_RAID_NATIONAL_0639_TOHOKU,FREE_AFTER_NON_CAPTURE,RAID_HIGH_UNLOCKED,RAID_DYNAMAX,SIMPLE_EVENT,false,false,ACTIVE,TOHOKU; primary=KANTO; 一つのROMで全種入手可能。地方移動前に捕獲済みでもイベントは報酬のみ受領可能。
RAID_KEY_NATIONAL_0640_KANTO,MAP_KEY_KANTO_K43,SPECIES_KEY_VIRIZION,85,TRAINER_POOL_KEY_MASTER,SHIELD_PROGRESSIVE,SHARED_ONCE,SHARED_CAPTURE_KEY_NATIONAL_0640,REWARD_POOL_KEY_RAID_HIGH,ONCE,CLAIM_KEY_RAID_NATIONAL_0640_KANTO,FREE_AFTER_NON_CAPTURE,RAID_HIGH_UNLOCKED,RAID_DYNAMAX,SIMPLE_EVENT,false,false,ACTIVE,KANTO; primary=KANTO; 一つのROMで全種入手可能。地方移動前に捕獲済みでもイベントは報酬のみ受領可能。
RAID_KEY_NATIONAL_0640_TOHOKU,MAP_KEY_TOHOKU_T043,SPECIES_KEY_VIRIZION,85,TRAINER_POOL_KEY_MASTER,SHIELD_PROGRESSIVE,SHARED_ONCE,SHARED_CAPTURE_KEY_NATIONAL_0640,REWARD_POOL_KEY_RAID_HIGH,ONCE,CLAIM_KEY_RAID_NATIONAL_0640_TOHOKU,FREE_AFTER_NON_CAPTURE,RAID_HIGH_UNLOCKED,RAID_DYNAMAX,SIMPLE_EVENT,false,false,ACTIVE,TOHOKU; primary=KANTO; 一つのROMで全種入手可能。地方移動前に捕獲済みでもイベントは報酬のみ受領可能。
RAID_KEY_NATIONAL_0641_KANTO,MAP_KEY_KANTO_K43,SPECIES_KEY_TORNADUS,85,TRAINER_POOL_KEY_MASTER,SHIELD_PROGRESSIVE,SHARED_ONCE,SHARED_CAPTURE_KEY_NATIONAL_0641,REWARD_POOL_KEY_RAID_HIGH,ONCE,CLAIM_KEY_RAID_NATIONAL_0641_KANTO,FREE_AFTER_NON_CAPTURE,RAID_HIGH_UNLOCKED,RAID_DYNAMAX,SIMPLE_EVENT,false,false,ACTIVE,KANTO; primary=TOHOKU; 一つのROMで全種入手可能。地方移動前に捕獲済みでもイベントは報酬のみ受領可能。
RAID_KEY_NATIONAL_0641_TOHOKU,MAP_KEY_TOHOKU_T043,SPECIES_KEY_TORNADUS,85,TRAINER_POOL_KEY_MASTER,SHIELD_PROGRESSIVE,SHARED_ONCE,SHARED_CAPTURE_KEY_NATIONAL_0641,REWARD_POOL_KEY_RAID_HIGH,ONCE,CLAIM_KEY_RAID_NATIONAL_0641_TOHOKU,FREE_AFTER_NON_CAPTURE,RAID_HIGH_UNLOCKED,RAID_DYNAMAX,SIMPLE_EVENT,false,false,ACTIVE,TOHOKU; primary=TOHOKU; 一つのROMで全種入手可能。地方移動前に捕獲済みでもイベントは報酬のみ受領可能。
RAID_KEY_NATIONAL_0642_KANTO,MAP_KEY_KANTO_K43,SPECIES_KEY_THUNDURUS,85,TRAINER_POOL_KEY_MASTER,SHIELD_PROGRESSIVE,SHARED_ONCE,SHARED_CAPTURE_KEY_NATIONAL_0642,REWARD_POOL_KEY_RAID_HIGH,ONCE,CLAIM_KEY_RAID_NATIONAL_0642_KANTO,FREE_AFTER_NON_CAPTURE,RAID_HIGH_UNLOCKED,RAID_DYNAMAX,SIMPLE_EVENT,false,false,ACTIVE,KANTO; primary=KANTO; 一つのROMで全種入手可能。地方移動前に捕獲済みでもイベントは報酬のみ受領可能。
RAID_KEY_NATIONAL_0642_TOHOKU,MAP_KEY_TOHOKU_T043,SPECIES_KEY_THUNDURUS,85,TRAINER_POOL_KEY_MASTER,SHIELD_PROGRESSIVE,SHARED_ONCE,SHARED_CAPTURE_KEY_NATIONAL_0642,REWARD_POOL_KEY_RAID_HIGH,ONCE,CLAIM_KEY_RAID_NATIONAL_0642_TOHOKU,FREE_AFTER_NON_CAPTURE,RAID_HIGH_UNLOCKED,RAID_DYNAMAX,SIMPLE_EVENT,false,false,ACTIVE,TOHOKU; primary=KANTO; 一つのROMで全種入手可能。地方移動前に捕獲済みでもイベントは報酬のみ受領可能。
RAID_KEY_NATIONAL_0643_KANTO,MAP_KEY_KANTO_K43,SPECIES_KEY_RESHIRAM,85,TRAINER_POOL_KEY_MASTER,SHIELD_PROGRESSIVE,SHARED_ONCE,SHARED_CAPTURE_KEY_NATIONAL_0643,REWARD_POOL_KEY_RAID_HIGH,ONCE,CLAIM_KEY_RAID_NATIONAL_0643_KANTO,FREE_AFTER_NON_CAPTURE,RAID_HIGH_UNLOCKED,RAID_DYNAMAX,SIMPLE_EVENT,false,false,ACTIVE,KANTO; primary=TOHOKU; 一つのROMで全種入手可能。地方移動前に捕獲済みでもイベントは報酬のみ受領可能。
RAID_KEY_NATIONAL_0643_TOHOKU,MAP_KEY_TOHOKU_T043,SPECIES_KEY_RESHIRAM,85,TRAINER_POOL_KEY_MASTER,SHIELD_PROGRESSIVE,SHARED_ONCE,SHARED_CAPTURE_KEY_NATIONAL_0643,REWARD_POOL_KEY_RAID_HIGH,ONCE,CLAIM_KEY_RAID_NATIONAL_0643_TOHOKU,FREE_AFTER_NON_CAPTURE,RAID_HIGH_UNLOCKED,RAID_DYNAMAX,SIMPLE_EVENT,false,false,ACTIVE,TOHOKU; primary=TOHOKU; 一つのROMで全種入手可能。地方移動前に捕獲済みでもイベントは報酬のみ受領可能。
RAID_KEY_NATIONAL_0644_KANTO,MAP_KEY_KANTO_K43,SPECIES_KEY_ZEKROM,85,TRAINER_POOL_KEY_MASTER,SHIELD_PROGRESSIVE,SHARED_ONCE,SHARED_CAPTURE_KEY_NATIONAL_0644,REWARD_POOL_KEY_RAID_HIGH,ONCE,CLAIM_KEY_RAID_NATIONAL_0644_KANTO,FREE_AFTER_NON_CAPTURE,RAID_HIGH_UNLOCKED,RAID_DYNAMAX,SIMPLE_EVENT,false,false,ACTIVE,KANTO; primary=TOHOKU; 一つのROMで全種入手可能。地方移動前に捕獲済みでもイベントは報酬のみ受領可能。
RAID_KEY_NATIONAL_0644_TOHOKU,MAP_KEY_TOHOKU_T043,SPECIES_KEY_ZEKROM,85,TRAINER_POOL_KEY_MASTER,SHIELD_PROGRESSIVE,SHARED_ONCE,SHARED_CAPTURE_KEY_NATIONAL_0644,REWARD_POOL_KEY_RAID_HIGH,ONCE,CLAIM_KEY_RAID_NATIONAL_0644_TOHOKU,FREE_AFTER_NON_CAPTURE,RAID_HIGH_UNLOCKED,RAID_DYNAMAX,SIMPLE_EVENT,false,false,ACTIVE,TOHOKU; primary=TOHOKU; 一つのROMで全種入手可能。地方移動前に捕獲済みでもイベントは報酬のみ受領可能。
RAID_KEY_NATIONAL_0645_KANTO,MAP_KEY_KANTO_K43,SPECIES_KEY_LANDORUS,85,TRAINER_POOL_KEY_MASTER,SHIELD_PROGRESSIVE,SHARED_ONCE,SHARED_CAPTURE_KEY_NATIONAL_0645,REWARD_POOL_KEY_RAID_HIGH,ONCE,CLAIM_KEY_RAID_NATIONAL_0645_KANTO,FREE_AFTER_NON_CAPTURE,RAID_HIGH_UNLOCKED,RAID_DYNAMAX,SIMPLE_EVENT,false,false,ACTIVE,KANTO; primary=KANTO; 一つのROMで全種入手可能。地方移動前に捕獲済みでもイベントは報酬のみ受領可能。
RAID_KEY_NATIONAL_0645_TOHOKU,MAP_KEY_TOHOKU_T043,SPECIES_KEY_LANDORUS,85,TRAINER_POOL_KEY_MASTER,SHIELD_PROGRESSIVE,SHARED_ONCE,SHARED_CAPTURE_KEY_NATIONAL_0645,REWARD_POOL_KEY_RAID_HIGH,ONCE,CLAIM_KEY_RAID_NATIONAL_0645_TOHOKU,FREE_AFTER_NON_CAPTURE,RAID_HIGH_UNLOCKED,RAID_DYNAMAX,SIMPLE_EVENT,false,false,ACTIVE,TOHOKU; primary=KANTO; 一つのROMで全種入手可能。地方移動前に捕獲済みでもイベントは報酬のみ受領可能。
RAID_KEY_NATIONAL_0646_KANTO,MAP_KEY_KANTO_K43,SPECIES_KEY_KYUREM,85,TRAINER_POOL_KEY_MASTER,SHIELD_PROGRESSIVE,SHARED_ONCE,SHARED_CAPTURE_KEY_NATIONAL_0646,REWARD_POOL_KEY_RAID_HIGH,ONCE,CLAIM_KEY_RAID_NATIONAL_0646_KANTO,FREE_AFTER_NON_CAPTURE,RAID_HIGH_UNLOCKED,RAID_DYNAMAX,SIMPLE_EVENT,false,false,ACTIVE,KANTO; primary=TOHOKU; 一つのROMで全種入手可能。地方移動前に捕獲済みでもイベントは報酬のみ受領可能。
RAID_KEY_NATIONAL_0646_TOHOKU,MAP_KEY_TOHOKU_T043,SPECIES_KEY_KYUREM,85,TRAINER_POOL_KEY_MASTER,SHIELD_PROGRESSIVE,SHARED_ONCE,SHARED_CAPTURE_KEY_NATIONAL_0646,REWARD_POOL_KEY_RAID_HIGH,ONCE,CLAIM_KEY_RAID_NATIONAL_0646_TOHOKU,FREE_AFTER_NON_CAPTURE,RAID_HIGH_UNLOCKED,RAID_DYNAMAX,SIMPLE_EVENT,false,false,ACTIVE,TOHOKU; primary=TOHOKU; 一つのROMで全種入手可能。地方移動前に捕獲済みでもイベントは報酬のみ受領可能。
RAID_KEY_NATIONAL_0647_KANTO,MAP_KEY_KANTO_K43,SPECIES_KEY_KELDEO,85,TRAINER_POOL_KEY_MASTER,SHIELD_PROGRESSIVE,SHARED_ONCE,SHARED_CAPTURE_KEY_NATIONAL_0647,REWARD_POOL_KEY_RAID_HIGH,ONCE,CLAIM_KEY_RAID_NATIONAL_0647_KANTO,FREE_AFTER_NON_CAPTURE,RAID_HIGH_UNLOCKED,RAID_DYNAMAX,SIMPLE_EVENT,false,false,ACTIVE,KANTO; primary=KANTO; 一つのROMで全種入手可能。地方移動前に捕獲済みでもイベントは報酬のみ受領可能。
RAID_KEY_NATIONAL_0647_TOHOKU,MAP_KEY_TOHOKU_T043,SPECIES_KEY_KELDEO,85,TRAINER_POOL_KEY_MASTER,SHIELD_PROGRESSIVE,SHARED_ONCE,SHARED_CAPTURE_KEY_NATIONAL_0647,REWARD_POOL_KEY_RAID_HIGH,ONCE,CLAIM_KEY_RAID_NATIONAL_0647_TOHOKU,FREE_AFTER_NON_CAPTURE,RAID_HIGH_UNLOCKED,RAID_DYNAMAX,SIMPLE_EVENT,false,false,ACTIVE,TOHOKU; primary=KANTO; 一つのROMで全種入手可能。地方移動前に捕獲済みでもイベントは報酬のみ受領可能。
RAID_KEY_NATIONAL_0648_KANTO,MAP_KEY_KANTO_K43,SPECIES_KEY_MELOETTA,85,TRAINER_POOL_KEY_MASTER,SHIELD_PROGRESSIVE,SHARED_ONCE,SHARED_CAPTURE_KEY_NATIONAL_0648,REWARD_POOL_KEY_RAID_HIGH,ONCE,CLAIM_KEY_RAID_NATIONAL_0648_KANTO,FREE_AFTER_NON_CAPTURE,RAID_HIGH_UNLOCKED,RAID_DYNAMAX,SIMPLE_EVENT,false,false,ACTIVE,KANTO; primary=KANTO; 一つのROMで全種入手可能。地方移動前に捕獲済みでもイベントは報酬のみ受領可能。
RAID_KEY_NATIONAL_0648_TOHOKU,MAP_KEY_TOHOKU_T043,SPECIES_KEY_MELOETTA,85,TRAINER_POOL_KEY_MASTER,SHIELD_PROGRESSIVE,SHARED_ONCE,SHARED_CAPTURE_KEY_NATIONAL_0648,REWARD_POOL_KEY_RAID_HIGH,ONCE,CLAIM_KEY_RAID_NATIONAL_0648_TOHOKU,FREE_AFTER_NON_CAPTURE,RAID_HIGH_UNLOCKED,RAID_DYNAMAX,SIMPLE_EVENT,false,false,ACTIVE,TOHOKU; primary=KANTO; 一つのROMで全種入手可能。地方移動前に捕獲済みでもイベントは報酬のみ受領可能。
RAID_KEY_NATIONAL_0649_KANTO,MAP_KEY_KANTO_K43,SPECIES_KEY_GENESECT,85,TRAINER_POOL_KEY_MASTER,SHIELD_PROGRESSIVE,SHARED_ONCE,SHARED_CAPTURE_KEY_NATIONAL_0649,REWARD_POOL_KEY_RAID_HIGH,ONCE,CLAIM_KEY_RAID_NATIONAL_0649_KANTO,FREE_AFTER_NON_CAPTURE,RAID_HIGH_UNLOCKED,RAID_DYNAMAX,SIMPLE_EVENT,false,false,ACTIVE,KANTO; primary=KANTO; 一つのROMで全種入手可能。地方移動前に捕獲済みでもイベントは報酬のみ受領可能。
RAID_KEY_NATIONAL_0649_TOHOKU,MAP_KEY_TOHOKU_T043,SPECIES_KEY_GENESECT,85,TRAINER_POOL_KEY_MASTER,SHIELD_PROGRESSIVE,SHARED_ONCE,SHARED_CAPTURE_KEY_NATIONAL_0649,REWARD_POOL_KEY_RAID_HIGH,ONCE,CLAIM_KEY_RAID_NATIONAL_0649_TOHOKU,FREE_AFTER_NON_CAPTURE,RAID_HIGH_UNLOCKED,RAID_DYNAMAX,SIMPLE_EVENT,false,false,ACTIVE,TOHOKU; primary=KANTO; 一つのROMで全種入手可能。地方移動前に捕獲済みでもイベントは報酬のみ受領可能。
RAID_KEY_NATIONAL_0716_KANTO,MAP_KEY_KANTO_K43,SPECIES_KEY_XERNEAS,85,TRAINER_POOL_KEY_MASTER,SHIELD_PROGRESSIVE,SHARED_ONCE,SHARED_CAPTURE_KEY_NATIONAL_0716,REWARD_POOL_KEY_RAID_HIGH,ONCE,CLAIM_KEY_RAID_NATIONAL_0716_KANTO,FREE_AFTER_NON_CAPTURE,RAID_HIGH_UNLOCKED,RAID_DYNAMAX,SIMPLE_EVENT,false,false,ACTIVE,KANTO; primary=TOHOKU; 一つのROMで全種入手可能。地方移動前に捕獲済みでもイベントは報酬のみ受領可能。
RAID_KEY_NATIONAL_0716_TOHOKU,MAP_KEY_TOHOKU_T043,SPECIES_KEY_XERNEAS,85,TRAINER_POOL_KEY_MASTER,SHIELD_PROGRESSIVE,SHARED_ONCE,SHARED_CAPTURE_KEY_NATIONAL_0716,REWARD_POOL_KEY_RAID_HIGH,ONCE,CLAIM_KEY_RAID_NATIONAL_0716_TOHOKU,FREE_AFTER_NON_CAPTURE,RAID_HIGH_UNLOCKED,RAID_DYNAMAX,SIMPLE_EVENT,false,false,ACTIVE,TOHOKU; primary=TOHOKU; 一つのROMで全種入手可能。地方移動前に捕獲済みでもイベントは報酬のみ受領可能。
RAID_KEY_NATIONAL_0717_KANTO,MAP_KEY_KANTO_K43,SPECIES_KEY_YVELTAL,85,TRAINER_POOL_KEY_MASTER,SHIELD_PROGRESSIVE,SHARED_ONCE,SHARED_CAPTURE_KEY_NATIONAL_0717,REWARD_POOL_KEY_RAID_HIGH,ONCE,CLAIM_KEY_RAID_NATIONAL_0717_KANTO,FREE_AFTER_NON_CAPTURE,RAID_HIGH_UNLOCKED,RAID_DYNAMAX,SIMPLE_EVENT,false,false,ACTIVE,KANTO; primary=KANTO; 一つのROMで全種入手可能。地方移動前に捕獲済みでもイベントは報酬のみ受領可能。
RAID_KEY_NATIONAL_0717_TOHOKU,MAP_KEY_TOHOKU_T043,SPECIES_KEY_YVELTAL,85,TRAINER_POOL_KEY_MASTER,SHIELD_PROGRESSIVE,SHARED_ONCE,SHARED_CAPTURE_KEY_NATIONAL_0717,REWARD_POOL_KEY_RAID_HIGH,ONCE,CLAIM_KEY_RAID_NATIONAL_0717_TOHOKU,FREE_AFTER_NON_CAPTURE,RAID_HIGH_UNLOCKED,RAID_DYNAMAX,SIMPLE_EVENT,false,false,ACTIVE,TOHOKU; primary=KANTO; 一つのROMで全種入手可能。地方移動前に捕獲済みでもイベントは報酬のみ受領可能。
RAID_KEY_NATIONAL_0718_KANTO,MAP_KEY_KANTO_K43,SPECIES_KEY_ZYGARDE,85,TRAINER_POOL_KEY_MASTER,SHIELD_PROGRESSIVE,SHARED_ONCE,SHARED_CAPTURE_KEY_NATIONAL_0718,REWARD_POOL_KEY_RAID_HIGH,ONCE,CLAIM_KEY_RAID_NATIONAL_0718_KANTO,FREE_AFTER_NON_CAPTURE,RAID_HIGH_UNLOCKED,RAID_DYNAMAX,SIMPLE_EVENT,false,false,ACTIVE,KANTO; primary=TOHOKU; 一つのROMで全種入手可能。地方移動前に捕獲済みでもイベントは報酬のみ受領可能。
RAID_KEY_NATIONAL_0718_TOHOKU,MAP_KEY_TOHOKU_T043,SPECIES_KEY_ZYGARDE,85,TRAINER_POOL_KEY_MASTER,SHIELD_PROGRESSIVE,SHARED_ONCE,SHARED_CAPTURE_KEY_NATIONAL_0718,REWARD_POOL_KEY_RAID_HIGH,ONCE,CLAIM_KEY_RAID_NATIONAL_0718_TOHOKU,FREE_AFTER_NON_CAPTURE,RAID_HIGH_UNLOCKED,RAID_DYNAMAX,SIMPLE_EVENT,false,false,ACTIVE,TOHOKU; primary=TOHOKU; 一つのROMで全種入手可能。地方移動前に捕獲済みでもイベントは報酬のみ受領可能。
RAID_KEY_NATIONAL_0719_KANTO,MAP_KEY_KANTO_K43,SPECIES_KEY_DIANCIE,85,TRAINER_POOL_KEY_MASTER,SHIELD_PROGRESSIVE,SHARED_ONCE,SHARED_CAPTURE_KEY_NATIONAL_0719,REWARD_POOL_KEY_RAID_HIGH,ONCE,CLAIM_KEY_RAID_NATIONAL_0719_KANTO,FREE_AFTER_NON_CAPTURE,RAID_HIGH_UNLOCKED,RAID_DYNAMAX,SIMPLE_EVENT,false,false,ACTIVE,KANTO; primary=TOHOKU; 一つのROMで全種入手可能。地方移動前に捕獲済みでもイベントは報酬のみ受領可能。
RAID_KEY_NATIONAL_0719_TOHOKU,MAP_KEY_TOHOKU_T043,SPECIES_KEY_DIANCIE,85,TRAINER_POOL_KEY_MASTER,SHIELD_PROGRESSIVE,SHARED_ONCE,SHARED_CAPTURE_KEY_NATIONAL_0719,REWARD_POOL_KEY_RAID_HIGH,ONCE,CLAIM_KEY_RAID_NATIONAL_0719_TOHOKU,FREE_AFTER_NON_CAPTURE,RAID_HIGH_UNLOCKED,RAID_DYNAMAX,SIMPLE_EVENT,false,false,ACTIVE,TOHOKU; primary=TOHOKU; 一つのROMで全種入手可能。地方移動前に捕獲済みでもイベントは報酬のみ受領可能。
RAID_KEY_NATIONAL_0720_KANTO,MAP_KEY_KANTO_K43,SPECIES_KEY_HOOPA,85,TRAINER_POOL_KEY_MASTER,SHIELD_PROGRESSIVE,SHARED_ONCE,SHARED_CAPTURE_KEY_NATIONAL_0720,REWARD_POOL_KEY_RAID_HIGH,ONCE,CLAIM_KEY_RAID_NATIONAL_0720_KANTO,FREE_AFTER_NON_CAPTURE,RAID_HIGH_UNLOCKED,RAID_DYNAMAX,SIMPLE_EVENT,false,false,ACTIVE,KANTO; primary=KANTO; 一つのROMで全種入手可能。地方移動前に捕獲済みでもイベントは報酬のみ受領可能。
RAID_KEY_NATIONAL_0720_TOHOKU,MAP_KEY_TOHOKU_T043,SPECIES_KEY_HOOPA,85,TRAINER_POOL_KEY_MASTER,SHIELD_PROGRESSIVE,SHARED_ONCE,SHARED_CAPTURE_KEY_NATIONAL_0720,REWARD_POOL_KEY_RAID_HIGH,ONCE,CLAIM_KEY_RAID_NATIONAL_0720_TOHOKU,FREE_AFTER_NON_CAPTURE,RAID_HIGH_UNLOCKED,RAID_DYNAMAX,SIMPLE_EVENT,false,false,ACTIVE,TOHOKU; primary=KANTO; 一つのROMで全種入手可能。地方移動前に捕獲済みでもイベントは報酬のみ受領可能。
RAID_KEY_NATIONAL_0721_KANTO,MAP_KEY_KANTO_K43,SPECIES_KEY_VOLCANION,85,TRAINER_POOL_KEY_MASTER,SHIELD_PROGRESSIVE,SHARED_ONCE,SHARED_CAPTURE_KEY_NATIONAL_0721,REWARD_POOL_KEY_RAID_HIGH,ONCE,CLAIM_KEY_RAID_NATIONAL_0721_KANTO,FREE_AFTER_NON_CAPTURE,RAID_HIGH_UNLOCKED,RAID_DYNAMAX,SIMPLE_EVENT,false,false,ACTIVE,KANTO; primary=TOHOKU; 一つのROMで全種入手可能。地方移動前に捕獲済みでもイベントは報酬のみ受領可能。
RAID_KEY_NATIONAL_0721_TOHOKU,MAP_KEY_TOHOKU_T043,SPECIES_KEY_VOLCANION,85,TRAINER_POOL_KEY_MASTER,SHIELD_PROGRESSIVE,SHARED_ONCE,SHARED_CAPTURE_KEY_NATIONAL_0721,REWARD_POOL_KEY_RAID_HIGH,ONCE,CLAIM_KEY_RAID_NATIONAL_0721_TOHOKU,FREE_AFTER_NON_CAPTURE,RAID_HIGH_UNLOCKED,RAID_DYNAMAX,SIMPLE_EVENT,false,false,ACTIVE,TOHOKU; primary=TOHOKU; 一つのROMで全種入手可能。地方移動前に捕獲済みでもイベントは報酬のみ受領可能。
RAID_KEY_NATIONAL_0772_KANTO,MAP_KEY_KANTO_K43,SPECIES_KEY_TYPE_NULL,85,TRAINER_POOL_KEY_MASTER,SHIELD_PROGRESSIVE,SHARED_ONCE,SHARED_CAPTURE_KEY_NATIONAL_0772,REWARD_POOL_KEY_RAID_HIGH,ONCE,CLAIM_KEY_RAID_NATIONAL_0772_KANTO,FREE_AFTER_NON_CAPTURE,RAID_HIGH_UNLOCKED,RAID_DYNAMAX,SIMPLE_EVENT,false,false,ACTIVE,KANTO; primary=KANTO; 一つのROMで全種入手可能。地方移動前に捕獲済みでもイベントは報酬のみ受領可能。
RAID_KEY_NATIONAL_0772_TOHOKU,MAP_KEY_TOHOKU_T043,SPECIES_KEY_TYPE_NULL,85,TRAINER_POOL_KEY_MASTER,SHIELD_PROGRESSIVE,SHARED_ONCE,SHARED_CAPTURE_KEY_NATIONAL_0772,REWARD_POOL_KEY_RAID_HIGH,ONCE,CLAIM_KEY_RAID_NATIONAL_0772_TOHOKU,FREE_AFTER_NON_CAPTURE,RAID_HIGH_UNLOCKED,RAID_DYNAMAX,SIMPLE_EVENT,false,false,ACTIVE,TOHOKU; primary=KANTO; 一つのROMで全種入手可能。地方移動前に捕獲済みでもイベントは報酬のみ受領可能。
RAID_KEY_NATIONAL_0773_KANTO,MAP_KEY_KANTO_K43,SPECIES_KEY_SILVALLY,85,TRAINER_POOL_KEY_MASTER,SHIELD_PROGRESSIVE,SHARED_ONCE,SHARED_CAPTURE_KEY_NATIONAL_0773,REWARD_POOL_KEY_RAID_HIGH,ONCE,CLAIM_KEY_RAID_NATIONAL_0773_KANTO,FREE_AFTER_NON_CAPTURE,RAID_HIGH_UNLOCKED,RAID_DYNAMAX,SIMPLE_EVENT,false,false,ACTIVE,KANTO; primary=KANTO; 一つのROMで全種入手可能。地方移動前に捕獲済みでもイベントは報酬のみ受領可能。
RAID_KEY_NATIONAL_0773_TOHOKU,MAP_KEY_TOHOKU_T043,SPECIES_KEY_SILVALLY,85,TRAINER_POOL_KEY_MASTER,SHIELD_PROGRESSIVE,SHARED_ONCE,SHARED_CAPTURE_KEY_NATIONAL_0773,REWARD_POOL_KEY_RAID_HIGH,ONCE,CLAIM_KEY_RAID_NATIONAL_0773_TOHOKU,FREE_AFTER_NON_CAPTURE,RAID_HIGH_UNLOCKED,RAID_DYNAMAX,SIMPLE_EVENT,false,false,ACTIVE,TOHOKU; primary=KANTO; 一つのROMで全種入手可能。地方移動前に捕獲済みでもイベントは報酬のみ受領可能。
RAID_KEY_NATIONAL_0785_KANTO,MAP_KEY_KANTO_K43,SPECIES_KEY_TAPU_KOKO,85,TRAINER_POOL_KEY_MASTER,SHIELD_PROGRESSIVE,SHARED_ONCE,SHARED_CAPTURE_KEY_NATIONAL_0785,REWARD_POOL_KEY_RAID_HIGH,ONCE,CLAIM_KEY_RAID_NATIONAL_0785_KANTO,FREE_AFTER_NON_CAPTURE,RAID_HIGH_UNLOCKED,RAID_DYNAMAX,SIMPLE_EVENT,false,false,ACTIVE,KANTO; primary=TOHOKU; 一つのROMで全種入手可能。地方移動前に捕獲済みでもイベントは報酬のみ受領可能。
RAID_KEY_NATIONAL_0785_TOHOKU,MAP_KEY_TOHOKU_T043,SPECIES_KEY_TAPU_KOKO,85,TRAINER_POOL_KEY_MASTER,SHIELD_PROGRESSIVE,SHARED_ONCE,SHARED_CAPTURE_KEY_NATIONAL_0785,REWARD_POOL_KEY_RAID_HIGH,ONCE,CLAIM_KEY_RAID_NATIONAL_0785_TOHOKU,FREE_AFTER_NON_CAPTURE,RAID_HIGH_UNLOCKED,RAID_DYNAMAX,SIMPLE_EVENT,false,false,ACTIVE,TOHOKU; primary=TOHOKU; 一つのROMで全種入手可能。地方移動前に捕獲済みでもイベントは報酬のみ受領可能。
RAID_KEY_NATIONAL_0786_KANTO,MAP_KEY_KANTO_K43,SPECIES_KEY_TAPU_LELE,85,TRAINER_POOL_KEY_MASTER,SHIELD_PROGRESSIVE,SHARED_ONCE,SHARED_CAPTURE_KEY_NATIONAL_0786,REWARD_POOL_KEY_RAID_HIGH,ONCE,CLAIM_KEY_RAID_NATIONAL_0786_KANTO,FREE_AFTER_NON_CAPTURE,RAID_HIGH_UNLOCKED,RAID_DYNAMAX,SIMPLE_EVENT,false,false,ACTIVE,KANTO; primary=TOHOKU; 一つのROMで全種入手可能。地方移動前に捕獲済みでもイベントは報酬のみ受領可能。
RAID_KEY_NATIONAL_0786_TOHOKU,MAP_KEY_TOHOKU_T043,SPECIES_KEY_TAPU_LELE,85,TRAINER_POOL_KEY_MASTER,SHIELD_PROGRESSIVE,SHARED_ONCE,SHARED_CAPTURE_KEY_NATIONAL_0786,REWARD_POOL_KEY_RAID_HIGH,ONCE,CLAIM_KEY_RAID_NATIONAL_0786_TOHOKU,FREE_AFTER_NON_CAPTURE,RAID_HIGH_UNLOCKED,RAID_DYNAMAX,SIMPLE_EVENT,false,false,ACTIVE,TOHOKU; primary=TOHOKU; 一つのROMで全種入手可能。地方移動前に捕獲済みでもイベントは報酬のみ受領可能。
RAID_KEY_NATIONAL_0787_KANTO,MAP_KEY_KANTO_K43,SPECIES_KEY_TAPU_BULU,85,TRAINER_POOL_KEY_MASTER,SHIELD_PROGRESSIVE,SHARED_ONCE,SHARED_CAPTURE_KEY_NATIONAL_0787,REWARD_POOL_KEY_RAID_HIGH,ONCE,CLAIM_KEY_RAID_NATIONAL_0787_KANTO,FREE_AFTER_NON_CAPTURE,RAID_HIGH_UNLOCKED,RAID_DYNAMAX,SIMPLE_EVENT,false,false,ACTIVE,KANTO; primary=TOHOKU; 一つのROMで全種入手可能。地方移動前に捕獲済みでもイベントは報酬のみ受領可能。
RAID_KEY_NATIONAL_0787_TOHOKU,MAP_KEY_TOHOKU_T043,SPECIES_KEY_TAPU_BULU,85,TRAINER_POOL_KEY_MASTER,SHIELD_PROGRESSIVE,SHARED_ONCE,SHARED_CAPTURE_KEY_NATIONAL_0787,REWARD_POOL_KEY_RAID_HIGH,ONCE,CLAIM_KEY_RAID_NATIONAL_0787_TOHOKU,FREE_AFTER_NON_CAPTURE,RAID_HIGH_UNLOCKED,RAID_DYNAMAX,SIMPLE_EVENT,false,false,ACTIVE,TOHOKU; primary=TOHOKU; 一つのROMで全種入手可能。地方移動前に捕獲済みでもイベントは報酬のみ受領可能。
RAID_KEY_NATIONAL_0788_KANTO,MAP_KEY_KANTO_K43,SPECIES_KEY_TAPU_FINI,85,TRAINER_POOL_KEY_MASTER,SHIELD_PROGRESSIVE,SHARED_ONCE,SHARED_CAPTURE_KEY_NATIONAL_0788,REWARD_POOL_KEY_RAID_HIGH,ONCE,CLAIM_KEY_RAID_NATIONAL_0788_KANTO,FREE_AFTER_NON_CAPTURE,RAID_HIGH_UNLOCKED,RAID_DYNAMAX,SIMPLE_EVENT,false,false,ACTIVE,KANTO; primary=TOHOKU; 一つのROMで全種入手可能。地方移動前に捕獲済みでもイベントは報酬のみ受領可能。
RAID_KEY_NATIONAL_0788_TOHOKU,MAP_KEY_TOHOKU_T043,SPECIES_KEY_TAPU_FINI,85,TRAINER_POOL_KEY_MASTER,SHIELD_PROGRESSIVE,SHARED_ONCE,SHARED_CAPTURE_KEY_NATIONAL_0788,REWARD_POOL_KEY_RAID_HIGH,ONCE,CLAIM_KEY_RAID_NATIONAL_0788_TOHOKU,FREE_AFTER_NON_CAPTURE,RAID_HIGH_UNLOCKED,RAID_DYNAMAX,SIMPLE_EVENT,false,false,ACTIVE,TOHOKU; primary=TOHOKU; 一つのROMで全種入手可能。地方移動前に捕獲済みでもイベントは報酬のみ受領可能。
RAID_KEY_NATIONAL_0789_KANTO,MAP_KEY_KANTO_K43,SPECIES_KEY_COSMOG,85,TRAINER_POOL_KEY_MASTER,SHIELD_PROGRESSIVE,SHARED_ONCE,SHARED_CAPTURE_KEY_NATIONAL_0789,REWARD_POOL_KEY_RAID_HIGH,ONCE,CLAIM_KEY_RAID_NATIONAL_0789_KANTO,FREE_AFTER_NON_CAPTURE,RAID_HIGH_UNLOCKED,RAID_DYNAMAX,SIMPLE_EVENT,false,false,ACTIVE,KANTO; primary=TOHOKU; 一つのROMで全種入手可能。地方移動前に捕獲済みでもイベントは報酬のみ受領可能。
RAID_KEY_NATIONAL_0789_TOHOKU,MAP_KEY_TOHOKU_T043,SPECIES_KEY_COSMOG,85,TRAINER_POOL_KEY_MASTER,SHIELD_PROGRESSIVE,SHARED_ONCE,SHARED_CAPTURE_KEY_NATIONAL_0789,REWARD_POOL_KEY_RAID_HIGH,ONCE,CLAIM_KEY_RAID_NATIONAL_0789_TOHOKU,FREE_AFTER_NON_CAPTURE,RAID_HIGH_UNLOCKED,RAID_DYNAMAX,SIMPLE_EVENT,false,false,ACTIVE,TOHOKU; primary=TOHOKU; 一つのROMで全種入手可能。地方移動前に捕獲済みでもイベントは報酬のみ受領可能。
RAID_KEY_NATIONAL_0790_KANTO,MAP_KEY_KANTO_K43,SPECIES_KEY_COSMOEM,85,TRAINER_POOL_KEY_MASTER,SHIELD_PROGRESSIVE,SHARED_ONCE,SHARED_CAPTURE_KEY_NATIONAL_0790,REWARD_POOL_KEY_RAID_HIGH,ONCE,CLAIM_KEY_RAID_NATIONAL_0790_KANTO,FREE_AFTER_NON_CAPTURE,RAID_HIGH_UNLOCKED,RAID_DYNAMAX,SIMPLE_EVENT,false,false,ACTIVE,KANTO; primary=TOHOKU; 一つのROMで全種入手可能。地方移動前に捕獲済みでもイベントは報酬のみ受領可能。
RAID_KEY_NATIONAL_0790_TOHOKU,MAP_KEY_TOHOKU_T043,SPECIES_KEY_COSMOEM,85,TRAINER_POOL_KEY_MASTER,SHIELD_PROGRESSIVE,SHARED_ONCE,SHARED_CAPTURE_KEY_NATIONAL_0790,REWARD_POOL_KEY_RAID_HIGH,ONCE,CLAIM_KEY_RAID_NATIONAL_0790_TOHOKU,FREE_AFTER_NON_CAPTURE,RAID_HIGH_UNLOCKED,RAID_DYNAMAX,SIMPLE_EVENT,false,false,ACTIVE,TOHOKU; primary=TOHOKU; 一つのROMで全種入手可能。地方移動前に捕獲済みでもイベントは報酬のみ受領可能。
RAID_KEY_NATIONAL_0791_KANTO,MAP_KEY_KANTO_K43,SPECIES_KEY_SOLGALEO,85,TRAINER_POOL_KEY_MASTER,SHIELD_PROGRESSIVE,SHARED_ONCE,SHARED_CAPTURE_KEY_NATIONAL_0791,REWARD_POOL_KEY_RAID_HIGH,ONCE,CLAIM_KEY_RAID_NATIONAL_0791_KANTO,FREE_AFTER_NON_CAPTURE,RAID_HIGH_UNLOCKED,RAID_DYNAMAX,SIMPLE_EVENT,false,false,ACTIVE,KANTO; primary=TOHOKU; 一つのROMで全種入手可能。地方移動前に捕獲済みでもイベントは報酬のみ受領可能。
RAID_KEY_NATIONAL_0791_TOHOKU,MAP_KEY_TOHOKU_T043,SPECIES_KEY_SOLGALEO,85,TRAINER_POOL_KEY_MASTER,SHIELD_PROGRESSIVE,SHARED_ONCE,SHARED_CAPTURE_KEY_NATIONAL_0791,REWARD_POOL_KEY_RAID_HIGH,ONCE,CLAIM_KEY_RAID_NATIONAL_0791_TOHOKU,FREE_AFTER_NON_CAPTURE,RAID_HIGH_UNLOCKED,RAID_DYNAMAX,SIMPLE_EVENT,false,false,ACTIVE,TOHOKU; primary=TOHOKU; 一つのROMで全種入手可能。地方移動前に捕獲済みでもイベントは報酬のみ受領可能。
RAID_KEY_NATIONAL_0792_KANTO,MAP_KEY_KANTO_K43,SPECIES_KEY_LUNALA,85,TRAINER_POOL_KEY_MASTER,SHIELD_PROGRESSIVE,SHARED_ONCE,SHARED_CAPTURE_KEY_NATIONAL_0792,REWARD_POOL_KEY_RAID_HIGH,ONCE,CLAIM_KEY_RAID_NATIONAL_0792_KANTO,FREE_AFTER_NON_CAPTURE,RAID_HIGH_UNLOCKED,RAID_DYNAMAX,SIMPLE_EVENT,false,false,ACTIVE,KANTO; primary=TOHOKU; 一つのROMで全種入手可能。地方移動前に捕獲済みでもイベントは報酬のみ受領可能。
RAID_KEY_NATIONAL_0792_TOHOKU,MAP_KEY_TOHOKU_T043,SPECIES_KEY_LUNALA,85,TRAINER_POOL_KEY_MASTER,SHIELD_PROGRESSIVE,SHARED_ONCE,SHARED_CAPTURE_KEY_NATIONAL_0792,REWARD_POOL_KEY_RAID_HIGH,ONCE,CLAIM_KEY_RAID_NATIONAL_0792_TOHOKU,FREE_AFTER_NON_CAPTURE,RAID_HIGH_UNLOCKED,RAID_DYNAMAX,SIMPLE_EVENT,false,false,ACTIVE,TOHOKU; primary=TOHOKU; 一つのROMで全種入手可能。地方移動前に捕獲済みでもイベントは報酬のみ受領可能。
RAID_KEY_NATIONAL_0793_KANTO,MAP_KEY_KANTO_K43,SPECIES_KEY_NIHILEGO,90,TRAINER_POOL_KEY_MASTER,SHIELD_PROGRESSIVE,SHARED_ONCE,SHARED_CAPTURE_KEY_NATIONAL_0793,REWARD_POOL_KEY_RAID_HIGH,ONCE,CLAIM_KEY_RAID_NATIONAL_0793_KANTO,FREE_AFTER_NON_CAPTURE,RAID_HIGH_UNLOCKED,RAID_DYNAMAX,SIMPLE_EVENT,false,false,ACTIVE,KANTO; primary=TOHOKU; 一つのROMで全種入手可能。地方移動前に捕獲済みでもイベントは報酬のみ受領可能。
RAID_KEY_NATIONAL_0793_TOHOKU,MAP_KEY_TOHOKU_T043,SPECIES_KEY_NIHILEGO,90,TRAINER_POOL_KEY_MASTER,SHIELD_PROGRESSIVE,SHARED_ONCE,SHARED_CAPTURE_KEY_NATIONAL_0793,REWARD_POOL_KEY_RAID_HIGH,ONCE,CLAIM_KEY_RAID_NATIONAL_0793_TOHOKU,FREE_AFTER_NON_CAPTURE,RAID_HIGH_UNLOCKED,RAID_DYNAMAX,SIMPLE_EVENT,false,false,ACTIVE,TOHOKU; primary=TOHOKU; 一つのROMで全種入手可能。地方移動前に捕獲済みでもイベントは報酬のみ受領可能。
RAID_KEY_NATIONAL_0794_KANTO,MAP_KEY_KANTO_K43,SPECIES_KEY_BUZZWOLE,90,TRAINER_POOL_KEY_MASTER,SHIELD_PROGRESSIVE,SHARED_ONCE,SHARED_CAPTURE_KEY_NATIONAL_0794,REWARD_POOL_KEY_RAID_HIGH,ONCE,CLAIM_KEY_RAID_NATIONAL_0794_KANTO,FREE_AFTER_NON_CAPTURE,RAID_HIGH_UNLOCKED,RAID_DYNAMAX,SIMPLE_EVENT,false,false,ACTIVE,KANTO; primary=KANTO; 一つのROMで全種入手可能。地方移動前に捕獲済みでもイベントは報酬のみ受領可能。
RAID_KEY_NATIONAL_0794_TOHOKU,MAP_KEY_TOHOKU_T043,SPECIES_KEY_BUZZWOLE,90,TRAINER_POOL_KEY_MASTER,SHIELD_PROGRESSIVE,SHARED_ONCE,SHARED_CAPTURE_KEY_NATIONAL_0794,REWARD_POOL_KEY_RAID_HIGH,ONCE,CLAIM_KEY_RAID_NATIONAL_0794_TOHOKU,FREE_AFTER_NON_CAPTURE,RAID_HIGH_UNLOCKED,RAID_DYNAMAX,SIMPLE_EVENT,false,false,ACTIVE,TOHOKU; primary=KANTO; 一つのROMで全種入手可能。地方移動前に捕獲済みでもイベントは報酬のみ受領可能。
RAID_KEY_NATIONAL_0795_KANTO,MAP_KEY_KANTO_K43,SPECIES_KEY_PHEROMOSA,90,TRAINER_POOL_KEY_MASTER,SHIELD_PROGRESSIVE,SHARED_ONCE,SHARED_CAPTURE_KEY_NATIONAL_0795,REWARD_POOL_KEY_RAID_HIGH,ONCE,CLAIM_KEY_RAID_NATIONAL_0795_KANTO,FREE_AFTER_NON_CAPTURE,RAID_HIGH_UNLOCKED,RAID_DYNAMAX,SIMPLE_EVENT,false,false,ACTIVE,KANTO; primary=TOHOKU; 一つのROMで全種入手可能。地方移動前に捕獲済みでもイベントは報酬のみ受領可能。
RAID_KEY_NATIONAL_0795_TOHOKU,MAP_KEY_TOHOKU_T043,SPECIES_KEY_PHEROMOSA,90,TRAINER_POOL_KEY_MASTER,SHIELD_PROGRESSIVE,SHARED_ONCE,SHARED_CAPTURE_KEY_NATIONAL_0795,REWARD_POOL_KEY_RAID_HIGH,ONCE,CLAIM_KEY_RAID_NATIONAL_0795_TOHOKU,FREE_AFTER_NON_CAPTURE,RAID_HIGH_UNLOCKED,RAID_DYNAMAX,SIMPLE_EVENT,false,false,ACTIVE,TOHOKU; primary=TOHOKU; 一つのROMで全種入手可能。地方移動前に捕獲済みでもイベントは報酬のみ受領可能。
RAID_KEY_NATIONAL_0796_KANTO,MAP_KEY_KANTO_K43,SPECIES_KEY_XURKITREE,90,TRAINER_POOL_KEY_MASTER,SHIELD_PROGRESSIVE,SHARED_ONCE,SHARED_CAPTURE_KEY_NATIONAL_0796,REWARD_POOL_KEY_RAID_HIGH,ONCE,CLAIM_KEY_RAID_NATIONAL_0796_KANTO,FREE_AFTER_NON_CAPTURE,RAID_HIGH_UNLOCKED,RAID_DYNAMAX,SIMPLE_EVENT,false,false,ACTIVE,KANTO; primary=KANTO; 一つのROMで全種入手可能。地方移動前に捕獲済みでもイベントは報酬のみ受領可能。
RAID_KEY_NATIONAL_0796_TOHOKU,MAP_KEY_TOHOKU_T043,SPECIES_KEY_XURKITREE,90,TRAINER_POOL_KEY_MASTER,SHIELD_PROGRESSIVE,SHARED_ONCE,SHARED_CAPTURE_KEY_NATIONAL_0796,REWARD_POOL_KEY_RAID_HIGH,ONCE,CLAIM_KEY_RAID_NATIONAL_0796_TOHOKU,FREE_AFTER_NON_CAPTURE,RAID_HIGH_UNLOCKED,RAID_DYNAMAX,SIMPLE_EVENT,false,false,ACTIVE,TOHOKU; primary=KANTO; 一つのROMで全種入手可能。地方移動前に捕獲済みでもイベントは報酬のみ受領可能。
RAID_KEY_NATIONAL_0797_KANTO,MAP_KEY_KANTO_K43,SPECIES_KEY_CELESTEELA,90,TRAINER_POOL_KEY_MASTER,SHIELD_PROGRESSIVE,SHARED_ONCE,SHARED_CAPTURE_KEY_NATIONAL_0797,REWARD_POOL_KEY_RAID_HIGH,ONCE,CLAIM_KEY_RAID_NATIONAL_0797_KANTO,FREE_AFTER_NON_CAPTURE,RAID_HIGH_UNLOCKED,RAID_DYNAMAX,SIMPLE_EVENT,false,false,ACTIVE,KANTO; primary=TOHOKU; 一つのROMで全種入手可能。地方移動前に捕獲済みでもイベントは報酬のみ受領可能。
RAID_KEY_NATIONAL_0797_TOHOKU,MAP_KEY_TOHOKU_T043,SPECIES_KEY_CELESTEELA,90,TRAINER_POOL_KEY_MASTER,SHIELD_PROGRESSIVE,SHARED_ONCE,SHARED_CAPTURE_KEY_NATIONAL_0797,REWARD_POOL_KEY_RAID_HIGH,ONCE,CLAIM_KEY_RAID_NATIONAL_0797_TOHOKU,FREE_AFTER_NON_CAPTURE,RAID_HIGH_UNLOCKED,RAID_DYNAMAX,SIMPLE_EVENT,false,false,ACTIVE,TOHOKU; primary=TOHOKU; 一つのROMで全種入手可能。地方移動前に捕獲済みでもイベントは報酬のみ受領可能。
RAID_KEY_NATIONAL_0798_KANTO,MAP_KEY_KANTO_K43,SPECIES_KEY_KARTANA,90,TRAINER_POOL_KEY_MASTER,SHIELD_PROGRESSIVE,SHARED_ONCE,SHARED_CAPTURE_KEY_NATIONAL_0798,REWARD_POOL_KEY_RAID_HIGH,ONCE,CLAIM_KEY_RAID_NATIONAL_0798_KANTO,FREE_AFTER_NON_CAPTURE,RAID_HIGH_UNLOCKED,RAID_DYNAMAX,SIMPLE_EVENT,false,false,ACTIVE,KANTO; primary=KANTO; 一つのROMで全種入手可能。地方移動前に捕獲済みでもイベントは報酬のみ受領可能。
RAID_KEY_NATIONAL_0798_TOHOKU,MAP_KEY_TOHOKU_T043,SPECIES_KEY_KARTANA,90,TRAINER_POOL_KEY_MASTER,SHIELD_PROGRESSIVE,SHARED_ONCE,SHARED_CAPTURE_KEY_NATIONAL_0798,REWARD_POOL_KEY_RAID_HIGH,ONCE,CLAIM_KEY_RAID_NATIONAL_0798_TOHOKU,FREE_AFTER_NON_CAPTURE,RAID_HIGH_UNLOCKED,RAID_DYNAMAX,SIMPLE_EVENT,false,false,ACTIVE,TOHOKU; primary=KANTO; 一つのROMで全種入手可能。地方移動前に捕獲済みでもイベントは報酬のみ受領可能。
RAID_KEY_NATIONAL_0799_KANTO,MAP_KEY_KANTO_K43,SPECIES_KEY_GUZZLORD,90,TRAINER_POOL_KEY_MASTER,SHIELD_PROGRESSIVE,SHARED_ONCE,SHARED_CAPTURE_KEY_NATIONAL_0799,REWARD_POOL_KEY_RAID_HIGH,ONCE,CLAIM_KEY_RAID_NATIONAL_0799_KANTO,FREE_AFTER_NON_CAPTURE,RAID_HIGH_UNLOCKED,RAID_DYNAMAX,SIMPLE_EVENT,false,false,ACTIVE,KANTO; primary=TOHOKU; 一つのROMで全種入手可能。地方移動前に捕獲済みでもイベントは報酬のみ受領可能。
RAID_KEY_NATIONAL_0799_TOHOKU,MAP_KEY_TOHOKU_T043,SPECIES_KEY_GUZZLORD,90,TRAINER_POOL_KEY_MASTER,SHIELD_PROGRESSIVE,SHARED_ONCE,SHARED_CAPTURE_KEY_NATIONAL_0799,REWARD_POOL_KEY_RAID_HIGH,ONCE,CLAIM_KEY_RAID_NATIONAL_0799_TOHOKU,FREE_AFTER_NON_CAPTURE,RAID_HIGH_UNLOCKED,RAID_DYNAMAX,SIMPLE_EVENT,false,false,ACTIVE,TOHOKU; primary=TOHOKU; 一つのROMで全種入手可能。地方移動前に捕獲済みでもイベントは報酬のみ受領可能。
RAID_KEY_NATIONAL_0800_KANTO,MAP_KEY_KANTO_K43,SPECIES_KEY_NECROZMA,85,TRAINER_POOL_KEY_MASTER,SHIELD_PROGRESSIVE,SHARED_ONCE,SHARED_CAPTURE_KEY_NATIONAL_0800,REWARD_POOL_KEY_RAID_HIGH,ONCE,CLAIM_KEY_RAID_NATIONAL_0800_KANTO,FREE_AFTER_NON_CAPTURE,RAID_HIGH_UNLOCKED,RAID_DYNAMAX,SIMPLE_EVENT,false,false,ACTIVE,KANTO; primary=TOHOKU; 一つのROMで全種入手可能。地方移動前に捕獲済みでもイベントは報酬のみ受領可能。
RAID_KEY_NATIONAL_0800_TOHOKU,MAP_KEY_TOHOKU_T043,SPECIES_KEY_NECROZMA,85,TRAINER_POOL_KEY_MASTER,SHIELD_PROGRESSIVE,SHARED_ONCE,SHARED_CAPTURE_KEY_NATIONAL_0800,REWARD_POOL_KEY_RAID_HIGH,ONCE,CLAIM_KEY_RAID_NATIONAL_0800_TOHOKU,FREE_AFTER_NON_CAPTURE,RAID_HIGH_UNLOCKED,RAID_DYNAMAX,SIMPLE_EVENT,false,false,ACTIVE,TOHOKU; primary=TOHOKU; 一つのROMで全種入手可能。地方移動前に捕獲済みでもイベントは報酬のみ受領可能。
RAID_KEY_NATIONAL_0801_KANTO,MAP_KEY_KANTO_K43,SPECIES_KEY_MAGEARNA,85,TRAINER_POOL_KEY_MASTER,SHIELD_PROGRESSIVE,SHARED_ONCE,SHARED_CAPTURE_KEY_NATIONAL_0801,REWARD_POOL_KEY_RAID_HIGH,ONCE,CLAIM_KEY_RAID_NATIONAL_0801_KANTO,FREE_AFTER_NON_CAPTURE,RAID_HIGH_UNLOCKED,RAID_DYNAMAX,SIMPLE_EVENT,false,false,ACTIVE,KANTO; primary=KANTO; 一つのROMで全種入手可能。地方移動前に捕獲済みでもイベントは報酬のみ受領可能。
RAID_KEY_NATIONAL_0801_TOHOKU,MAP_KEY_TOHOKU_T043,SPECIES_KEY_MAGEARNA,85,TRAINER_POOL_KEY_MASTER,SHIELD_PROGRESSIVE,SHARED_ONCE,SHARED_CAPTURE_KEY_NATIONAL_0801,REWARD_POOL_KEY_RAID_HIGH,ONCE,CLAIM_KEY_RAID_NATIONAL_0801_TOHOKU,FREE_AFTER_NON_CAPTURE,RAID_HIGH_UNLOCKED,RAID_DYNAMAX,SIMPLE_EVENT,false,false,ACTIVE,TOHOKU; primary=KANTO; 一つのROMで全種入手可能。地方移動前に捕獲済みでもイベントは報酬のみ受領可能。
RAID_KEY_NATIONAL_0802_KANTO,MAP_KEY_KANTO_K43,SPECIES_KEY_MARSHADOW,85,TRAINER_POOL_KEY_MASTER,SHIELD_PROGRESSIVE,SHARED_ONCE,SHARED_CAPTURE_KEY_NATIONAL_0802,REWARD_POOL_KEY_RAID_HIGH,ONCE,CLAIM_KEY_RAID_NATIONAL_0802_KANTO,FREE_AFTER_NON_CAPTURE,RAID_HIGH_UNLOCKED,RAID_DYNAMAX,SIMPLE_EVENT,false,false,ACTIVE,KANTO; primary=TOHOKU; 一つのROMで全種入手可能。地方移動前に捕獲済みでもイベントは報酬のみ受領可能。
RAID_KEY_NATIONAL_0802_TOHOKU,MAP_KEY_TOHOKU_T043,SPECIES_KEY_MARSHADOW,85,TRAINER_POOL_KEY_MASTER,SHIELD_PROGRESSIVE,SHARED_ONCE,SHARED_CAPTURE_KEY_NATIONAL_0802,REWARD_POOL_KEY_RAID_HIGH,ONCE,CLAIM_KEY_RAID_NATIONAL_0802_TOHOKU,FREE_AFTER_NON_CAPTURE,RAID_HIGH_UNLOCKED,RAID_DYNAMAX,SIMPLE_EVENT,false,false,ACTIVE,TOHOKU; primary=TOHOKU; 一つのROMで全種入手可能。地方移動前に捕獲済みでもイベントは報酬のみ受領可能。
RAID_KEY_NATIONAL_0803_KANTO,MAP_KEY_KANTO_K43,SPECIES_KEY_POIPOLE,90,TRAINER_POOL_KEY_MASTER,SHIELD_PROGRESSIVE,SHARED_ONCE,SHARED_CAPTURE_KEY_NATIONAL_0803,REWARD_POOL_KEY_RAID_HIGH,ONCE,CLAIM_KEY_RAID_NATIONAL_0803_KANTO,FREE_AFTER_NON_CAPTURE,RAID_HIGH_UNLOCKED,RAID_DYNAMAX,SIMPLE_EVENT,false,false,ACTIVE,KANTO; primary=TOHOKU; 一つのROMで全種入手可能。地方移動前に捕獲済みでもイベントは報酬のみ受領可能。
RAID_KEY_NATIONAL_0803_TOHOKU,MAP_KEY_TOHOKU_T043,SPECIES_KEY_POIPOLE,90,TRAINER_POOL_KEY_MASTER,SHIELD_PROGRESSIVE,SHARED_ONCE,SHARED_CAPTURE_KEY_NATIONAL_0803,REWARD_POOL_KEY_RAID_HIGH,ONCE,CLAIM_KEY_RAID_NATIONAL_0803_TOHOKU,FREE_AFTER_NON_CAPTURE,RAID_HIGH_UNLOCKED,RAID_DYNAMAX,SIMPLE_EVENT,false,false,ACTIVE,TOHOKU; primary=TOHOKU; 一つのROMで全種入手可能。地方移動前に捕獲済みでもイベントは報酬のみ受領可能。
RAID_KEY_NATIONAL_0804_KANTO,MAP_KEY_KANTO_K43,SPECIES_KEY_NAGANADEL,90,TRAINER_POOL_KEY_MASTER,SHIELD_PROGRESSIVE,SHARED_ONCE,SHARED_CAPTURE_KEY_NATIONAL_0804,REWARD_POOL_KEY_RAID_HIGH,ONCE,CLAIM_KEY_RAID_NATIONAL_0804_KANTO,FREE_AFTER_NON_CAPTURE,RAID_HIGH_UNLOCKED,RAID_DYNAMAX,SIMPLE_EVENT,false,false,ACTIVE,KANTO; primary=KANTO; 一つのROMで全種入手可能。地方移動前に捕獲済みでもイベントは報酬のみ受領可能。
RAID_KEY_NATIONAL_0804_TOHOKU,MAP_KEY_TOHOKU_T043,SPECIES_KEY_NAGANADEL,90,TRAINER_POOL_KEY_MASTER,SHIELD_PROGRESSIVE,SHARED_ONCE,SHARED_CAPTURE_KEY_NATIONAL_0804,REWARD_POOL_KEY_RAID_HIGH,ONCE,CLAIM_KEY_RAID_NATIONAL_0804_TOHOKU,FREE_AFTER_NON_CAPTURE,RAID_HIGH_UNLOCKED,RAID_DYNAMAX,SIMPLE_EVENT,false,false,ACTIVE,TOHOKU; primary=KANTO; 一つのROMで全種入手可能。地方移動前に捕獲済みでもイベントは報酬のみ受領可能。
RAID_KEY_NATIONAL_0805_KANTO,MAP_KEY_KANTO_K43,SPECIES_KEY_STAKATAKA,90,TRAINER_POOL_KEY_MASTER,SHIELD_PROGRESSIVE,SHARED_ONCE,SHARED_CAPTURE_KEY_NATIONAL_0805,REWARD_POOL_KEY_RAID_HIGH,ONCE,CLAIM_KEY_RAID_NATIONAL_0805_KANTO,FREE_AFTER_NON_CAPTURE,RAID_HIGH_UNLOCKED,RAID_DYNAMAX,SIMPLE_EVENT,false,false,ACTIVE,KANTO; primary=TOHOKU; 一つのROMで全種入手可能。地方移動前に捕獲済みでもイベントは報酬のみ受領可能。
RAID_KEY_NATIONAL_0805_TOHOKU,MAP_KEY_TOHOKU_T043,SPECIES_KEY_STAKATAKA,90,TRAINER_POOL_KEY_MASTER,SHIELD_PROGRESSIVE,SHARED_ONCE,SHARED_CAPTURE_KEY_NATIONAL_0805,REWARD_POOL_KEY_RAID_HIGH,ONCE,CLAIM_KEY_RAID_NATIONAL_0805_TOHOKU,FREE_AFTER_NON_CAPTURE,RAID_HIGH_UNLOCKED,RAID_DYNAMAX,SIMPLE_EVENT,false,false,ACTIVE,TOHOKU; primary=TOHOKU; 一つのROMで全種入手可能。地方移動前に捕獲済みでもイベントは報酬のみ受領可能。
RAID_KEY_NATIONAL_0806_KANTO,MAP_KEY_KANTO_K43,SPECIES_KEY_BLACEPHALON,90,TRAINER_POOL_KEY_MASTER,SHIELD_PROGRESSIVE,SHARED_ONCE,SHARED_CAPTURE_KEY_NATIONAL_0806,REWARD_POOL_KEY_RAID_HIGH,ONCE,CLAIM_KEY_RAID_NATIONAL_0806_KANTO,FREE_AFTER_NON_CAPTURE,RAID_HIGH_UNLOCKED,RAID_DYNAMAX,SIMPLE_EVENT,false,false,ACTIVE,KANTO; primary=KANTO; 一つのROMで全種入手可能。地方移動前に捕獲済みでもイベントは報酬のみ受領可能。
RAID_KEY_NATIONAL_0806_TOHOKU,MAP_KEY_TOHOKU_T043,SPECIES_KEY_BLACEPHALON,90,TRAINER_POOL_KEY_MASTER,SHIELD_PROGRESSIVE,SHARED_ONCE,SHARED_CAPTURE_KEY_NATIONAL_0806,REWARD_POOL_KEY_RAID_HIGH,ONCE,CLAIM_KEY_RAID_NATIONAL_0806_TOHOKU,FREE_AFTER_NON_CAPTURE,RAID_HIGH_UNLOCKED,RAID_DYNAMAX,SIMPLE_EVENT,false,false,ACTIVE,TOHOKU; primary=KANTO; 一つのROMで全種入手可能。地方移動前に捕獲済みでもイベントは報酬のみ受領可能。
RAID_KEY_NATIONAL_0807_KANTO,MAP_KEY_KANTO_K43,SPECIES_KEY_ZERAORA,85,TRAINER_POOL_KEY_MASTER,SHIELD_PROGRESSIVE,SHARED_ONCE,SHARED_CAPTURE_KEY_NATIONAL_0807,REWARD_POOL_KEY_RAID_HIGH,ONCE,CLAIM_KEY_RAID_NATIONAL_0807_KANTO,FREE_AFTER_NON_CAPTURE,RAID_HIGH_UNLOCKED,RAID_DYNAMAX,SIMPLE_EVENT,false,false,ACTIVE,KANTO; primary=KANTO; 一つのROMで全種入手可能。地方移動前に捕獲済みでもイベントは報酬のみ受領可能。
RAID_KEY_NATIONAL_0807_TOHOKU,MAP_KEY_TOHOKU_T043,SPECIES_KEY_ZERAORA,85,TRAINER_POOL_KEY_MASTER,SHIELD_PROGRESSIVE,SHARED_ONCE,SHARED_CAPTURE_KEY_NATIONAL_0807,REWARD_POOL_KEY_RAID_HIGH,ONCE,CLAIM_KEY_RAID_NATIONAL_0807_TOHOKU,FREE_AFTER_NON_CAPTURE,RAID_HIGH_UNLOCKED,RAID_DYNAMAX,SIMPLE_EVENT,false,false,ACTIVE,TOHOKU; primary=KANTO; 一つのROMで全種入手可能。地方移動前に捕獲済みでもイベントは報酬のみ受領可能。
RAID_KEY_NATIONAL_0808_KANTO,MAP_KEY_KANTO_K43,SPECIES_KEY_MELTAN,85,TRAINER_POOL_KEY_MASTER,SHIELD_PROGRESSIVE,SHARED_ONCE,SHARED_CAPTURE_KEY_NATIONAL_0808,REWARD_POOL_KEY_RAID_HIGH,ONCE,CLAIM_KEY_RAID_NATIONAL_0808_KANTO,FREE_AFTER_NON_CAPTURE,RAID_HIGH_UNLOCKED,RAID_DYNAMAX,SIMPLE_EVENT,false,false,ACTIVE,KANTO; primary=KANTO; 一つのROMで全種入手可能。地方移動前に捕獲済みでもイベントは報酬のみ受領可能。
RAID_KEY_NATIONAL_0808_TOHOKU,MAP_KEY_TOHOKU_T043,SPECIES_KEY_MELTAN,85,TRAINER_POOL_KEY_MASTER,SHIELD_PROGRESSIVE,SHARED_ONCE,SHARED_CAPTURE_KEY_NATIONAL_0808,REWARD_POOL_KEY_RAID_HIGH,ONCE,CLAIM_KEY_RAID_NATIONAL_0808_TOHOKU,FREE_AFTER_NON_CAPTURE,RAID_HIGH_UNLOCKED,RAID_DYNAMAX,SIMPLE_EVENT,false,false,ACTIVE,TOHOKU; primary=KANTO; 一つのROMで全種入手可能。地方移動前に捕獲済みでもイベントは報酬のみ受領可能。
RAID_KEY_NATIONAL_0809_KANTO,MAP_KEY_KANTO_K43,SPECIES_KEY_MELMETAL,85,TRAINER_POOL_KEY_MASTER,SHIELD_PROGRESSIVE,SHARED_ONCE,SHARED_CAPTURE_KEY_NATIONAL_0809,REWARD_POOL_KEY_RAID_HIGH,ONCE,CLAIM_KEY_RAID_NATIONAL_0809_KANTO,FREE_AFTER_NON_CAPTURE,RAID_HIGH_UNLOCKED,RAID_DYNAMAX,SIMPLE_EVENT,false,false,ACTIVE,KANTO; primary=KANTO; 一つのROMで全種入手可能。地方移動前に捕獲済みでもイベントは報酬のみ受領可能。
RAID_KEY_NATIONAL_0809_TOHOKU,MAP_KEY_TOHOKU_T043,SPECIES_KEY_MELMETAL,85,TRAINER_POOL_KEY_MASTER,SHIELD_PROGRESSIVE,SHARED_ONCE,SHARED_CAPTURE_KEY_NATIONAL_0809,REWARD_POOL_KEY_RAID_HIGH,ONCE,CLAIM_KEY_RAID_NATIONAL_0809_TOHOKU,FREE_AFTER_NON_CAPTURE,RAID_HIGH_UNLOCKED,RAID_DYNAMAX,SIMPLE_EVENT,false,false,ACTIVE,TOHOKU; primary=KANTO; 一つのROMで全種入手可能。地方移動前に捕獲済みでもイベントは報酬のみ受領可能。
RAID_KEY_NATIONAL_0888_KANTO,MAP_KEY_KANTO_K43,SPECIES_KEY_ZACIAN,85,TRAINER_POOL_KEY_MASTER,SHIELD_PROGRESSIVE,SHARED_ONCE,SHARED_CAPTURE_KEY_NATIONAL_0888,REWARD_POOL_KEY_RAID_HIGH,ONCE,CLAIM_KEY_RAID_NATIONAL_0888_KANTO,FREE_AFTER_NON_CAPTURE,RAID_HIGH_UNLOCKED,RAID_DYNAMAX,SIMPLE_EVENT,false,false,ACTIVE,KANTO; primary=KANTO; 一つのROMで全種入手可能。地方移動前に捕獲済みでもイベントは報酬のみ受領可能。
RAID_KEY_NATIONAL_0888_TOHOKU,MAP_KEY_TOHOKU_T043,SPECIES_KEY_ZACIAN,85,TRAINER_POOL_KEY_MASTER,SHIELD_PROGRESSIVE,SHARED_ONCE,SHARED_CAPTURE_KEY_NATIONAL_0888,REWARD_POOL_KEY_RAID_HIGH,ONCE,CLAIM_KEY_RAID_NATIONAL_0888_TOHOKU,FREE_AFTER_NON_CAPTURE,RAID_HIGH_UNLOCKED,RAID_DYNAMAX,SIMPLE_EVENT,false,false,ACTIVE,TOHOKU; primary=KANTO; 一つのROMで全種入手可能。地方移動前に捕獲済みでもイベントは報酬のみ受領可能。
RAID_KEY_NATIONAL_0889_KANTO,MAP_KEY_KANTO_K43,SPECIES_KEY_ZAMAZENTA,85,TRAINER_POOL_KEY_MASTER,SHIELD_PROGRESSIVE,SHARED_ONCE,SHARED_CAPTURE_KEY_NATIONAL_0889,REWARD_POOL_KEY_RAID_HIGH,ONCE,CLAIM_KEY_RAID_NATIONAL_0889_KANTO,FREE_AFTER_NON_CAPTURE,RAID_HIGH_UNLOCKED,RAID_DYNAMAX,SIMPLE_EVENT,false,false,ACTIVE,KANTO; primary=TOHOKU; 一つのROMで全種入手可能。地方移動前に捕獲済みでもイベントは報酬のみ受領可能。
RAID_KEY_NATIONAL_0889_TOHOKU,MAP_KEY_TOHOKU_T043,SPECIES_KEY_ZAMAZENTA,85,TRAINER_POOL_KEY_MASTER,SHIELD_PROGRESSIVE,SHARED_ONCE,SHARED_CAPTURE_KEY_NATIONAL_0889,REWARD_POOL_KEY_RAID_HIGH,ONCE,CLAIM_KEY_RAID_NATIONAL_0889_TOHOKU,FREE_AFTER_NON_CAPTURE,RAID_HIGH_UNLOCKED,RAID_DYNAMAX,SIMPLE_EVENT,false,false,ACTIVE,TOHOKU; primary=TOHOKU; 一つのROMで全種入手可能。地方移動前に捕獲済みでもイベントは報酬のみ受領可能。
RAID_KEY_NATIONAL_0890_KANTO,MAP_KEY_KANTO_K43,SPECIES_KEY_ETERNATUS,85,TRAINER_POOL_KEY_MASTER,SHIELD_PROGRESSIVE,SHARED_ONCE,SHARED_CAPTURE_KEY_NATIONAL_0890,REWARD_POOL_KEY_RAID_HIGH,ONCE,CLAIM_KEY_RAID_NATIONAL_0890_KANTO,FREE_AFTER_NON_CAPTURE,RAID_HIGH_UNLOCKED,RAID_DYNAMAX,SIMPLE_EVENT,false,false,ACTIVE,KANTO; primary=KANTO; 一つのROMで全種入手可能。地方移動前に捕獲済みでもイベントは報酬のみ受領可能。
RAID_KEY_NATIONAL_0890_TOHOKU,MAP_KEY_TOHOKU_T043,SPECIES_KEY_ETERNATUS,85,TRAINER_POOL_KEY_MASTER,SHIELD_PROGRESSIVE,SHARED_ONCE,SHARED_CAPTURE_KEY_NATIONAL_0890,REWARD_POOL_KEY_RAID_HIGH,ONCE,CLAIM_KEY_RAID_NATIONAL_0890_TOHOKU,FREE_AFTER_NON_CAPTURE,RAID_HIGH_UNLOCKED,RAID_DYNAMAX,SIMPLE_EVENT,false,false,ACTIVE,TOHOKU; primary=KANTO; 一つのROMで全種入手可能。地方移動前に捕獲済みでもイベントは報酬のみ受領可能。
RAID_KEY_NATIONAL_0891_KANTO,MAP_KEY_KANTO_K43,SPECIES_KEY_KUBFU,85,TRAINER_POOL_KEY_MASTER,SHIELD_PROGRESSIVE,SHARED_ONCE,SHARED_CAPTURE_KEY_NATIONAL_0891,REWARD_POOL_KEY_RAID_HIGH,ONCE,CLAIM_KEY_RAID_NATIONAL_0891_KANTO,FREE_AFTER_NON_CAPTURE,RAID_HIGH_UNLOCKED,RAID_DYNAMAX,SIMPLE_EVENT,false,false,ACTIVE,KANTO; primary=KANTO; 一つのROMで全種入手可能。地方移動前に捕獲済みでもイベントは報酬のみ受領可能。
RAID_KEY_NATIONAL_0891_TOHOKU,MAP_KEY_TOHOKU_T043,SPECIES_KEY_KUBFU,85,TRAINER_POOL_KEY_MASTER,SHIELD_PROGRESSIVE,SHARED_ONCE,SHARED_CAPTURE_KEY_NATIONAL_0891,REWARD_POOL_KEY_RAID_HIGH,ONCE,CLAIM_KEY_RAID_NATIONAL_0891_TOHOKU,FREE_AFTER_NON_CAPTURE,RAID_HIGH_UNLOCKED,RAID_DYNAMAX,SIMPLE_EVENT,false,false,ACTIVE,TOHOKU; primary=KANTO; 一つのROMで全種入手可能。地方移動前に捕獲済みでもイベントは報酬のみ受領可能。
RAID_KEY_NATIONAL_0892_KANTO,MAP_KEY_KANTO_K43,SPECIES_KEY_URSHIFU_SINGLE,85,TRAINER_POOL_KEY_MASTER,SHIELD_PROGRESSIVE,SHARED_ONCE,SHARED_CAPTURE_KEY_NATIONAL_0892,REWARD_POOL_KEY_RAID_HIGH,ONCE,CLAIM_KEY_RAID_NATIONAL_0892_KANTO,FREE_AFTER_NON_CAPTURE,RAID_HIGH_UNLOCKED,RAID_DYNAMAX,SIMPLE_EVENT,false,false,ACTIVE,KANTO; primary=TOHOKU; 一つのROMで全種入手可能。地方移動前に捕獲済みでもイベントは報酬のみ受領可能。
RAID_KEY_NATIONAL_0892_TOHOKU,MAP_KEY_TOHOKU_T043,SPECIES_KEY_URSHIFU_SINGLE,85,TRAINER_POOL_KEY_MASTER,SHIELD_PROGRESSIVE,SHARED_ONCE,SHARED_CAPTURE_KEY_NATIONAL_0892,REWARD_POOL_KEY_RAID_HIGH,ONCE,CLAIM_KEY_RAID_NATIONAL_0892_TOHOKU,FREE_AFTER_NON_CAPTURE,RAID_HIGH_UNLOCKED,RAID_DYNAMAX,SIMPLE_EVENT,false,false,ACTIVE,TOHOKU; primary=TOHOKU; 一つのROMで全種入手可能。地方移動前に捕獲済みでもイベントは報酬のみ受領可能。
RAID_KEY_NATIONAL_0893_KANTO,MAP_KEY_KANTO_K43,SPECIES_KEY_ZARUDE,85,TRAINER_POOL_KEY_MASTER,SHIELD_PROGRESSIVE,SHARED_ONCE,SHARED_CAPTURE_KEY_NATIONAL_0893,REWARD_POOL_KEY_RAID_HIGH,ONCE,CLAIM_KEY_RAID_NATIONAL_0893_KANTO,FREE_AFTER_NON_CAPTURE,RAID_HIGH_UNLOCKED,RAID_DYNAMAX,SIMPLE_EVENT,false,false,ACTIVE,KANTO; primary=TOHOKU; 一つのROMで全種入手可能。地方移動前に捕獲済みでもイベントは報酬のみ受領可能。
RAID_KEY_NATIONAL_0893_TOHOKU,MAP_KEY_TOHOKU_T043,SPECIES_KEY_ZARUDE,85,TRAINER_POOL_KEY_MASTER,SHIELD_PROGRESSIVE,SHARED_ONCE,SHARED_CAPTURE_KEY_NATIONAL_0893,REWARD_POOL_KEY_RAID_HIGH,ONCE,CLAIM_KEY_RAID_NATIONAL_0893_TOHOKU,FREE_AFTER_NON_CAPTURE,RAID_HIGH_UNLOCKED,RAID_DYNAMAX,SIMPLE_EVENT,false,false,ACTIVE,TOHOKU; primary=TOHOKU; 一つのROMで全種入手可能。地方移動前に捕獲済みでもイベントは報酬のみ受領可能。
RAID_KEY_NATIONAL_0894_KANTO,MAP_KEY_KANTO_K43,SPECIES_KEY_REGIELEKI,85,TRAINER_POOL_KEY_MASTER,SHIELD_PROGRESSIVE,SHARED_ONCE,SHARED_CAPTURE_KEY_NATIONAL_0894,REWARD_POOL_KEY_RAID_HIGH,ONCE,CLAIM_KEY_RAID_NATIONAL_0894_KANTO,FREE_AFTER_NON_CAPTURE,RAID_HIGH_UNLOCKED,RAID_DYNAMAX,SIMPLE_EVENT,false,false,ACTIVE,KANTO; primary=KANTO; 一つのROMで全種入手可能。地方移動前に捕獲済みでもイベントは報酬のみ受領可能。
RAID_KEY_NATIONAL_0894_TOHOKU,MAP_KEY_TOHOKU_T043,SPECIES_KEY_REGIELEKI,85,TRAINER_POOL_KEY_MASTER,SHIELD_PROGRESSIVE,SHARED_ONCE,SHARED_CAPTURE_KEY_NATIONAL_0894,REWARD_POOL_KEY_RAID_HIGH,ONCE,CLAIM_KEY_RAID_NATIONAL_0894_TOHOKU,FREE_AFTER_NON_CAPTURE,RAID_HIGH_UNLOCKED,RAID_DYNAMAX,SIMPLE_EVENT,false,false,ACTIVE,TOHOKU; primary=KANTO; 一つのROMで全種入手可能。地方移動前に捕獲済みでもイベントは報酬のみ受領可能。
RAID_KEY_NATIONAL_0895_KANTO,MAP_KEY_KANTO_K43,SPECIES_KEY_REGIDRAGO,85,TRAINER_POOL_KEY_MASTER,SHIELD_PROGRESSIVE,SHARED_ONCE,SHARED_CAPTURE_KEY_NATIONAL_0895,REWARD_POOL_KEY_RAID_HIGH,ONCE,CLAIM_KEY_RAID_NATIONAL_0895_KANTO,FREE_AFTER_NON_CAPTURE,RAID_HIGH_UNLOCKED,RAID_DYNAMAX,SIMPLE_EVENT,false,false,ACTIVE,KANTO; primary=KANTO; 一つのROMで全種入手可能。地方移動前に捕獲済みでもイベントは報酬のみ受領可能。
RAID_KEY_NATIONAL_0895_TOHOKU,MAP_KEY_TOHOKU_T043,SPECIES_KEY_REGIDRAGO,85,TRAINER_POOL_KEY_MASTER,SHIELD_PROGRESSIVE,SHARED_ONCE,SHARED_CAPTURE_KEY_NATIONAL_0895,REWARD_POOL_KEY_RAID_HIGH,ONCE,CLAIM_KEY_RAID_NATIONAL_0895_TOHOKU,FREE_AFTER_NON_CAPTURE,RAID_HIGH_UNLOCKED,RAID_DYNAMAX,SIMPLE_EVENT,false,false,ACTIVE,TOHOKU; primary=KANTO; 一つのROMで全種入手可能。地方移動前に捕獲済みでもイベントは報酬のみ受領可能。
RAID_KEY_NATIONAL_0896_KANTO,MAP_KEY_KANTO_K43,SPECIES_KEY_GLASTRIER,85,TRAINER_POOL_KEY_MASTER,SHIELD_PROGRESSIVE,SHARED_ONCE,SHARED_CAPTURE_KEY_NATIONAL_0896,REWARD_POOL_KEY_RAID_HIGH,ONCE,CLAIM_KEY_RAID_NATIONAL_0896_KANTO,FREE_AFTER_NON_CAPTURE,RAID_HIGH_UNLOCKED,RAID_DYNAMAX,SIMPLE_EVENT,false,false,ACTIVE,KANTO; primary=TOHOKU; 一つのROMで全種入手可能。地方移動前に捕獲済みでもイベントは報酬のみ受領可能。
RAID_KEY_NATIONAL_0896_TOHOKU,MAP_KEY_TOHOKU_T043,SPECIES_KEY_GLASTRIER,85,TRAINER_POOL_KEY_MASTER,SHIELD_PROGRESSIVE,SHARED_ONCE,SHARED_CAPTURE_KEY_NATIONAL_0896,REWARD_POOL_KEY_RAID_HIGH,ONCE,CLAIM_KEY_RAID_NATIONAL_0896_TOHOKU,FREE_AFTER_NON_CAPTURE,RAID_HIGH_UNLOCKED,RAID_DYNAMAX,SIMPLE_EVENT,false,false,ACTIVE,TOHOKU; primary=TOHOKU; 一つのROMで全種入手可能。地方移動前に捕獲済みでもイベントは報酬のみ受領可能。
RAID_KEY_NATIONAL_0897_KANTO,MAP_KEY_KANTO_K43,SPECIES_KEY_SPECTRIER,85,TRAINER_POOL_KEY_MASTER,SHIELD_PROGRESSIVE,SHARED_ONCE,SHARED_CAPTURE_KEY_NATIONAL_0897,REWARD_POOL_KEY_RAID_HIGH,ONCE,CLAIM_KEY_RAID_NATIONAL_0897_KANTO,FREE_AFTER_NON_CAPTURE,RAID_HIGH_UNLOCKED,RAID_DYNAMAX,SIMPLE_EVENT,false,false,ACTIVE,KANTO; primary=KANTO; 一つのROMで全種入手可能。地方移動前に捕獲済みでもイベントは報酬のみ受領可能。
RAID_KEY_NATIONAL_0897_TOHOKU,MAP_KEY_TOHOKU_T043,SPECIES_KEY_SPECTRIER,85,TRAINER_POOL_KEY_MASTER,SHIELD_PROGRESSIVE,SHARED_ONCE,SHARED_CAPTURE_KEY_NATIONAL_0897,REWARD_POOL_KEY_RAID_HIGH,ONCE,CLAIM_KEY_RAID_NATIONAL_0897_TOHOKU,FREE_AFTER_NON_CAPTURE,RAID_HIGH_UNLOCKED,RAID_DYNAMAX,SIMPLE_EVENT,false,false,ACTIVE,TOHOKU; primary=KANTO; 一つのROMで全種入手可能。地方移動前に捕獲済みでもイベントは報酬のみ受領可能。
RAID_KEY_NATIONAL_0898_KANTO,MAP_KEY_KANTO_K43,SPECIES_KEY_CALYREX,85,TRAINER_POOL_KEY_MASTER,SHIELD_PROGRESSIVE,SHARED_ONCE,SHARED_CAPTURE_KEY_NATIONAL_0898,REWARD_POOL_KEY_RAID_HIGH,ONCE,CLAIM_KEY_RAID_NATIONAL_0898_KANTO,FREE_AFTER_NON_CAPTURE,RAID_HIGH_UNLOCKED,RAID_DYNAMAX,SIMPLE_EVENT,false,false,ACTIVE,KANTO; primary=TOHOKU; 一つのROMで全種入手可能。地方移動前に捕獲済みでもイベントは報酬のみ受領可能。
RAID_KEY_NATIONAL_0898_TOHOKU,MAP_KEY_TOHOKU_T043,SPECIES_KEY_CALYREX,85,TRAINER_POOL_KEY_MASTER,SHIELD_PROGRESSIVE,SHARED_ONCE,SHARED_CAPTURE_KEY_NATIONAL_0898,REWARD_POOL_KEY_RAID_HIGH,ONCE,CLAIM_KEY_RAID_NATIONAL_0898_TOHOKU,FREE_AFTER_NON_CAPTURE,RAID_HIGH_UNLOCKED,RAID_DYNAMAX,SIMPLE_EVENT,false,false,ACTIVE,TOHOKU; primary=TOHOKU; 一つのROMで全種入手可能。地方移動前に捕獲済みでもイベントは報酬のみ受領可能。
RAID_KEY_NATIONAL_0905_KANTO,MAP_KEY_KANTO_K43,SPECIES_KEY_ENAMORUS,85,TRAINER_POOL_KEY_MASTER,SHIELD_PROGRESSIVE,SHARED_ONCE,SHARED_CAPTURE_KEY_NATIONAL_0905,REWARD_POOL_KEY_RAID_HIGH,ONCE,CLAIM_KEY_RAID_NATIONAL_0905_KANTO,FREE_AFTER_NON_CAPTURE,RAID_HIGH_UNLOCKED,RAID_DYNAMAX,SIMPLE_EVENT,false,false,ACTIVE,KANTO; primary=TOHOKU; 一つのROMで全種入手可能。地方移動前に捕獲済みでもイベントは報酬のみ受領可能。
RAID_KEY_NATIONAL_0905_TOHOKU,MAP_KEY_TOHOKU_T043,SPECIES_KEY_ENAMORUS,85,TRAINER_POOL_KEY_MASTER,SHIELD_PROGRESSIVE,SHARED_ONCE,SHARED_CAPTURE_KEY_NATIONAL_0905,REWARD_POOL_KEY_RAID_HIGH,ONCE,CLAIM_KEY_RAID_NATIONAL_0905_TOHOKU,FREE_AFTER_NON_CAPTURE,RAID_HIGH_UNLOCKED,RAID_DYNAMAX,SIMPLE_EVENT,false,false,ACTIVE,TOHOKU; primary=TOHOKU; 一つのROMで全種入手可能。地方移動前に捕獲済みでもイベントは報酬のみ受領可能。
RAID_KEY_NATIONAL_0984_KANTO,MAP_KEY_KANTO_K43,SPECIES_KEY_GREAT_TUSK,90,TRAINER_POOL_KEY_MASTER,SHIELD_PROGRESSIVE,SHARED_ONCE,SHARED_CAPTURE_KEY_NATIONAL_0984,REWARD_POOL_KEY_RAID_HIGH,ONCE,CLAIM_KEY_RAID_NATIONAL_0984_KANTO,FREE_AFTER_NON_CAPTURE,RAID_HIGH_UNLOCKED,RAID_DYNAMAX,SIMPLE_EVENT,false,false,ACTIVE,KANTO; primary=KANTO; 一つのROMで全種入手可能。地方移動前に捕獲済みでもイベントは報酬のみ受領可能。
RAID_KEY_NATIONAL_0984_TOHOKU,MAP_KEY_TOHOKU_T043,SPECIES_KEY_GREAT_TUSK,90,TRAINER_POOL_KEY_MASTER,SHIELD_PROGRESSIVE,SHARED_ONCE,SHARED_CAPTURE_KEY_NATIONAL_0984,REWARD_POOL_KEY_RAID_HIGH,ONCE,CLAIM_KEY_RAID_NATIONAL_0984_TOHOKU,FREE_AFTER_NON_CAPTURE,RAID_HIGH_UNLOCKED,RAID_DYNAMAX,SIMPLE_EVENT,false,false,ACTIVE,TOHOKU; primary=KANTO; 一つのROMで全種入手可能。地方移動前に捕獲済みでもイベントは報酬のみ受領可能。
RAID_KEY_NATIONAL_0985_KANTO,MAP_KEY_KANTO_K43,SPECIES_KEY_SCREAM_TAIL,90,TRAINER_POOL_KEY_MASTER,SHIELD_PROGRESSIVE,SHARED_ONCE,SHARED_CAPTURE_KEY_NATIONAL_0985,REWARD_POOL_KEY_RAID_HIGH,ONCE,CLAIM_KEY_RAID_NATIONAL_0985_KANTO,FREE_AFTER_NON_CAPTURE,RAID_HIGH_UNLOCKED,RAID_DYNAMAX,SIMPLE_EVENT,false,false,ACTIVE,KANTO; primary=TOHOKU; 一つのROMで全種入手可能。地方移動前に捕獲済みでもイベントは報酬のみ受領可能。
RAID_KEY_NATIONAL_0985_TOHOKU,MAP_KEY_TOHOKU_T043,SPECIES_KEY_SCREAM_TAIL,90,TRAINER_POOL_KEY_MASTER,SHIELD_PROGRESSIVE,SHARED_ONCE,SHARED_CAPTURE_KEY_NATIONAL_0985,REWARD_POOL_KEY_RAID_HIGH,ONCE,CLAIM_KEY_RAID_NATIONAL_0985_TOHOKU,FREE_AFTER_NON_CAPTURE,RAID_HIGH_UNLOCKED,RAID_DYNAMAX,SIMPLE_EVENT,false,false,ACTIVE,TOHOKU; primary=TOHOKU; 一つのROMで全種入手可能。地方移動前に捕獲済みでもイベントは報酬のみ受領可能。
RAID_KEY_NATIONAL_0986_KANTO,MAP_KEY_KANTO_K43,SPECIES_KEY_BRUTE_BONNET,90,TRAINER_POOL_KEY_MASTER,SHIELD_PROGRESSIVE,SHARED_ONCE,SHARED_CAPTURE_KEY_NATIONAL_0986,REWARD_POOL_KEY_RAID_HIGH,ONCE,CLAIM_KEY_RAID_NATIONAL_0986_KANTO,FREE_AFTER_NON_CAPTURE,RAID_HIGH_UNLOCKED,RAID_DYNAMAX,SIMPLE_EVENT,false,false,ACTIVE,KANTO; primary=KANTO; 一つのROMで全種入手可能。地方移動前に捕獲済みでもイベントは報酬のみ受領可能。
RAID_KEY_NATIONAL_0986_TOHOKU,MAP_KEY_TOHOKU_T043,SPECIES_KEY_BRUTE_BONNET,90,TRAINER_POOL_KEY_MASTER,SHIELD_PROGRESSIVE,SHARED_ONCE,SHARED_CAPTURE_KEY_NATIONAL_0986,REWARD_POOL_KEY_RAID_HIGH,ONCE,CLAIM_KEY_RAID_NATIONAL_0986_TOHOKU,FREE_AFTER_NON_CAPTURE,RAID_HIGH_UNLOCKED,RAID_DYNAMAX,SIMPLE_EVENT,false,false,ACTIVE,TOHOKU; primary=KANTO; 一つのROMで全種入手可能。地方移動前に捕獲済みでもイベントは報酬のみ受領可能。
RAID_KEY_NATIONAL_0987_KANTO,MAP_KEY_KANTO_K43,SPECIES_KEY_FLUTTER_MANE,90,TRAINER_POOL_KEY_MASTER,SHIELD_PROGRESSIVE,SHARED_ONCE,SHARED_CAPTURE_KEY_NATIONAL_0987,REWARD_POOL_KEY_RAID_HIGH,ONCE,CLAIM_KEY_RAID_NATIONAL_0987_KANTO,FREE_AFTER_NON_CAPTURE,RAID_HIGH_UNLOCKED,RAID_DYNAMAX,SIMPLE_EVENT,false,false,ACTIVE,KANTO; primary=TOHOKU; 一つのROMで全種入手可能。地方移動前に捕獲済みでもイベントは報酬のみ受領可能。
RAID_KEY_NATIONAL_0987_TOHOKU,MAP_KEY_TOHOKU_T043,SPECIES_KEY_FLUTTER_MANE,90,TRAINER_POOL_KEY_MASTER,SHIELD_PROGRESSIVE,SHARED_ONCE,SHARED_CAPTURE_KEY_NATIONAL_0987,REWARD_POOL_KEY_RAID_HIGH,ONCE,CLAIM_KEY_RAID_NATIONAL_0987_TOHOKU,FREE_AFTER_NON_CAPTURE,RAID_HIGH_UNLOCKED,RAID_DYNAMAX,SIMPLE_EVENT,false,false,ACTIVE,TOHOKU; primary=TOHOKU; 一つのROMで全種入手可能。地方移動前に捕獲済みでもイベントは報酬のみ受領可能。
RAID_KEY_NATIONAL_0988_KANTO,MAP_KEY_KANTO_K43,SPECIES_KEY_SLITHER_WING,90,TRAINER_POOL_KEY_MASTER,SHIELD_PROGRESSIVE,SHARED_ONCE,SHARED_CAPTURE_KEY_NATIONAL_0988,REWARD_POOL_KEY_RAID_HIGH,ONCE,CLAIM_KEY_RAID_NATIONAL_0988_KANTO,FREE_AFTER_NON_CAPTURE,RAID_HIGH_UNLOCKED,RAID_DYNAMAX,SIMPLE_EVENT,false,false,ACTIVE,KANTO; primary=KANTO; 一つのROMで全種入手可能。地方移動前に捕獲済みでもイベントは報酬のみ受領可能。
RAID_KEY_NATIONAL_0988_TOHOKU,MAP_KEY_TOHOKU_T043,SPECIES_KEY_SLITHER_WING,90,TRAINER_POOL_KEY_MASTER,SHIELD_PROGRESSIVE,SHARED_ONCE,SHARED_CAPTURE_KEY_NATIONAL_0988,REWARD_POOL_KEY_RAID_HIGH,ONCE,CLAIM_KEY_RAID_NATIONAL_0988_TOHOKU,FREE_AFTER_NON_CAPTURE,RAID_HIGH_UNLOCKED,RAID_DYNAMAX,SIMPLE_EVENT,false,false,ACTIVE,TOHOKU; primary=KANTO; 一つのROMで全種入手可能。地方移動前に捕獲済みでもイベントは報酬のみ受領可能。
RAID_KEY_NATIONAL_0989_KANTO,MAP_KEY_KANTO_K43,SPECIES_KEY_SANDY_SHOCKS,90,TRAINER_POOL_KEY_MASTER,SHIELD_PROGRESSIVE,SHARED_ONCE,SHARED_CAPTURE_KEY_NATIONAL_0989,REWARD_POOL_KEY_RAID_HIGH,ONCE,CLAIM_KEY_RAID_NATIONAL_0989_KANTO,FREE_AFTER_NON_CAPTURE,RAID_HIGH_UNLOCKED,RAID_DYNAMAX,SIMPLE_EVENT,false,false,ACTIVE,KANTO; primary=TOHOKU; 一つのROMで全種入手可能。地方移動前に捕獲済みでもイベントは報酬のみ受領可能。
RAID_KEY_NATIONAL_0989_TOHOKU,MAP_KEY_TOHOKU_T043,SPECIES_KEY_SANDY_SHOCKS,90,TRAINER_POOL_KEY_MASTER,SHIELD_PROGRESSIVE,SHARED_ONCE,SHARED_CAPTURE_KEY_NATIONAL_0989,REWARD_POOL_KEY_RAID_HIGH,ONCE,CLAIM_KEY_RAID_NATIONAL_0989_TOHOKU,FREE_AFTER_NON_CAPTURE,RAID_HIGH_UNLOCKED,RAID_DYNAMAX,SIMPLE_EVENT,false,false,ACTIVE,TOHOKU; primary=TOHOKU; 一つのROMで全種入手可能。地方移動前に捕獲済みでもイベントは報酬のみ受領可能。
RAID_KEY_NATIONAL_0990_KANTO,MAP_KEY_KANTO_K43,SPECIES_KEY_IRON_TREADS,90,TRAINER_POOL_KEY_MASTER,SHIELD_PROGRESSIVE,SHARED_ONCE,SHARED_CAPTURE_KEY_NATIONAL_0990,REWARD_POOL_KEY_RAID_HIGH,ONCE,CLAIM_KEY_RAID_NATIONAL_0990_KANTO,FREE_AFTER_NON_CAPTURE,RAID_HIGH_UNLOCKED,RAID_DYNAMAX,SIMPLE_EVENT,false,false,ACTIVE,KANTO; primary=KANTO; 一つのROMで全種入手可能。地方移動前に捕獲済みでもイベントは報酬のみ受領可能。
RAID_KEY_NATIONAL_0990_TOHOKU,MAP_KEY_TOHOKU_T043,SPECIES_KEY_IRON_TREADS,90,TRAINER_POOL_KEY_MASTER,SHIELD_PROGRESSIVE,SHARED_ONCE,SHARED_CAPTURE_KEY_NATIONAL_0990,REWARD_POOL_KEY_RAID_HIGH,ONCE,CLAIM_KEY_RAID_NATIONAL_0990_TOHOKU,FREE_AFTER_NON_CAPTURE,RAID_HIGH_UNLOCKED,RAID_DYNAMAX,SIMPLE_EVENT,false,false,ACTIVE,TOHOKU; primary=KANTO; 一つのROMで全種入手可能。地方移動前に捕獲済みでもイベントは報酬のみ受領可能。
RAID_KEY_NATIONAL_0991_KANTO,MAP_KEY_KANTO_K43,SPECIES_KEY_IRON_BUNDLE,90,TRAINER_POOL_KEY_MASTER,SHIELD_PROGRESSIVE,SHARED_ONCE,SHARED_CAPTURE_KEY_NATIONAL_0991,REWARD_POOL_KEY_RAID_HIGH,ONCE,CLAIM_KEY_RAID_NATIONAL_0991_KANTO,FREE_AFTER_NON_CAPTURE,RAID_HIGH_UNLOCKED,RAID_DYNAMAX,SIMPLE_EVENT,false,false,ACTIVE,KANTO; primary=TOHOKU; 一つのROMで全種入手可能。地方移動前に捕獲済みでもイベントは報酬のみ受領可能。
RAID_KEY_NATIONAL_0991_TOHOKU,MAP_KEY_TOHOKU_T043,SPECIES_KEY_IRON_BUNDLE,90,TRAINER_POOL_KEY_MASTER,SHIELD_PROGRESSIVE,SHARED_ONCE,SHARED_CAPTURE_KEY_NATIONAL_0991,REWARD_POOL_KEY_RAID_HIGH,ONCE,CLAIM_KEY_RAID_NATIONAL_0991_TOHOKU,FREE_AFTER_NON_CAPTURE,RAID_HIGH_UNLOCKED,RAID_DYNAMAX,SIMPLE_EVENT,false,false,ACTIVE,TOHOKU; primary=TOHOKU; 一つのROMで全種入手可能。地方移動前に捕獲済みでもイベントは報酬のみ受領可能。
RAID_KEY_NATIONAL_0992_KANTO,MAP_KEY_KANTO_K43,SPECIES_KEY_IRON_HANDS,90,TRAINER_POOL_KEY_MASTER,SHIELD_PROGRESSIVE,SHARED_ONCE,SHARED_CAPTURE_KEY_NATIONAL_0992,REWARD_POOL_KEY_RAID_HIGH,ONCE,CLAIM_KEY_RAID_NATIONAL_0992_KANTO,FREE_AFTER_NON_CAPTURE,RAID_HIGH_UNLOCKED,RAID_DYNAMAX,SIMPLE_EVENT,false,false,ACTIVE,KANTO; primary=KANTO; 一つのROMで全種入手可能。地方移動前に捕獲済みでもイベントは報酬のみ受領可能。
RAID_KEY_NATIONAL_0992_TOHOKU,MAP_KEY_TOHOKU_T043,SPECIES_KEY_IRON_HANDS,90,TRAINER_POOL_KEY_MASTER,SHIELD_PROGRESSIVE,SHARED_ONCE,SHARED_CAPTURE_KEY_NATIONAL_0992,REWARD_POOL_KEY_RAID_HIGH,ONCE,CLAIM_KEY_RAID_NATIONAL_0992_TOHOKU,FREE_AFTER_NON_CAPTURE,RAID_HIGH_UNLOCKED,RAID_DYNAMAX,SIMPLE_EVENT,false,false,ACTIVE,TOHOKU; primary=KANTO; 一つのROMで全種入手可能。地方移動前に捕獲済みでもイベントは報酬のみ受領可能。
RAID_KEY_NATIONAL_0993_KANTO,MAP_KEY_KANTO_K43,SPECIES_KEY_IRON_JUGULIS,90,TRAINER_POOL_KEY_MASTER,SHIELD_PROGRESSIVE,SHARED_ONCE,SHARED_CAPTURE_KEY_NATIONAL_0993,REWARD_POOL_KEY_RAID_HIGH,ONCE,CLAIM_KEY_RAID_NATIONAL_0993_KANTO,FREE_AFTER_NON_CAPTURE,RAID_HIGH_UNLOCKED,RAID_DYNAMAX,SIMPLE_EVENT,false,false,ACTIVE,KANTO; primary=TOHOKU; 一つのROMで全種入手可能。地方移動前に捕獲済みでもイベントは報酬のみ受領可能。
RAID_KEY_NATIONAL_0993_TOHOKU,MAP_KEY_TOHOKU_T043,SPECIES_KEY_IRON_JUGULIS,90,TRAINER_POOL_KEY_MASTER,SHIELD_PROGRESSIVE,SHARED_ONCE,SHARED_CAPTURE_KEY_NATIONAL_0993,REWARD_POOL_KEY_RAID_HIGH,ONCE,CLAIM_KEY_RAID_NATIONAL_0993_TOHOKU,FREE_AFTER_NON_CAPTURE,RAID_HIGH_UNLOCKED,RAID_DYNAMAX,SIMPLE_EVENT,false,false,ACTIVE,TOHOKU; primary=TOHOKU; 一つのROMで全種入手可能。地方移動前に捕獲済みでもイベントは報酬のみ受領可能。
RAID_KEY_NATIONAL_0994_KANTO,MAP_KEY_KANTO_K43,SPECIES_KEY_IRON_MOTH,90,TRAINER_POOL_KEY_MASTER,SHIELD_PROGRESSIVE,SHARED_ONCE,SHARED_CAPTURE_KEY_NATIONAL_0994,REWARD_POOL_KEY_RAID_HIGH,ONCE,CLAIM_KEY_RAID_NATIONAL_0994_KANTO,FREE_AFTER_NON_CAPTURE,RAID_HIGH_UNLOCKED,RAID_DYNAMAX,SIMPLE_EVENT,false,false,ACTIVE,KANTO; primary=KANTO; 一つのROMで全種入手可能。地方移動前に捕獲済みでもイベントは報酬のみ受領可能。
RAID_KEY_NATIONAL_0994_TOHOKU,MAP_KEY_TOHOKU_T043,SPECIES_KEY_IRON_MOTH,90,TRAINER_POOL_KEY_MASTER,SHIELD_PROGRESSIVE,SHARED_ONCE,SHARED_CAPTURE_KEY_NATIONAL_0994,REWARD_POOL_KEY_RAID_HIGH,ONCE,CLAIM_KEY_RAID_NATIONAL_0994_TOHOKU,FREE_AFTER_NON_CAPTURE,RAID_HIGH_UNLOCKED,RAID_DYNAMAX,SIMPLE_EVENT,false,false,ACTIVE,TOHOKU; primary=KANTO; 一つのROMで全種入手可能。地方移動前に捕獲済みでもイベントは報酬のみ受領可能。
RAID_KEY_NATIONAL_0995_KANTO,MAP_KEY_KANTO_K43,SPECIES_KEY_IRON_THORNS,90,TRAINER_POOL_KEY_MASTER,SHIELD_PROGRESSIVE,SHARED_ONCE,SHARED_CAPTURE_KEY_NATIONAL_0995,REWARD_POOL_KEY_RAID_HIGH,ONCE,CLAIM_KEY_RAID_NATIONAL_0995_KANTO,FREE_AFTER_NON_CAPTURE,RAID_HIGH_UNLOCKED,RAID_DYNAMAX,SIMPLE_EVENT,false,false,ACTIVE,KANTO; primary=TOHOKU; 一つのROMで全種入手可能。地方移動前に捕獲済みでもイベントは報酬のみ受領可能。
RAID_KEY_NATIONAL_0995_TOHOKU,MAP_KEY_TOHOKU_T043,SPECIES_KEY_IRON_THORNS,90,TRAINER_POOL_KEY_MASTER,SHIELD_PROGRESSIVE,SHARED_ONCE,SHARED_CAPTURE_KEY_NATIONAL_0995,REWARD_POOL_KEY_RAID_HIGH,ONCE,CLAIM_KEY_RAID_NATIONAL_0995_TOHOKU,FREE_AFTER_NON_CAPTURE,RAID_HIGH_UNLOCKED,RAID_DYNAMAX,SIMPLE_EVENT,false,false,ACTIVE,TOHOKU; primary=TOHOKU; 一つのROMで全種入手可能。地方移動前に捕獲済みでもイベントは報酬のみ受領可能。
RAID_KEY_NATIONAL_1001_KANTO,MAP_KEY_KANTO_K43,SPECIES_KEY_WO_CHIEN,90,TRAINER_POOL_KEY_MASTER,SHIELD_PROGRESSIVE,SHARED_ONCE,SHARED_CAPTURE_KEY_NATIONAL_1001,REWARD_POOL_KEY_RAID_HIGH,ONCE,CLAIM_KEY_RAID_NATIONAL_1001_KANTO,FREE_AFTER_NON_CAPTURE,RAID_HIGH_UNLOCKED,RAID_DYNAMAX,SIMPLE_EVENT,false,false,ACTIVE,KANTO; primary=TOHOKU; 一つのROMで全種入手可能。地方移動前に捕獲済みでもイベントは報酬のみ受領可能。
RAID_KEY_NATIONAL_1001_TOHOKU,MAP_KEY_TOHOKU_T043,SPECIES_KEY_WO_CHIEN,90,TRAINER_POOL_KEY_MASTER,SHIELD_PROGRESSIVE,SHARED_ONCE,SHARED_CAPTURE_KEY_NATIONAL_1001,REWARD_POOL_KEY_RAID_HIGH,ONCE,CLAIM_KEY_RAID_NATIONAL_1001_TOHOKU,FREE_AFTER_NON_CAPTURE,RAID_HIGH_UNLOCKED,RAID_DYNAMAX,SIMPLE_EVENT,false,false,ACTIVE,TOHOKU; primary=TOHOKU; 一つのROMで全種入手可能。地方移動前に捕獲済みでもイベントは報酬のみ受領可能。
RAID_KEY_NATIONAL_1002_KANTO,MAP_KEY_KANTO_K43,SPECIES_KEY_CHIEN_PAO,90,TRAINER_POOL_KEY_MASTER,SHIELD_PROGRESSIVE,SHARED_ONCE,SHARED_CAPTURE_KEY_NATIONAL_1002,REWARD_POOL_KEY_RAID_HIGH,ONCE,CLAIM_KEY_RAID_NATIONAL_1002_KANTO,FREE_AFTER_NON_CAPTURE,RAID_HIGH_UNLOCKED,RAID_DYNAMAX,SIMPLE_EVENT,false,false,ACTIVE,KANTO; primary=TOHOKU; 一つのROMで全種入手可能。地方移動前に捕獲済みでもイベントは報酬のみ受領可能。
RAID_KEY_NATIONAL_1002_TOHOKU,MAP_KEY_TOHOKU_T043,SPECIES_KEY_CHIEN_PAO,90,TRAINER_POOL_KEY_MASTER,SHIELD_PROGRESSIVE,SHARED_ONCE,SHARED_CAPTURE_KEY_NATIONAL_1002,REWARD_POOL_KEY_RAID_HIGH,ONCE,CLAIM_KEY_RAID_NATIONAL_1002_TOHOKU,FREE_AFTER_NON_CAPTURE,RAID_HIGH_UNLOCKED,RAID_DYNAMAX,SIMPLE_EVENT,false,false,ACTIVE,TOHOKU; primary=TOHOKU; 一つのROMで全種入手可能。地方移動前に捕獲済みでもイベントは報酬のみ受領可能。
RAID_KEY_NATIONAL_1003_KANTO,MAP_KEY_KANTO_K43,SPECIES_KEY_TING_LU,90,TRAINER_POOL_KEY_MASTER,SHIELD_PROGRESSIVE,SHARED_ONCE,SHARED_CAPTURE_KEY_NATIONAL_1003,REWARD_POOL_KEY_RAID_HIGH,ONCE,CLAIM_KEY_RAID_NATIONAL_1003_KANTO,FREE_AFTER_NON_CAPTURE,RAID_HIGH_UNLOCKED,RAID_DYNAMAX,SIMPLE_EVENT,false,false,ACTIVE,KANTO; primary=TOHOKU; 一つのROMで全種入手可能。地方移動前に捕獲済みでもイベントは報酬のみ受領可能。
RAID_KEY_NATIONAL_1003_TOHOKU,MAP_KEY_TOHOKU_T043,SPECIES_KEY_TING_LU,90,TRAINER_POOL_KEY_MASTER,SHIELD_PROGRESSIVE,SHARED_ONCE,SHARED_CAPTURE_KEY_NATIONAL_1003,REWARD_POOL_KEY_RAID_HIGH,ONCE,CLAIM_KEY_RAID_NATIONAL_1003_TOHOKU,FREE_AFTER_NON_CAPTURE,RAID_HIGH_UNLOCKED,RAID_DYNAMAX,SIMPLE_EVENT,false,false,ACTIVE,TOHOKU; primary=TOHOKU; 一つのROMで全種入手可能。地方移動前に捕獲済みでもイベントは報酬のみ受領可能。
RAID_KEY_NATIONAL_1004_KANTO,MAP_KEY_KANTO_K43,SPECIES_KEY_CHI_YU,90,TRAINER_POOL_KEY_MASTER,SHIELD_PROGRESSIVE,SHARED_ONCE,SHARED_CAPTURE_KEY_NATIONAL_1004,REWARD_POOL_KEY_RAID_HIGH,ONCE,CLAIM_KEY_RAID_NATIONAL_1004_KANTO,FREE_AFTER_NON_CAPTURE,RAID_HIGH_UNLOCKED,RAID_DYNAMAX,SIMPLE_EVENT,false,false,ACTIVE,KANTO; primary=TOHOKU; 一つのROMで全種入手可能。地方移動前に捕獲済みでもイベントは報酬のみ受領可能。
RAID_KEY_NATIONAL_1004_TOHOKU,MAP_KEY_TOHOKU_T043,SPECIES_KEY_CHI_YU,90,TRAINER_POOL_KEY_MASTER,SHIELD_PROGRESSIVE,SHARED_ONCE,SHARED_CAPTURE_KEY_NATIONAL_1004,REWARD_POOL_KEY_RAID_HIGH,ONCE,CLAIM_KEY_RAID_NATIONAL_1004_TOHOKU,FREE_AFTER_NON_CAPTURE,RAID_HIGH_UNLOCKED,RAID_DYNAMAX,SIMPLE_EVENT,false,false,ACTIVE,TOHOKU; primary=TOHOKU; 一つのROMで全種入手可能。地方移動前に捕獲済みでもイベントは報酬のみ受領可能。
RAID_KEY_NATIONAL_1005_KANTO,MAP_KEY_KANTO_K43,SPECIES_KEY_ROARING_MOON,90,TRAINER_POOL_KEY_MASTER,SHIELD_PROGRESSIVE,SHARED_ONCE,SHARED_CAPTURE_KEY_NATIONAL_1005,REWARD_POOL_KEY_RAID_HIGH,ONCE,CLAIM_KEY_RAID_NATIONAL_1005_KANTO,FREE_AFTER_NON_CAPTURE,RAID_HIGH_UNLOCKED,RAID_DYNAMAX,SIMPLE_EVENT,false,false,ACTIVE,KANTO; primary=TOHOKU; 一つのROMで全種入手可能。地方移動前に捕獲済みでもイベントは報酬のみ受領可能。
RAID_KEY_NATIONAL_1005_TOHOKU,MAP_KEY_TOHOKU_T043,SPECIES_KEY_ROARING_MOON,90,TRAINER_POOL_KEY_MASTER,SHIELD_PROGRESSIVE,SHARED_ONCE,SHARED_CAPTURE_KEY_NATIONAL_1005,REWARD_POOL_KEY_RAID_HIGH,ONCE,CLAIM_KEY_RAID_NATIONAL_1005_TOHOKU,FREE_AFTER_NON_CAPTURE,RAID_HIGH_UNLOCKED,RAID_DYNAMAX,SIMPLE_EVENT,false,false,ACTIVE,TOHOKU; primary=TOHOKU; 一つのROMで全種入手可能。地方移動前に捕獲済みでもイベントは報酬のみ受領可能。
RAID_KEY_NATIONAL_1006_KANTO,MAP_KEY_KANTO_K43,SPECIES_KEY_IRON_VALIANT,90,TRAINER_POOL_KEY_MASTER,SHIELD_PROGRESSIVE,SHARED_ONCE,SHARED_CAPTURE_KEY_NATIONAL_1006,REWARD_POOL_KEY_RAID_HIGH,ONCE,CLAIM_KEY_RAID_NATIONAL_1006_KANTO,FREE_AFTER_NON_CAPTURE,RAID_HIGH_UNLOCKED,RAID_DYNAMAX,SIMPLE_EVENT,false,false,ACTIVE,KANTO; primary=KANTO; 一つのROMで全種入手可能。地方移動前に捕獲済みでもイベントは報酬のみ受領可能。
RAID_KEY_NATIONAL_1006_TOHOKU,MAP_KEY_TOHOKU_T043,SPECIES_KEY_IRON_VALIANT,90,TRAINER_POOL_KEY_MASTER,SHIELD_PROGRESSIVE,SHARED_ONCE,SHARED_CAPTURE_KEY_NATIONAL_1006,REWARD_POOL_KEY_RAID_HIGH,ONCE,CLAIM_KEY_RAID_NATIONAL_1006_TOHOKU,FREE_AFTER_NON_CAPTURE,RAID_HIGH_UNLOCKED,RAID_DYNAMAX,SIMPLE_EVENT,false,false,ACTIVE,TOHOKU; primary=KANTO; 一つのROMで全種入手可能。地方移動前に捕獲済みでもイベントは報酬のみ受領可能。
RAID_KEY_NATIONAL_1007_KANTO,MAP_KEY_KANTO_K43,SPECIES_KEY_KORAIDON,100,TRAINER_POOL_KEY_MASTER,SHIELD_PROGRESSIVE,SHARED_ONCE,SHARED_CAPTURE_KEY_NATIONAL_1007,REWARD_POOL_KEY_RAID_HIGH,ONCE,CLAIM_KEY_RAID_NATIONAL_1007_KANTO,FREE_AFTER_NON_CAPTURE,RAID_HIGH_UNLOCKED,RAID_DYNAMAX,SIMPLE_EVENT,false,false,ACTIVE,KANTO; primary=TOHOKU; 一つのROMで全種入手可能。地方移動前に捕獲済みでもイベントは報酬のみ受領可能。
RAID_KEY_NATIONAL_1007_TOHOKU,MAP_KEY_TOHOKU_T043,SPECIES_KEY_KORAIDON,100,TRAINER_POOL_KEY_MASTER,SHIELD_PROGRESSIVE,SHARED_ONCE,SHARED_CAPTURE_KEY_NATIONAL_1007,REWARD_POOL_KEY_RAID_HIGH,ONCE,CLAIM_KEY_RAID_NATIONAL_1007_TOHOKU,FREE_AFTER_NON_CAPTURE,RAID_HIGH_UNLOCKED,RAID_DYNAMAX,SIMPLE_EVENT,false,false,ACTIVE,TOHOKU; primary=TOHOKU; 一つのROMで全種入手可能。地方移動前に捕獲済みでもイベントは報酬のみ受領可能。
RAID_KEY_NATIONAL_1008_KANTO,MAP_KEY_KANTO_K43,SPECIES_KEY_MIRAIDON,100,TRAINER_POOL_KEY_MASTER,SHIELD_PROGRESSIVE,SHARED_ONCE,SHARED_CAPTURE_KEY_NATIONAL_1008,REWARD_POOL_KEY_RAID_HIGH,ONCE,CLAIM_KEY_RAID_NATIONAL_1008_KANTO,FREE_AFTER_NON_CAPTURE,RAID_HIGH_UNLOCKED,RAID_DYNAMAX,SIMPLE_EVENT,false,false,ACTIVE,KANTO; primary=KANTO; 一つのROMで全種入手可能。地方移動前に捕獲済みでもイベントは報酬のみ受領可能。
RAID_KEY_NATIONAL_1008_TOHOKU,MAP_KEY_TOHOKU_T043,SPECIES_KEY_MIRAIDON,100,TRAINER_POOL_KEY_MASTER,SHIELD_PROGRESSIVE,SHARED_ONCE,SHARED_CAPTURE_KEY_NATIONAL_1008,REWARD_POOL_KEY_RAID_HIGH,ONCE,CLAIM_KEY_RAID_NATIONAL_1008_TOHOKU,FREE_AFTER_NON_CAPTURE,RAID_HIGH_UNLOCKED,RAID_DYNAMAX,SIMPLE_EVENT,false,false,ACTIVE,TOHOKU; primary=KANTO; 一つのROMで全種入手可能。地方移動前に捕獲済みでもイベントは報酬のみ受領可能。
RAID_KEY_NATIONAL_1009_KANTO,MAP_KEY_KANTO_K43,SPECIES_KEY_WALKING_WAKE,90,TRAINER_POOL_KEY_MASTER,SHIELD_PROGRESSIVE,SHARED_ONCE,SHARED_CAPTURE_KEY_NATIONAL_1009,REWARD_POOL_KEY_RAID_HIGH,ONCE,CLAIM_KEY_RAID_NATIONAL_1009_KANTO,FREE_AFTER_NON_CAPTURE,RAID_HIGH_UNLOCKED,RAID_DYNAMAX,SIMPLE_EVENT,false,false,ACTIVE,KANTO; primary=TOHOKU; 一つのROMで全種入手可能。地方移動前に捕獲済みでもイベントは報酬のみ受領可能。
RAID_KEY_NATIONAL_1009_TOHOKU,MAP_KEY_TOHOKU_T043,SPECIES_KEY_WALKING_WAKE,90,TRAINER_POOL_KEY_MASTER,SHIELD_PROGRESSIVE,SHARED_ONCE,SHARED_CAPTURE_KEY_NATIONAL_1009,REWARD_POOL_KEY_RAID_HIGH,ONCE,CLAIM_KEY_RAID_NATIONAL_1009_TOHOKU,FREE_AFTER_NON_CAPTURE,RAID_HIGH_UNLOCKED,RAID_DYNAMAX,SIMPLE_EVENT,false,false,ACTIVE,TOHOKU; primary=TOHOKU; 一つのROMで全種入手可能。地方移動前に捕獲済みでもイベントは報酬のみ受領可能。
RAID_KEY_NATIONAL_1010_KANTO,MAP_KEY_KANTO_K43,SPECIES_KEY_IRON_LEAVES,90,TRAINER_POOL_KEY_MASTER,SHIELD_PROGRESSIVE,SHARED_ONCE,SHARED_CAPTURE_KEY_NATIONAL_1010,REWARD_POOL_KEY_RAID_HIGH,ONCE,CLAIM_KEY_RAID_NATIONAL_1010_KANTO,FREE_AFTER_NON_CAPTURE,RAID_HIGH_UNLOCKED,RAID_DYNAMAX,SIMPLE_EVENT,false,false,ACTIVE,KANTO; primary=KANTO; 一つのROMで全種入手可能。地方移動前に捕獲済みでもイベントは報酬のみ受領可能。
RAID_KEY_NATIONAL_1010_TOHOKU,MAP_KEY_TOHOKU_T043,SPECIES_KEY_IRON_LEAVES,90,TRAINER_POOL_KEY_MASTER,SHIELD_PROGRESSIVE,SHARED_ONCE,SHARED_CAPTURE_KEY_NATIONAL_1010,REWARD_POOL_KEY_RAID_HIGH,ONCE,CLAIM_KEY_RAID_NATIONAL_1010_TOHOKU,FREE_AFTER_NON_CAPTURE,RAID_HIGH_UNLOCKED,RAID_DYNAMAX,SIMPLE_EVENT,false,false,ACTIVE,TOHOKU; primary=KANTO; 一つのROMで全種入手可能。地方移動前に捕獲済みでもイベントは報酬のみ受領可能。
RAID_KEY_NATIONAL_1014_KANTO,MAP_KEY_KANTO_K43,SPECIES_KEY_OKIDOGI,85,TRAINER_POOL_KEY_MASTER,SHIELD_PROGRESSIVE,SHARED_ONCE,SHARED_CAPTURE_KEY_NATIONAL_1014,REWARD_POOL_KEY_RAID_HIGH,ONCE,CLAIM_KEY_RAID_NATIONAL_1014_KANTO,FREE_AFTER_NON_CAPTURE,RAID_HIGH_UNLOCKED,RAID_DYNAMAX,SIMPLE_EVENT,false,false,ACTIVE,KANTO; primary=TOHOKU; 一つのROMで全種入手可能。地方移動前に捕獲済みでもイベントは報酬のみ受領可能。
RAID_KEY_NATIONAL_1014_TOHOKU,MAP_KEY_TOHOKU_T043,SPECIES_KEY_OKIDOGI,85,TRAINER_POOL_KEY_MASTER,SHIELD_PROGRESSIVE,SHARED_ONCE,SHARED_CAPTURE_KEY_NATIONAL_1014,REWARD_POOL_KEY_RAID_HIGH,ONCE,CLAIM_KEY_RAID_NATIONAL_1014_TOHOKU,FREE_AFTER_NON_CAPTURE,RAID_HIGH_UNLOCKED,RAID_DYNAMAX,SIMPLE_EVENT,false,false,ACTIVE,TOHOKU; primary=TOHOKU; 一つのROMで全種入手可能。地方移動前に捕獲済みでもイベントは報酬のみ受領可能。
RAID_KEY_NATIONAL_1015_KANTO,MAP_KEY_KANTO_K43,SPECIES_KEY_MUNKIDORI,85,TRAINER_POOL_KEY_MASTER,SHIELD_PROGRESSIVE,SHARED_ONCE,SHARED_CAPTURE_KEY_NATIONAL_1015,REWARD_POOL_KEY_RAID_HIGH,ONCE,CLAIM_KEY_RAID_NATIONAL_1015_KANTO,FREE_AFTER_NON_CAPTURE,RAID_HIGH_UNLOCKED,RAID_DYNAMAX,SIMPLE_EVENT,false,false,ACTIVE,KANTO; primary=TOHOKU; 一つのROMで全種入手可能。地方移動前に捕獲済みでもイベントは報酬のみ受領可能。
RAID_KEY_NATIONAL_1015_TOHOKU,MAP_KEY_TOHOKU_T043,SPECIES_KEY_MUNKIDORI,85,TRAINER_POOL_KEY_MASTER,SHIELD_PROGRESSIVE,SHARED_ONCE,SHARED_CAPTURE_KEY_NATIONAL_1015,REWARD_POOL_KEY_RAID_HIGH,ONCE,CLAIM_KEY_RAID_NATIONAL_1015_TOHOKU,FREE_AFTER_NON_CAPTURE,RAID_HIGH_UNLOCKED,RAID_DYNAMAX,SIMPLE_EVENT,false,false,ACTIVE,TOHOKU; primary=TOHOKU; 一つのROMで全種入手可能。地方移動前に捕獲済みでもイベントは報酬のみ受領可能。
RAID_KEY_NATIONAL_1016_KANTO,MAP_KEY_KANTO_K43,SPECIES_KEY_FEZANDIPITI,85,TRAINER_POOL_KEY_MASTER,SHIELD_PROGRESSIVE,SHARED_ONCE,SHARED_CAPTURE_KEY_NATIONAL_1016,REWARD_POOL_KEY_RAID_HIGH,ONCE,CLAIM_KEY_RAID_NATIONAL_1016_KANTO,FREE_AFTER_NON_CAPTURE,RAID_HIGH_UNLOCKED,RAID_DYNAMAX,SIMPLE_EVENT,false,false,ACTIVE,KANTO; primary=TOHOKU; 一つのROMで全種入手可能。地方移動前に捕獲済みでもイベントは報酬のみ受領可能。
RAID_KEY_NATIONAL_1016_TOHOKU,MAP_KEY_TOHOKU_T043,SPECIES_KEY_FEZANDIPITI,85,TRAINER_POOL_KEY_MASTER,SHIELD_PROGRESSIVE,SHARED_ONCE,SHARED_CAPTURE_KEY_NATIONAL_1016,REWARD_POOL_KEY_RAID_HIGH,ONCE,CLAIM_KEY_RAID_NATIONAL_1016_TOHOKU,FREE_AFTER_NON_CAPTURE,RAID_HIGH_UNLOCKED,RAID_DYNAMAX,SIMPLE_EVENT,false,false,ACTIVE,TOHOKU; primary=TOHOKU; 一つのROMで全種入手可能。地方移動前に捕獲済みでもイベントは報酬のみ受領可能。
RAID_KEY_NATIONAL_1017_KANTO,MAP_KEY_KANTO_K43,SPECIES_KEY_OGERPON,85,TRAINER_POOL_KEY_MASTER,SHIELD_PROGRESSIVE,SHARED_ONCE,SHARED_CAPTURE_KEY_NATIONAL_1017,REWARD_POOL_KEY_RAID_HIGH,ONCE,CLAIM_KEY_RAID_NATIONAL_1017_KANTO,FREE_AFTER_NON_CAPTURE,RAID_HIGH_UNLOCKED,RAID_DYNAMAX,SIMPLE_EVENT,false,false,ACTIVE,KANTO; primary=TOHOKU; 一つのROMで全種入手可能。地方移動前に捕獲済みでもイベントは報酬のみ受領可能。
RAID_KEY_NATIONAL_1017_TOHOKU,MAP_KEY_TOHOKU_T043,SPECIES_KEY_OGERPON,85,TRAINER_POOL_KEY_MASTER,SHIELD_PROGRESSIVE,SHARED_ONCE,SHARED_CAPTURE_KEY_NATIONAL_1017,REWARD_POOL_KEY_RAID_HIGH,ONCE,CLAIM_KEY_RAID_NATIONAL_1017_TOHOKU,FREE_AFTER_NON_CAPTURE,RAID_HIGH_UNLOCKED,RAID_DYNAMAX,SIMPLE_EVENT,false,false,ACTIVE,TOHOKU; primary=TOHOKU; 一つのROMで全種入手可能。地方移動前に捕獲済みでもイベントは報酬のみ受領可能。
RAID_KEY_NATIONAL_1020_KANTO,MAP_KEY_KANTO_K43,SPECIES_KEY_GOUGING_FIRE,90,TRAINER_POOL_KEY_MASTER,SHIELD_PROGRESSIVE,SHARED_ONCE,SHARED_CAPTURE_KEY_NATIONAL_1020,REWARD_POOL_KEY_RAID_HIGH,ONCE,CLAIM_KEY_RAID_NATIONAL_1020_KANTO,FREE_AFTER_NON_CAPTURE,RAID_HIGH_UNLOCKED,RAID_DYNAMAX,SIMPLE_EVENT,false,false,ACTIVE,KANTO; primary=KANTO; 一つのROMで全種入手可能。地方移動前に捕獲済みでもイベントは報酬のみ受領可能。
RAID_KEY_NATIONAL_1020_TOHOKU,MAP_KEY_TOHOKU_T043,SPECIES_KEY_GOUGING_FIRE,90,TRAINER_POOL_KEY_MASTER,SHIELD_PROGRESSIVE,SHARED_ONCE,SHARED_CAPTURE_KEY_NATIONAL_1020,REWARD_POOL_KEY_RAID_HIGH,ONCE,CLAIM_KEY_RAID_NATIONAL_1020_TOHOKU,FREE_AFTER_NON_CAPTURE,RAID_HIGH_UNLOCKED,RAID_DYNAMAX,SIMPLE_EVENT,false,false,ACTIVE,TOHOKU; primary=KANTO; 一つのROMで全種入手可能。地方移動前に捕獲済みでもイベントは報酬のみ受領可能。
RAID_KEY_NATIONAL_1021_KANTO,MAP_KEY_KANTO_K43,SPECIES_KEY_RAGING_BOLT,90,TRAINER_POOL_KEY_MASTER,SHIELD_PROGRESSIVE,SHARED_ONCE,SHARED_CAPTURE_KEY_NATIONAL_1021,REWARD_POOL_KEY_RAID_HIGH,ONCE,CLAIM_KEY_RAID_NATIONAL_1021_KANTO,FREE_AFTER_NON_CAPTURE,RAID_HIGH_UNLOCKED,RAID_DYNAMAX,SIMPLE_EVENT,false,false,ACTIVE,KANTO; primary=TOHOKU; 一つのROMで全種入手可能。地方移動前に捕獲済みでもイベントは報酬のみ受領可能。
RAID_KEY_NATIONAL_1021_TOHOKU,MAP_KEY_TOHOKU_T043,SPECIES_KEY_RAGING_BOLT,90,TRAINER_POOL_KEY_MASTER,SHIELD_PROGRESSIVE,SHARED_ONCE,SHARED_CAPTURE_KEY_NATIONAL_1021,REWARD_POOL_KEY_RAID_HIGH,ONCE,CLAIM_KEY_RAID_NATIONAL_1021_TOHOKU,FREE_AFTER_NON_CAPTURE,RAID_HIGH_UNLOCKED,RAID_DYNAMAX,SIMPLE_EVENT,false,false,ACTIVE,TOHOKU; primary=TOHOKU; 一つのROMで全種入手可能。地方移動前に捕獲済みでもイベントは報酬のみ受領可能。
RAID_KEY_NATIONAL_1022_KANTO,MAP_KEY_KANTO_K43,SPECIES_KEY_IRON_BOULDER,90,TRAINER_POOL_KEY_MASTER,SHIELD_PROGRESSIVE,SHARED_ONCE,SHARED_CAPTURE_KEY_NATIONAL_1022,REWARD_POOL_KEY_RAID_HIGH,ONCE,CLAIM_KEY_RAID_NATIONAL_1022_KANTO,FREE_AFTER_NON_CAPTURE,RAID_HIGH_UNLOCKED,RAID_DYNAMAX,SIMPLE_EVENT,false,false,ACTIVE,KANTO; primary=KANTO; 一つのROMで全種入手可能。地方移動前に捕獲済みでもイベントは報酬のみ受領可能。
RAID_KEY_NATIONAL_1022_TOHOKU,MAP_KEY_TOHOKU_T043,SPECIES_KEY_IRON_BOULDER,90,TRAINER_POOL_KEY_MASTER,SHIELD_PROGRESSIVE,SHARED_ONCE,SHARED_CAPTURE_KEY_NATIONAL_1022,REWARD_POOL_KEY_RAID_HIGH,ONCE,CLAIM_KEY_RAID_NATIONAL_1022_TOHOKU,FREE_AFTER_NON_CAPTURE,RAID_HIGH_UNLOCKED,RAID_DYNAMAX,SIMPLE_EVENT,false,false,ACTIVE,TOHOKU; primary=KANTO; 一つのROMで全種入手可能。地方移動前に捕獲済みでもイベントは報酬のみ受領可能。
RAID_KEY_NATIONAL_1023_KANTO,MAP_KEY_KANTO_K43,SPECIES_KEY_IRON_CROWN,90,TRAINER_POOL_KEY_MASTER,SHIELD_PROGRESSIVE,SHARED_ONCE,SHARED_CAPTURE_KEY_NATIONAL_1023,REWARD_POOL_KEY_RAID_HIGH,ONCE,CLAIM_KEY_RAID_NATIONAL_1023_KANTO,FREE_AFTER_NON_CAPTURE,RAID_HIGH_UNLOCKED,RAID_DYNAMAX,SIMPLE_EVENT,false,false,ACTIVE,KANTO; primary=TOHOKU; 一つのROMで全種入手可能。地方移動前に捕獲済みでもイベントは報酬のみ受領可能。
RAID_KEY_NATIONAL_1023_TOHOKU,MAP_KEY_TOHOKU_T043,SPECIES_KEY_IRON_CROWN,90,TRAINER_POOL_KEY_MASTER,SHIELD_PROGRESSIVE,SHARED_ONCE,SHARED_CAPTURE_KEY_NATIONAL_1023,REWARD_POOL_KEY_RAID_HIGH,ONCE,CLAIM_KEY_RAID_NATIONAL_1023_TOHOKU,FREE_AFTER_NON_CAPTURE,RAID_HIGH_UNLOCKED,RAID_DYNAMAX,SIMPLE_EVENT,false,false,ACTIVE,TOHOKU; primary=TOHOKU; 一つのROMで全種入手可能。地方移動前に捕獲済みでもイベントは報酬のみ受領可能。
RAID_KEY_NATIONAL_1024_KANTO,MAP_KEY_KANTO_K43,SPECIES_KEY_TERAPAGOS,100,TRAINER_POOL_KEY_MASTER,SHIELD_PROGRESSIVE,SHARED_ONCE,SHARED_CAPTURE_KEY_NATIONAL_1024,REWARD_POOL_KEY_RAID_HIGH,ONCE,CLAIM_KEY_RAID_NATIONAL_1024_KANTO,FREE_AFTER_NON_CAPTURE,RAID_HIGH_UNLOCKED,RAID_DYNAMAX,SIMPLE_EVENT,false,false,ACTIVE,KANTO; primary=TOHOKU; 一つのROMで全種入手可能。地方移動前に捕獲済みでもイベントは報酬のみ受領可能。
RAID_KEY_NATIONAL_1024_TOHOKU,MAP_KEY_TOHOKU_T043,SPECIES_KEY_TERAPAGOS,100,TRAINER_POOL_KEY_MASTER,SHIELD_PROGRESSIVE,SHARED_ONCE,SHARED_CAPTURE_KEY_NATIONAL_1024,REWARD_POOL_KEY_RAID_HIGH,ONCE,CLAIM_KEY_RAID_NATIONAL_1024_TOHOKU,FREE_AFTER_NON_CAPTURE,RAID_HIGH_UNLOCKED,RAID_DYNAMAX,SIMPLE_EVENT,false,false,ACTIVE,TOHOKU; primary=TOHOKU; 一つのROMで全種入手可能。地方移動前に捕獲済みでもイベントは報酬のみ受領可能。
RAID_KEY_NATIONAL_1025_KANTO,MAP_KEY_KANTO_K43,SPECIES_KEY_PECHARUNT,85,TRAINER_POOL_KEY_MASTER,SHIELD_PROGRESSIVE,SHARED_ONCE,SHARED_CAPTURE_KEY_NATIONAL_1025,REWARD_POOL_KEY_RAID_HIGH,ONCE,CLAIM_KEY_RAID_NATIONAL_1025_KANTO,FREE_AFTER_NON_CAPTURE,RAID_HIGH_UNLOCKED,RAID_DYNAMAX,SIMPLE_EVENT,false,false,ACTIVE,KANTO; primary=TOHOKU; 一つのROMで全種入手可能。地方移動前に捕獲済みでもイベントは報酬のみ受領可能。
RAID_KEY_NATIONAL_1025_TOHOKU,MAP_KEY_TOHOKU_T043,SPECIES_KEY_PECHARUNT,85,TRAINER_POOL_KEY_MASTER,SHIELD_PROGRESSIVE,SHARED_ONCE,SHARED_CAPTURE_KEY_NATIONAL_1025,REWARD_POOL_KEY_RAID_HIGH,ONCE,CLAIM_KEY_RAID_NATIONAL_1025_TOHOKU,FREE_AFTER_NON_CAPTURE,RAID_HIGH_UNLOCKED,RAID_DYNAMAX,SIMPLE_EVENT,false,false,ACTIVE,TOHOKU; primary=TOHOKU; 一つのROMで全種入手可能。地方移動前に捕獲済みでもイベントは報酬のみ受領可能。
