species_national_no,species_name,form_identifier,japanese_form_name,class,battle_only,mega,separate_learnset,move_inheritance_policy,storage_note,verification
172,ピチュー,spiky-eared,ギザみみ,恒常・条件フォーム,no,no,conditional,タイプ・能力・設定が変わる恒常フォームは独立レベル技を許可。共通技は基礎種から継承し、フォーム固有STABを進化時／Lv1に追加。,能力差ありは独立ID、外見差のみFormId,最終種族ID／FormId表と照合し、戦闘終了後の技復帰をテスト
201,アンノーン,b,Ｂ,模様・外見差分,no,no,no,外見差のみのため基礎種と完全共有。技表を増やさない。,基礎種ID＋FormId,最終種族ID／FormId表と照合し、戦闘終了後の技復帰をテスト
201,アンノーン,c,Ｃ,模様・外見差分,no,no,no,外見差のみのため基礎種と完全共有。技表を増やさない。,基礎種ID＋FormId,最終種族ID／FormId表と照合し、戦闘終了後の技復帰をテスト
201,アンノーン,d,Ｄ,模様・外見差分,no,no,no,外見差のみのため基礎種と完全共有。技表を増やさない。,基礎種ID＋FormId,最終種族ID／FormId表と照合し、戦闘終了後の技復帰をテスト
201,アンノーン,e,Ｅ,模様・外見差分,no,no,no,外見差のみのため基礎種と完全共有。技表を増やさない。,基礎種ID＋FormId,最終種族ID／FormId表と照合し、戦闘終了後の技復帰をテスト
201,アンノーン,f,Ｆ,模様・外見差分,no,no,no,外見差のみのため基礎種と完全共有。技表を増やさない。,基礎種ID＋FormId,最終種族ID／FormId表と照合し、戦闘終了後の技復帰をテスト
201,アンノーン,g,Ｇ,模様・外見差分,no,no,no,外見差のみのため基礎種と完全共有。技表を増やさない。,基礎種ID＋FormId,最終種族ID／FormId表と照合し、戦闘終了後の技復帰をテスト
201,アンノーン,h,Ｈ,模様・外見差分,no,no,no,外見差のみのため基礎種と完全共有。技表を増やさない。,基礎種ID＋FormId,最終種族ID／FormId表と照合し、戦闘終了後の技復帰をテスト
201,アンノーン,i,Ｉ,模様・外見差分,no,no,no,外見差のみのため基礎種と完全共有。技表を増やさない。,基礎種ID＋FormId,最終種族ID／FormId表と照合し、戦闘終了後の技復帰をテスト
201,アンノーン,j,Ｊ,模様・外見差分,no,no,no,外見差のみのため基礎種と完全共有。技表を増やさない。,基礎種ID＋FormId,最終種族ID／FormId表と照合し、戦闘終了後の技復帰をテスト
201,アンノーン,k,Ｋ,模様・外見差分,no,no,no,外見差のみのため基礎種と完全共有。技表を増やさない。,基礎種ID＋FormId,最終種族ID／FormId表と照合し、戦闘終了後の技復帰をテスト
201,アンノーン,l,Ｌ,模様・外見差分,no,no,no,外見差のみのため基礎種と完全共有。技表を増やさない。,基礎種ID＋FormId,最終種族ID／FormId表と照合し、戦闘終了後の技復帰をテスト
201,アンノーン,m,Ｍ,模様・外見差分,no,no,no,外見差のみのため基礎種と完全共有。技表を増やさない。,基礎種ID＋FormId,最終種族ID／FormId表と照合し、戦闘終了後の技復帰をテスト
201,アンノーン,n,Ｎ,模様・外見差分,no,no,no,外見差のみのため基礎種と完全共有。技表を増やさない。,基礎種ID＋FormId,最終種族ID／FormId表と照合し、戦闘終了後の技復帰をテスト
201,アンノーン,o,Ｏ,模様・外見差分,no,no,no,外見差のみのため基礎種と完全共有。技表を増やさない。,基礎種ID＋FormId,最終種族ID／FormId表と照合し、戦闘終了後の技復帰をテスト
201,アンノーン,p,Ｐ,模様・外見差分,no,no,no,外見差のみのため基礎種と完全共有。技表を増やさない。,基礎種ID＋FormId,最終種族ID／FormId表と照合し、戦闘終了後の技復帰をテスト
201,アンノーン,q,Ｑ,模様・外見差分,no,no,no,外見差のみのため基礎種と完全共有。技表を増やさない。,基礎種ID＋FormId,最終種族ID／FormId表と照合し、戦闘終了後の技復帰をテスト
201,アンノーン,r,Ｒ,模様・外見差分,no,no,no,外見差のみのため基礎種と完全共有。技表を増やさない。,基礎種ID＋FormId,最終種族ID／FormId表と照合し、戦闘終了後の技復帰をテスト
201,アンノーン,s,Ｓ,模様・外見差分,no,no,no,外見差のみのため基礎種と完全共有。技表を増やさない。,基礎種ID＋FormId,最終種族ID／FormId表と照合し、戦闘終了後の技復帰をテスト
201,アンノーン,t,Ｔ,模様・外見差分,no,no,no,外見差のみのため基礎種と完全共有。技表を増やさない。,基礎種ID＋FormId,最終種族ID／FormId表と照合し、戦闘終了後の技復帰をテスト
201,アンノーン,u,Ｕ,模様・外見差分,no,no,no,外見差のみのため基礎種と完全共有。技表を増やさない。,基礎種ID＋FormId,最終種族ID／FormId表と照合し、戦闘終了後の技復帰をテスト
201,アンノーン,v,Ｖ,模様・外見差分,no,no,no,外見差のみのため基礎種と完全共有。技表を増やさない。,基礎種ID＋FormId,最終種族ID／FormId表と照合し、戦闘終了後の技復帰をテスト
201,アンノーン,w,Ｗ,模様・外見差分,no,no,no,外見差のみのため基礎種と完全共有。技表を増やさない。,基礎種ID＋FormId,最終種族ID／FormId表と照合し、戦闘終了後の技復帰をテスト
201,アンノーン,x,Ｘ,模様・外見差分,no,no,no,外見差のみのため基礎種と完全共有。技表を増やさない。,基礎種ID＋FormId,最終種族ID／FormId表と照合し、戦闘終了後の技復帰をテスト
201,アンノーン,y,Ｙ,模様・外見差分,no,no,no,外見差のみのため基礎種と完全共有。技表を増やさない。,基礎種ID＋FormId,最終種族ID／FormId表と照合し、戦闘終了後の技復帰をテスト
201,アンノーン,z,Ｚ,模様・外見差分,no,no,no,外見差のみのため基礎種と完全共有。技表を増やさない。,基礎種ID＋FormId,最終種族ID／FormId表と照合し、戦闘終了後の技復帰をテスト
201,アンノーン,exclamation,!,模様・外見差分,no,no,no,外見差のみのため基礎種と完全共有。技表を増やさない。,基礎種ID＋FormId,最終種族ID／FormId表と照合し、戦闘終了後の技復帰をテスト
201,アンノーン,question,?,模様・外見差分,no,no,no,外見差のみのため基礎種と完全共有。技表を増やさない。,基礎種ID＋FormId,最終種族ID／FormId表と照合し、戦闘終了後の技復帰をテスト
412,ミノムッチ,sandy,すなちのミノ,恒常・条件フォーム,no,no,conditional,タイプ・能力・設定が変わる恒常フォームは独立レベル技を許可。共通技は基礎種から継承し、フォーム固有STABを進化時／Lv1に追加。,能力差ありは独立ID、外見差のみFormId,最終種族ID／FormId表と照合し、戦闘終了後の技復帰をテスト
412,ミノムッチ,trash,ゴミのミノ,恒常・条件フォーム,no,no,conditional,タイプ・能力・設定が変わる恒常フォームは独立レベル技を許可。共通技は基礎種から継承し、フォーム固有STABを進化時／Lv1に追加。,能力差ありは独立ID、外見差のみFormId,最終種族ID／FormId表と照合し、戦闘終了後の技復帰をテスト
414,ガーメイル,sandy,すなちのミノ,恒常・条件フォーム,no,no,conditional,タイプ・能力・設定が変わる恒常フォームは独立レベル技を許可。共通技は基礎種から継承し、フォーム固有STABを進化時／Lv1に追加。,能力差ありは独立ID、外見差のみFormId,最終種族ID／FormId表と照合し、戦闘終了後の技復帰をテスト
414,ガーメイル,trash,ゴミのミノ,恒常・条件フォーム,no,no,conditional,タイプ・能力・設定が変わる恒常フォームは独立レベル技を許可。共通技は基礎種から継承し、フォーム固有STABを進化時／Lv1に追加。,能力差ありは独立ID、外見差のみFormId,最終種族ID／FormId表と照合し、戦闘終了後の技復帰をテスト
421,チェリム,sunshine,ポジフォルム,戦闘中フォーム,yes,no,no,基礎種のレベル技・TM・教え技を完全共有。フォーム専用技は変身トリガーまたは戦闘開始時に一時付与し、保存しない。,独立内部ID（戦闘専用）,最終種族ID／FormId表と照合し、戦闘終了後の技復帰をテスト
422,カラナクシ,east,ひがしのうみ,恒常・条件フォーム,no,no,conditional,タイプ・能力・設定が変わる恒常フォームは独立レベル技を許可。共通技は基礎種から継承し、フォーム固有STABを進化時／Lv1に追加。,能力差ありは独立ID、外見差のみFormId,最終種族ID／FormId表と照合し、戦闘終了後の技復帰をテスト
423,トリトドン,east,ひがしのうみ,恒常・条件フォーム,no,no,conditional,タイプ・能力・設定が変わる恒常フォームは独立レベル技を許可。共通技は基礎種から継承し、フォーム固有STABを進化時／Lv1に追加。,能力差ありは独立ID、外見差のみFormId,最終種族ID／FormId表と照合し、戦闘終了後の技復帰をテスト
493,アルセウス,fighting,かくとうタイプ,恒常・条件フォーム,no,no,conditional,タイプ・能力・設定が変わる恒常フォームは独立レベル技を許可。共通技は基礎種から継承し、フォーム固有STABを進化時／Lv1に追加。,能力差ありは独立ID、外見差のみFormId,最終種族ID／FormId表と照合し、戦闘終了後の技復帰をテスト
493,アルセウス,flying,ひこうタイプ,恒常・条件フォーム,no,no,conditional,タイプ・能力・設定が変わる恒常フォームは独立レベル技を許可。共通技は基礎種から継承し、フォーム固有STABを進化時／Lv1に追加。,能力差ありは独立ID、外見差のみFormId,最終種族ID／FormId表と照合し、戦闘終了後の技復帰をテスト
493,アルセウス,poison,どくタイプ,恒常・条件フォーム,no,no,conditional,タイプ・能力・設定が変わる恒常フォームは独立レベル技を許可。共通技は基礎種から継承し、フォーム固有STABを進化時／Lv1に追加。,能力差ありは独立ID、外見差のみFormId,最終種族ID／FormId表と照合し、戦闘終了後の技復帰をテスト
493,アルセウス,ground,じめんタイプ,恒常・条件フォーム,no,no,conditional,タイプ・能力・設定が変わる恒常フォームは独立レベル技を許可。共通技は基礎種から継承し、フォーム固有STABを進化時／Lv1に追加。,能力差ありは独立ID、外見差のみFormId,最終種族ID／FormId表と照合し、戦闘終了後の技復帰をテスト
493,アルセウス,rock,いわタイプ,恒常・条件フォーム,no,no,conditional,タイプ・能力・設定が変わる恒常フォームは独立レベル技を許可。共通技は基礎種から継承し、フォーム固有STABを進化時／Lv1に追加。,能力差ありは独立ID、外見差のみFormId,最終種族ID／FormId表と照合し、戦闘終了後の技復帰をテスト
493,アルセウス,bug,むしタイプ,恒常・条件フォーム,no,no,conditional,タイプ・能力・設定が変わる恒常フォームは独立レベル技を許可。共通技は基礎種から継承し、フォーム固有STABを進化時／Lv1に追加。,能力差ありは独立ID、外見差のみFormId,最終種族ID／FormId表と照合し、戦闘終了後の技復帰をテスト
493,アルセウス,ghost,ゴーストタイプ,恒常・条件フォーム,no,no,conditional,タイプ・能力・設定が変わる恒常フォームは独立レベル技を許可。共通技は基礎種から継承し、フォーム固有STABを進化時／Lv1に追加。,能力差ありは独立ID、外見差のみFormId,最終種族ID／FormId表と照合し、戦闘終了後の技復帰をテスト
493,アルセウス,steel,はがねタイプ,恒常・条件フォーム,no,no,conditional,タイプ・能力・設定が変わる恒常フォームは独立レベル技を許可。共通技は基礎種から継承し、フォーム固有STABを進化時／Lv1に追加。,能力差ありは独立ID、外見差のみFormId,最終種族ID／FormId表と照合し、戦闘終了後の技復帰をテスト
493,アルセウス,fire,ほのおタイプ,恒常・条件フォーム,no,no,conditional,タイプ・能力・設定が変わる恒常フォームは独立レベル技を許可。共通技は基礎種から継承し、フォーム固有STABを進化時／Lv1に追加。,能力差ありは独立ID、外見差のみFormId,最終種族ID／FormId表と照合し、戦闘終了後の技復帰をテスト
493,アルセウス,water,みずタイプ,恒常・条件フォーム,no,no,conditional,タイプ・能力・設定が変わる恒常フォームは独立レベル技を許可。共通技は基礎種から継承し、フォーム固有STABを進化時／Lv1に追加。,能力差ありは独立ID、外見差のみFormId,最終種族ID／FormId表と照合し、戦闘終了後の技復帰をテスト
493,アルセウス,grass,くさタイプ,恒常・条件フォーム,no,no,conditional,タイプ・能力・設定が変わる恒常フォームは独立レベル技を許可。共通技は基礎種から継承し、フォーム固有STABを進化時／Lv1に追加。,能力差ありは独立ID、外見差のみFormId,最終種族ID／FormId表と照合し、戦闘終了後の技復帰をテスト
493,アルセウス,electric,でんきタイプ,恒常・条件フォーム,no,no,conditional,タイプ・能力・設定が変わる恒常フォームは独立レベル技を許可。共通技は基礎種から継承し、フォーム固有STABを進化時／Lv1に追加。,能力差ありは独立ID、外見差のみFormId,最終種族ID／FormId表と照合し、戦闘終了後の技復帰をテスト
493,アルセウス,psychic,エスパータイプ,恒常・条件フォーム,no,no,conditional,タイプ・能力・設定が変わる恒常フォームは独立レベル技を許可。共通技は基礎種から継承し、フォーム固有STABを進化時／Lv1に追加。,能力差ありは独立ID、外見差のみFormId,最終種族ID／FormId表と照合し、戦闘終了後の技復帰をテスト
493,アルセウス,ice,こおりタイプ,恒常・条件フォーム,no,no,conditional,タイプ・能力・設定が変わる恒常フォームは独立レベル技を許可。共通技は基礎種から継承し、フォーム固有STABを進化時／Lv1に追加。,能力差ありは独立ID、外見差のみFormId,最終種族ID／FormId表と照合し、戦闘終了後の技復帰をテスト
493,アルセウス,dragon,ドラゴンタイプ,恒常・条件フォーム,no,no,conditional,タイプ・能力・設定が変わる恒常フォームは独立レベル技を許可。共通技は基礎種から継承し、フォーム固有STABを進化時／Lv1に追加。,能力差ありは独立ID、外見差のみFormId,最終種族ID／FormId表と照合し、戦闘終了後の技復帰をテスト
493,アルセウス,dark,あくタイプ,恒常・条件フォーム,no,no,conditional,タイプ・能力・設定が変わる恒常フォームは独立レベル技を許可。共通技は基礎種から継承し、フォーム固有STABを進化時／Lv1に追加。,能力差ありは独立ID、外見差のみFormId,最終種族ID／FormId表と照合し、戦闘終了後の技復帰をテスト
493,アルセウス,fairy,フェアリータイプ,恒常・条件フォーム,no,no,conditional,タイプ・能力・設定が変わる恒常フォームは独立レベル技を許可。共通技は基礎種から継承し、フォーム固有STABを進化時／Lv1に追加。,能力差ありは独立ID、外見差のみFormId,最終種族ID／FormId表と照合し、戦闘終了後の技復帰をテスト
493,アルセウス,unknown,？？？タイプ,恒常・条件フォーム,no,no,conditional,タイプ・能力・設定が変わる恒常フォームは独立レベル技を許可。共通技は基礎種から継承し、フォーム固有STABを進化時／Lv1に追加。,能力差ありは独立ID、外見差のみFormId,最終種族ID／FormId表と照合し、戦闘終了後の技復帰をテスト
585,シキジカ,summer,なつのすがた,恒常・条件フォーム,no,no,conditional,タイプ・能力・設定が変わる恒常フォームは独立レベル技を許可。共通技は基礎種から継承し、フォーム固有STABを進化時／Lv1に追加。,能力差ありは独立ID、外見差のみFormId,最終種族ID／FormId表と照合し、戦闘終了後の技復帰をテスト
585,シキジカ,autumn,あきのすがた,恒常・条件フォーム,no,no,conditional,タイプ・能力・設定が変わる恒常フォームは独立レベル技を許可。共通技は基礎種から継承し、フォーム固有STABを進化時／Lv1に追加。,能力差ありは独立ID、外見差のみFormId,最終種族ID／FormId表と照合し、戦闘終了後の技復帰をテスト
585,シキジカ,winter,ふゆのすがた,恒常・条件フォーム,no,no,conditional,タイプ・能力・設定が変わる恒常フォームは独立レベル技を許可。共通技は基礎種から継承し、フォーム固有STABを進化時／Lv1に追加。,能力差ありは独立ID、外見差のみFormId,最終種族ID／FormId表と照合し、戦闘終了後の技復帰をテスト
586,メブキジカ,summer,なつのすがた,恒常・条件フォーム,no,no,conditional,タイプ・能力・設定が変わる恒常フォームは独立レベル技を許可。共通技は基礎種から継承し、フォーム固有STABを進化時／Lv1に追加。,能力差ありは独立ID、外見差のみFormId,最終種族ID／FormId表と照合し、戦闘終了後の技復帰をテスト
586,メブキジカ,autumn,あきのすがた,恒常・条件フォーム,no,no,conditional,タイプ・能力・設定が変わる恒常フォームは独立レベル技を許可。共通技は基礎種から継承し、フォーム固有STABを進化時／Lv1に追加。,能力差ありは独立ID、外見差のみFormId,最終種族ID／FormId表と照合し、戦闘終了後の技復帰をテスト
586,メブキジカ,winter,ふゆのすがた,恒常・条件フォーム,no,no,conditional,タイプ・能力・設定が変わる恒常フォームは独立レベル技を許可。共通技は基礎種から継承し、フォーム固有STABを進化時／Lv1に追加。,能力差ありは独立ID、外見差のみFormId,最終種族ID／FormId表と照合し、戦闘終了後の技復帰をテスト
592,プルリル,female,メスのすがた,性別差分,no,no,conditional,基礎種共有を原則とし、タイプまたは戦闘役割が変わる場合のみフォーム専用技を1～2個追加。,基礎種ID＋性別フラグ,最終種族ID／FormId表と照合し、戦闘終了後の技復帰をテスト
593,ブルンゲル,female,メスのすがた,性別差分,no,no,conditional,基礎種共有を原則とし、タイプまたは戦闘役割が変わる場合のみフォーム専用技を1～2個追加。,基礎種ID＋性別フラグ,最終種族ID／FormId表と照合し、戦闘終了後の技復帰をテスト
649,ゲノセクト,douse,アクアカセット,恒常・条件フォーム,no,no,conditional,タイプ・能力・設定が変わる恒常フォームは独立レベル技を許可。共通技は基礎種から継承し、フォーム固有STABを進化時／Lv1に追加。,能力差ありは独立ID、外見差のみFormId,最終種族ID／FormId表と照合し、戦闘終了後の技復帰をテスト
649,ゲノセクト,shock,イナズマカセット,恒常・条件フォーム,no,no,conditional,タイプ・能力・設定が変わる恒常フォームは独立レベル技を許可。共通技は基礎種から継承し、フォーム固有STABを進化時／Lv1に追加。,能力差ありは独立ID、外見差のみFormId,最終種族ID／FormId表と照合し、戦闘終了後の技復帰をテスト
649,ゲノセクト,burn,ブレイズカセット,恒常・条件フォーム,no,no,conditional,タイプ・能力・設定が変わる恒常フォームは独立レベル技を許可。共通技は基礎種から継承し、フォーム固有STABを進化時／Lv1に追加。,能力差ありは独立ID、外見差のみFormId,最終種族ID／FormId表と照合し、戦闘終了後の技復帰をテスト
649,ゲノセクト,chill,フリーズカセット,恒常・条件フォーム,no,no,conditional,タイプ・能力・設定が変わる恒常フォームは独立レベル技を許可。共通技は基礎種から継承し、フォーム固有STABを進化時／Lv1に追加。,能力差ありは独立ID、外見差のみFormId,最終種族ID／FormId表と照合し、戦闘終了後の技復帰をテスト
664,コフキムシ,polar,識別名：polar,恒常・条件フォーム,no,no,conditional,タイプ・能力・設定が変わる恒常フォームは独立レベル技を許可。共通技は基礎種から継承し、フォーム固有STABを進化時／Lv1に追加。,能力差ありは独立ID、外見差のみFormId,最終種族ID／FormId表と照合し、戦闘終了後の技復帰をテスト
664,コフキムシ,tundra,識別名：tundra,恒常・条件フォーム,no,no,conditional,タイプ・能力・設定が変わる恒常フォームは独立レベル技を許可。共通技は基礎種から継承し、フォーム固有STABを進化時／Lv1に追加。,能力差ありは独立ID、外見差のみFormId,最終種族ID／FormId表と照合し、戦闘終了後の技復帰をテスト
664,コフキムシ,continental,識別名：continental,恒常・条件フォーム,no,no,conditional,タイプ・能力・設定が変わる恒常フォームは独立レベル技を許可。共通技は基礎種から継承し、フォーム固有STABを進化時／Lv1に追加。,能力差ありは独立ID、外見差のみFormId,最終種族ID／FormId表と照合し、戦闘終了後の技復帰をテスト
664,コフキムシ,garden,識別名：garden,恒常・条件フォーム,no,no,conditional,タイプ・能力・設定が変わる恒常フォームは独立レベル技を許可。共通技は基礎種から継承し、フォーム固有STABを進化時／Lv1に追加。,能力差ありは独立ID、外見差のみFormId,最終種族ID／FormId表と照合し、戦闘終了後の技復帰をテスト
664,コフキムシ,elegant,識別名：elegant,恒常・条件フォーム,no,no,conditional,タイプ・能力・設定が変わる恒常フォームは独立レベル技を許可。共通技は基礎種から継承し、フォーム固有STABを進化時／Lv1に追加。,能力差ありは独立ID、外見差のみFormId,最終種族ID／FormId表と照合し、戦闘終了後の技復帰をテスト
664,コフキムシ,meadow,識別名：meadow,恒常・条件フォーム,no,no,conditional,タイプ・能力・設定が変わる恒常フォームは独立レベル技を許可。共通技は基礎種から継承し、フォーム固有STABを進化時／Lv1に追加。,能力差ありは独立ID、外見差のみFormId,最終種族ID／FormId表と照合し、戦闘終了後の技復帰をテスト
664,コフキムシ,modern,識別名：modern,恒常・条件フォーム,no,no,conditional,タイプ・能力・設定が変わる恒常フォームは独立レベル技を許可。共通技は基礎種から継承し、フォーム固有STABを進化時／Lv1に追加。,能力差ありは独立ID、外見差のみFormId,最終種族ID／FormId表と照合し、戦闘終了後の技復帰をテスト
664,コフキムシ,marine,識別名：marine,恒常・条件フォーム,no,no,conditional,タイプ・能力・設定が変わる恒常フォームは独立レベル技を許可。共通技は基礎種から継承し、フォーム固有STABを進化時／Lv1に追加。,能力差ありは独立ID、外見差のみFormId,最終種族ID／FormId表と照合し、戦闘終了後の技復帰をテスト
664,コフキムシ,archipelago,識別名：archipelago,恒常・条件フォーム,no,no,conditional,タイプ・能力・設定が変わる恒常フォームは独立レベル技を許可。共通技は基礎種から継承し、フォーム固有STABを進化時／Lv1に追加。,能力差ありは独立ID、外見差のみFormId,最終種族ID／FormId表と照合し、戦闘終了後の技復帰をテスト
664,コフキムシ,high-plains,識別名：high-plains,恒常・条件フォーム,no,no,conditional,タイプ・能力・設定が変わる恒常フォームは独立レベル技を許可。共通技は基礎種から継承し、フォーム固有STABを進化時／Lv1に追加。,能力差ありは独立ID、外見差のみFormId,最終種族ID／FormId表と照合し、戦闘終了後の技復帰をテスト
664,コフキムシ,sandstorm,識別名：sandstorm,恒常・条件フォーム,no,no,conditional,タイプ・能力・設定が変わる恒常フォームは独立レベル技を許可。共通技は基礎種から継承し、フォーム固有STABを進化時／Lv1に追加。,能力差ありは独立ID、外見差のみFormId,最終種族ID／FormId表と照合し、戦闘終了後の技復帰をテスト
664,コフキムシ,river,識別名：river,恒常・条件フォーム,no,no,conditional,タイプ・能力・設定が変わる恒常フォームは独立レベル技を許可。共通技は基礎種から継承し、フォーム固有STABを進化時／Lv1に追加。,能力差ありは独立ID、外見差のみFormId,最終種族ID／FormId表と照合し、戦闘終了後の技復帰をテスト
664,コフキムシ,monsoon,識別名：monsoon,恒常・条件フォーム,no,no,conditional,タイプ・能力・設定が変わる恒常フォームは独立レベル技を許可。共通技は基礎種から継承し、フォーム固有STABを進化時／Lv1に追加。,能力差ありは独立ID、外見差のみFormId,最終種族ID／FormId表と照合し、戦闘終了後の技復帰をテスト
664,コフキムシ,savanna,識別名：savanna,恒常・条件フォーム,no,no,conditional,タイプ・能力・設定が変わる恒常フォームは独立レベル技を許可。共通技は基礎種から継承し、フォーム固有STABを進化時／Lv1に追加。,能力差ありは独立ID、外見差のみFormId,最終種族ID／FormId表と照合し、戦闘終了後の技復帰をテスト
664,コフキムシ,sun,識別名：sun,恒常・条件フォーム,no,no,conditional,タイプ・能力・設定が変わる恒常フォームは独立レベル技を許可。共通技は基礎種から継承し、フォーム固有STABを進化時／Lv1に追加。,能力差ありは独立ID、外見差のみFormId,最終種族ID／FormId表と照合し、戦闘終了後の技復帰をテスト
664,コフキムシ,ocean,識別名：ocean,恒常・条件フォーム,no,no,conditional,タイプ・能力・設定が変わる恒常フォームは独立レベル技を許可。共通技は基礎種から継承し、フォーム固有STABを進化時／Lv1に追加。,能力差ありは独立ID、外見差のみFormId,最終種族ID／FormId表と照合し、戦闘終了後の技復帰をテスト
664,コフキムシ,jungle,識別名：jungle,恒常・条件フォーム,no,no,conditional,タイプ・能力・設定が変わる恒常フォームは独立レベル技を許可。共通技は基礎種から継承し、フォーム固有STABを進化時／Lv1に追加。,能力差ありは独立ID、外見差のみFormId,最終種族ID／FormId表と照合し、戦闘終了後の技復帰をテスト
664,コフキムシ,fancy,識別名：fancy,恒常・条件フォーム,no,no,conditional,タイプ・能力・設定が変わる恒常フォームは独立レベル技を許可。共通技は基礎種から継承し、フォーム固有STABを進化時／Lv1に追加。,能力差ありは独立ID、外見差のみFormId,最終種族ID／FormId表と照合し、戦闘終了後の技復帰をテスト
664,コフキムシ,poke-ball,識別名：poke-ball,恒常・条件フォーム,no,no,conditional,タイプ・能力・設定が変わる恒常フォームは独立レベル技を許可。共通技は基礎種から継承し、フォーム固有STABを進化時／Lv1に追加。,能力差ありは独立ID、外見差のみFormId,最終種族ID／FormId表と照合し、戦闘終了後の技復帰をテスト
665,コフーライ,polar,識別名：polar,恒常・条件フォーム,no,no,conditional,タイプ・能力・設定が変わる恒常フォームは独立レベル技を許可。共通技は基礎種から継承し、フォーム固有STABを進化時／Lv1に追加。,能力差ありは独立ID、外見差のみFormId,最終種族ID／FormId表と照合し、戦闘終了後の技復帰をテスト
665,コフーライ,tundra,識別名：tundra,恒常・条件フォーム,no,no,conditional,タイプ・能力・設定が変わる恒常フォームは独立レベル技を許可。共通技は基礎種から継承し、フォーム固有STABを進化時／Lv1に追加。,能力差ありは独立ID、外見差のみFormId,最終種族ID／FormId表と照合し、戦闘終了後の技復帰をテスト
665,コフーライ,continental,識別名：continental,恒常・条件フォーム,no,no,conditional,タイプ・能力・設定が変わる恒常フォームは独立レベル技を許可。共通技は基礎種から継承し、フォーム固有STABを進化時／Lv1に追加。,能力差ありは独立ID、外見差のみFormId,最終種族ID／FormId表と照合し、戦闘終了後の技復帰をテスト
665,コフーライ,garden,識別名：garden,恒常・条件フォーム,no,no,conditional,タイプ・能力・設定が変わる恒常フォームは独立レベル技を許可。共通技は基礎種から継承し、フォーム固有STABを進化時／Lv1に追加。,能力差ありは独立ID、外見差のみFormId,最終種族ID／FormId表と照合し、戦闘終了後の技復帰をテスト
665,コフーライ,elegant,識別名：elegant,恒常・条件フォーム,no,no,conditional,タイプ・能力・設定が変わる恒常フォームは独立レベル技を許可。共通技は基礎種から継承し、フォーム固有STABを進化時／Lv1に追加。,能力差ありは独立ID、外見差のみFormId,最終種族ID／FormId表と照合し、戦闘終了後の技復帰をテスト
665,コフーライ,meadow,識別名：meadow,恒常・条件フォーム,no,no,conditional,タイプ・能力・設定が変わる恒常フォームは独立レベル技を許可。共通技は基礎種から継承し、フォーム固有STABを進化時／Lv1に追加。,能力差ありは独立ID、外見差のみFormId,最終種族ID／FormId表と照合し、戦闘終了後の技復帰をテスト
665,コフーライ,modern,識別名：modern,恒常・条件フォーム,no,no,conditional,タイプ・能力・設定が変わる恒常フォームは独立レベル技を許可。共通技は基礎種から継承し、フォーム固有STABを進化時／Lv1に追加。,能力差ありは独立ID、外見差のみFormId,最終種族ID／FormId表と照合し、戦闘終了後の技復帰をテスト
665,コフーライ,marine,識別名：marine,恒常・条件フォーム,no,no,conditional,タイプ・能力・設定が変わる恒常フォームは独立レベル技を許可。共通技は基礎種から継承し、フォーム固有STABを進化時／Lv1に追加。,能力差ありは独立ID、外見差のみFormId,最終種族ID／FormId表と照合し、戦闘終了後の技復帰をテスト
665,コフーライ,archipelago,識別名：archipelago,恒常・条件フォーム,no,no,conditional,タイプ・能力・設定が変わる恒常フォームは独立レベル技を許可。共通技は基礎種から継承し、フォーム固有STABを進化時／Lv1に追加。,能力差ありは独立ID、外見差のみFormId,最終種族ID／FormId表と照合し、戦闘終了後の技復帰をテスト
665,コフーライ,high-plains,識別名：high-plains,恒常・条件フォーム,no,no,conditional,タイプ・能力・設定が変わる恒常フォームは独立レベル技を許可。共通技は基礎種から継承し、フォーム固有STABを進化時／Lv1に追加。,能力差ありは独立ID、外見差のみFormId,最終種族ID／FormId表と照合し、戦闘終了後の技復帰をテスト
665,コフーライ,sandstorm,識別名：sandstorm,恒常・条件フォーム,no,no,conditional,タイプ・能力・設定が変わる恒常フォームは独立レベル技を許可。共通技は基礎種から継承し、フォーム固有STABを進化時／Lv1に追加。,能力差ありは独立ID、外見差のみFormId,最終種族ID／FormId表と照合し、戦闘終了後の技復帰をテスト
665,コフーライ,river,識別名：river,恒常・条件フォーム,no,no,conditional,タイプ・能力・設定が変わる恒常フォームは独立レベル技を許可。共通技は基礎種から継承し、フォーム固有STABを進化時／Lv1に追加。,能力差ありは独立ID、外見差のみFormId,最終種族ID／FormId表と照合し、戦闘終了後の技復帰をテスト
665,コフーライ,monsoon,識別名：monsoon,恒常・条件フォーム,no,no,conditional,タイプ・能力・設定が変わる恒常フォームは独立レベル技を許可。共通技は基礎種から継承し、フォーム固有STABを進化時／Lv1に追加。,能力差ありは独立ID、外見差のみFormId,最終種族ID／FormId表と照合し、戦闘終了後の技復帰をテスト
665,コフーライ,savanna,識別名：savanna,恒常・条件フォーム,no,no,conditional,タイプ・能力・設定が変わる恒常フォームは独立レベル技を許可。共通技は基礎種から継承し、フォーム固有STABを進化時／Lv1に追加。,能力差ありは独立ID、外見差のみFormId,最終種族ID／FormId表と照合し、戦闘終了後の技復帰をテスト
665,コフーライ,sun,識別名：sun,恒常・条件フォーム,no,no,conditional,タイプ・能力・設定が変わる恒常フォームは独立レベル技を許可。共通技は基礎種から継承し、フォーム固有STABを進化時／Lv1に追加。,能力差ありは独立ID、外見差のみFormId,最終種族ID／FormId表と照合し、戦闘終了後の技復帰をテスト
665,コフーライ,ocean,識別名：ocean,恒常・条件フォーム,no,no,conditional,タイプ・能力・設定が変わる恒常フォームは独立レベル技を許可。共通技は基礎種から継承し、フォーム固有STABを進化時／Lv1に追加。,能力差ありは独立ID、外見差のみFormId,最終種族ID／FormId表と照合し、戦闘終了後の技復帰をテスト
665,コフーライ,jungle,識別名：jungle,恒常・条件フォーム,no,no,conditional,タイプ・能力・設定が変わる恒常フォームは独立レベル技を許可。共通技は基礎種から継承し、フォーム固有STABを進化時／Lv1に追加。,能力差ありは独立ID、外見差のみFormId,最終種族ID／FormId表と照合し、戦闘終了後の技復帰をテスト
665,コフーライ,fancy,識別名：fancy,恒常・条件フォーム,no,no,conditional,タイプ・能力・設定が変わる恒常フォームは独立レベル技を許可。共通技は基礎種から継承し、フォーム固有STABを進化時／Lv1に追加。,能力差ありは独立ID、外見差のみFormId,最終種族ID／FormId表と照合し、戦闘終了後の技復帰をテスト
665,コフーライ,poke-ball,識別名：poke-ball,恒常・条件フォーム,no,no,conditional,タイプ・能力・設定が変わる恒常フォームは独立レベル技を許可。共通技は基礎種から継承し、フォーム固有STABを進化時／Lv1に追加。,能力差ありは独立ID、外見差のみFormId,最終種族ID／FormId表と照合し、戦闘終了後の技復帰をテスト
666,ビビヨン,icy-snow,ひょうせつのもよう,模様・外見差分,no,no,no,外見差のみのため基礎種と完全共有。技表を増やさない。,基礎種ID＋FormId,最終種族ID／FormId表と照合し、戦闘終了後の技復帰をテスト
666,ビビヨン,polar,ゆきぐにのもよう,模様・外見差分,no,no,no,外見差のみのため基礎種と完全共有。技表を増やさない。,基礎種ID＋FormId,最終種族ID／FormId表と照合し、戦闘終了後の技復帰をテスト
666,ビビヨン,tundra,せつげんのもよう,模様・外見差分,no,no,no,外見差のみのため基礎種と完全共有。技表を増やさない。,基礎種ID＋FormId,最終種族ID／FormId表と照合し、戦闘終了後の技復帰をテスト
666,ビビヨン,continental,たいりくのもよう,模様・外見差分,no,no,no,外見差のみのため基礎種と完全共有。技表を増やさない。,基礎種ID＋FormId,最終種族ID／FormId表と照合し、戦闘終了後の技復帰をテスト
666,ビビヨン,garden,ていえんのもよう,模様・外見差分,no,no,no,外見差のみのため基礎種と完全共有。技表を増やさない。,基礎種ID＋FormId,最終種族ID／FormId表と照合し、戦闘終了後の技復帰をテスト
666,ビビヨン,elegant,みやびなもよう,模様・外見差分,no,no,no,外見差のみのため基礎種と完全共有。技表を増やさない。,基礎種ID＋FormId,最終種族ID／FormId表と照合し、戦闘終了後の技復帰をテスト
666,ビビヨン,modern,モダンなもよう,模様・外見差分,no,no,no,外見差のみのため基礎種と完全共有。技表を増やさない。,基礎種ID＋FormId,最終種族ID／FormId表と照合し、戦闘終了後の技復帰をテスト
666,ビビヨン,marine,マリンのもよう,模様・外見差分,no,no,no,外見差のみのため基礎種と完全共有。技表を増やさない。,基礎種ID＋FormId,最終種族ID／FormId表と照合し、戦闘終了後の技復帰をテスト
666,ビビヨン,archipelago,ぐんとうのもよう,模様・外見差分,no,no,no,外見差のみのため基礎種と完全共有。技表を増やさない。,基礎種ID＋FormId,最終種族ID／FormId表と照合し、戦闘終了後の技復帰をテスト
666,ビビヨン,high-plains,こうやのもよう,模様・外見差分,no,no,no,外見差のみのため基礎種と完全共有。技表を増やさない。,基礎種ID＋FormId,最終種族ID／FormId表と照合し、戦闘終了後の技復帰をテスト
666,ビビヨン,sandstorm,さじんのもよう,模様・外見差分,no,no,no,外見差のみのため基礎種と完全共有。技表を増やさない。,基礎種ID＋FormId,最終種族ID／FormId表と照合し、戦闘終了後の技復帰をテスト
666,ビビヨン,river,たいがのもよう,模様・外見差分,no,no,no,外見差のみのため基礎種と完全共有。技表を増やさない。,基礎種ID＋FormId,最終種族ID／FormId表と照合し、戦闘終了後の技復帰をテスト
666,ビビヨン,monsoon,スコールのもよう,模様・外見差分,no,no,no,外見差のみのため基礎種と完全共有。技表を増やさない。,基礎種ID＋FormId,最終種族ID／FormId表と照合し、戦闘終了後の技復帰をテスト
666,ビビヨン,savanna,サバンナのもよう,模様・外見差分,no,no,no,外見差のみのため基礎種と完全共有。技表を増やさない。,基礎種ID＋FormId,最終種族ID／FormId表と照合し、戦闘終了後の技復帰をテスト
666,ビビヨン,sun,たいようのもよう,模様・外見差分,no,no,no,外見差のみのため基礎種と完全共有。技表を増やさない。,基礎種ID＋FormId,最終種族ID／FormId表と照合し、戦闘終了後の技復帰をテスト
666,ビビヨン,ocean,オーシャンのもよう,模様・外見差分,no,no,no,外見差のみのため基礎種と完全共有。技表を増やさない。,基礎種ID＋FormId,最終種族ID／FormId表と照合し、戦闘終了後の技復帰をテスト
666,ビビヨン,jungle,ジャングルのもよう,模様・外見差分,no,no,no,外見差のみのため基礎種と完全共有。技表を増やさない。,基礎種ID＋FormId,最終種族ID／FormId表と照合し、戦闘終了後の技復帰をテスト
666,ビビヨン,fancy,ファンシーなもよう,模様・外見差分,no,no,no,外見差のみのため基礎種と完全共有。技表を増やさない。,基礎種ID＋FormId,最終種族ID／FormId表と照合し、戦闘終了後の技復帰をテスト
666,ビビヨン,poke-ball,ボールのもよう,模様・外見差分,no,no,no,外見差のみのため基礎種と完全共有。技表を増やさない。,基礎種ID＋FormId,最終種族ID／FormId表と照合し、戦闘終了後の技復帰をテスト
668,カエンジシ,female,メスのすがた,性別差分,no,no,conditional,基礎種共有を原則とし、タイプまたは戦闘役割が変わる場合のみフォーム専用技を1～2個追加。,基礎種ID＋性別フラグ,最終種族ID／FormId表と照合し、戦闘終了後の技復帰をテスト
669,フラベベ,yellow,きいろのはな,恒常・条件フォーム,no,no,conditional,タイプ・能力・設定が変わる恒常フォームは独立レベル技を許可。共通技は基礎種から継承し、フォーム固有STABを進化時／Lv1に追加。,能力差ありは独立ID、外見差のみFormId,最終種族ID／FormId表と照合し、戦闘終了後の技復帰をテスト
669,フラベベ,orange,オレンジいろのはな,恒常・条件フォーム,no,no,conditional,タイプ・能力・設定が変わる恒常フォームは独立レベル技を許可。共通技は基礎種から継承し、フォーム固有STABを進化時／Lv1に追加。,能力差ありは独立ID、外見差のみFormId,最終種族ID／FormId表と照合し、戦闘終了後の技復帰をテスト
669,フラベベ,blue,あおいはな,恒常・条件フォーム,no,no,conditional,タイプ・能力・設定が変わる恒常フォームは独立レベル技を許可。共通技は基礎種から継承し、フォーム固有STABを進化時／Lv1に追加。,能力差ありは独立ID、外見差のみFormId,最終種族ID／FormId表と照合し、戦闘終了後の技復帰をテスト
669,フラベベ,white,しろいはな,恒常・条件フォーム,no,no,conditional,タイプ・能力・設定が変わる恒常フォームは独立レベル技を許可。共通技は基礎種から継承し、フォーム固有STABを進化時／Lv1に追加。,能力差ありは独立ID、外見差のみFormId,最終種族ID／FormId表と照合し、戦闘終了後の技復帰をテスト
670,フラエッテ,yellow,きいろのはな,恒常・条件フォーム,no,no,conditional,タイプ・能力・設定が変わる恒常フォームは独立レベル技を許可。共通技は基礎種から継承し、フォーム固有STABを進化時／Lv1に追加。,能力差ありは独立ID、外見差のみFormId,最終種族ID／FormId表と照合し、戦闘終了後の技復帰をテスト
670,フラエッテ,orange,オレンジいろのはな,恒常・条件フォーム,no,no,conditional,タイプ・能力・設定が変わる恒常フォームは独立レベル技を許可。共通技は基礎種から継承し、フォーム固有STABを進化時／Lv1に追加。,能力差ありは独立ID、外見差のみFormId,最終種族ID／FormId表と照合し、戦闘終了後の技復帰をテスト
670,フラエッテ,blue,あおいはな,恒常・条件フォーム,no,no,conditional,タイプ・能力・設定が変わる恒常フォームは独立レベル技を許可。共通技は基礎種から継承し、フォーム固有STABを進化時／Lv1に追加。,能力差ありは独立ID、外見差のみFormId,最終種族ID／FormId表と照合し、戦闘終了後の技復帰をテスト
670,フラエッテ,white,しろいはな,恒常・条件フォーム,no,no,conditional,タイプ・能力・設定が変わる恒常フォームは独立レベル技を許可。共通技は基礎種から継承し、フォーム固有STABを進化時／Lv1に追加。,能力差ありは独立ID、外見差のみFormId,最終種族ID／FormId表と照合し、戦闘終了後の技復帰をテスト
671,フラージェス,yellow,きいろのはな,恒常・条件フォーム,no,no,conditional,タイプ・能力・設定が変わる恒常フォームは独立レベル技を許可。共通技は基礎種から継承し、フォーム固有STABを進化時／Lv1に追加。,能力差ありは独立ID、外見差のみFormId,最終種族ID／FormId表と照合し、戦闘終了後の技復帰をテスト
671,フラージェス,orange,オレンジいろのはな,恒常・条件フォーム,no,no,conditional,タイプ・能力・設定が変わる恒常フォームは独立レベル技を許可。共通技は基礎種から継承し、フォーム固有STABを進化時／Lv1に追加。,能力差ありは独立ID、外見差のみFormId,最終種族ID／FormId表と照合し、戦闘終了後の技復帰をテスト
671,フラージェス,blue,あおいはな,恒常・条件フォーム,no,no,conditional,タイプ・能力・設定が変わる恒常フォームは独立レベル技を許可。共通技は基礎種から継承し、フォーム固有STABを進化時／Lv1に追加。,能力差ありは独立ID、外見差のみFormId,最終種族ID／FormId表と照合し、戦闘終了後の技復帰をテスト
671,フラージェス,white,しろいはな,恒常・条件フォーム,no,no,conditional,タイプ・能力・設定が変わる恒常フォームは独立レベル技を許可。共通技は基礎種から継承し、フォーム固有STABを進化時／Lv1に追加。,能力差ありは独立ID、外見差のみFormId,最終種族ID／FormId表と照合し、戦闘終了後の技復帰をテスト
676,トリミアン,heart,ハートカット,恒常・条件フォーム,no,no,conditional,タイプ・能力・設定が変わる恒常フォームは独立レベル技を許可。共通技は基礎種から継承し、フォーム固有STABを進化時／Lv1に追加。,能力差ありは独立ID、外見差のみFormId,最終種族ID／FormId表と照合し、戦闘終了後の技復帰をテスト
676,トリミアン,star,スターカット,恒常・条件フォーム,no,no,conditional,タイプ・能力・設定が変わる恒常フォームは独立レベル技を許可。共通技は基礎種から継承し、フォーム固有STABを進化時／Lv1に追加。,能力差ありは独立ID、外見差のみFormId,最終種族ID／FormId表と照合し、戦闘終了後の技復帰をテスト
676,トリミアン,diamond,ダイヤカット,恒常・条件フォーム,no,no,conditional,タイプ・能力・設定が変わる恒常フォームは独立レベル技を許可。共通技は基礎種から継承し、フォーム固有STABを進化時／Lv1に追加。,能力差ありは独立ID、外見差のみFormId,最終種族ID／FormId表と照合し、戦闘終了後の技復帰をテスト
676,トリミアン,debutante,レディカット,恒常・条件フォーム,no,no,conditional,タイプ・能力・設定が変わる恒常フォームは独立レベル技を許可。共通技は基礎種から継承し、フォーム固有STABを進化時／Lv1に追加。,能力差ありは独立ID、外見差のみFormId,最終種族ID／FormId表と照合し、戦闘終了後の技復帰をテスト
676,トリミアン,matron,マダムカット,恒常・条件フォーム,no,no,conditional,タイプ・能力・設定が変わる恒常フォームは独立レベル技を許可。共通技は基礎種から継承し、フォーム固有STABを進化時／Lv1に追加。,能力差ありは独立ID、外見差のみFormId,最終種族ID／FormId表と照合し、戦闘終了後の技復帰をテスト
676,トリミアン,dandy,ジェントルカット,恒常・条件フォーム,no,no,conditional,タイプ・能力・設定が変わる恒常フォームは独立レベル技を許可。共通技は基礎種から継承し、フォーム固有STABを進化時／Lv1に追加。,能力差ありは独立ID、外見差のみFormId,最終種族ID／FormId表と照合し、戦闘終了後の技復帰をテスト
676,トリミアン,la-reine,クイーンカット,恒常・条件フォーム,no,no,conditional,タイプ・能力・設定が変わる恒常フォームは独立レベル技を許可。共通技は基礎種から継承し、フォーム固有STABを進化時／Lv1に追加。,能力差ありは独立ID、外見差のみFormId,最終種族ID／FormId表と照合し、戦闘終了後の技復帰をテスト
676,トリミアン,kabuki,カブキカット,恒常・条件フォーム,no,no,conditional,タイプ・能力・設定が変わる恒常フォームは独立レベル技を許可。共通技は基礎種から継承し、フォーム固有STABを進化時／Lv1に追加。,能力差ありは独立ID、外見差のみFormId,最終種族ID／FormId表と照合し、戦闘終了後の技復帰をテスト
676,トリミアン,pharaoh,キングダムカット,恒常・条件フォーム,no,no,conditional,タイプ・能力・設定が変わる恒常フォームは独立レベル技を許可。共通技は基礎種から継承し、フォーム固有STABを進化時／Lv1に追加。,能力差ありは独立ID、外見差のみFormId,最終種族ID／FormId表と照合し、戦闘終了後の技復帰をテスト
716,ゼルネアス,active,アクティブモード,戦闘中フォーム,yes,no,no,基礎種のレベル技・TM・教え技を完全共有。フォーム専用技は変身トリガーまたは戦闘開始時に一時付与し、保存しない。,独立内部ID（戦闘専用）,最終種族ID／FormId表と照合し、戦闘終了後の技復帰をテスト
773,シルヴァディ,fighting,タイプ：ファイト,恒常・条件フォーム,no,no,conditional,タイプ・能力・設定が変わる恒常フォームは独立レベル技を許可。共通技は基礎種から継承し、フォーム固有STABを進化時／Lv1に追加。,能力差ありは独立ID、外見差のみFormId,最終種族ID／FormId表と照合し、戦闘終了後の技復帰をテスト
773,シルヴァディ,flying,タイプ：フライング,恒常・条件フォーム,no,no,conditional,タイプ・能力・設定が変わる恒常フォームは独立レベル技を許可。共通技は基礎種から継承し、フォーム固有STABを進化時／Lv1に追加。,能力差ありは独立ID、外見差のみFormId,最終種族ID／FormId表と照合し、戦闘終了後の技復帰をテスト
773,シルヴァディ,poison,タイプ：ポイズン,恒常・条件フォーム,no,no,conditional,タイプ・能力・設定が変わる恒常フォームは独立レベル技を許可。共通技は基礎種から継承し、フォーム固有STABを進化時／Lv1に追加。,能力差ありは独立ID、外見差のみFormId,最終種族ID／FormId表と照合し、戦闘終了後の技復帰をテスト
773,シルヴァディ,ground,タイプ：グラウンド,恒常・条件フォーム,no,no,conditional,タイプ・能力・設定が変わる恒常フォームは独立レベル技を許可。共通技は基礎種から継承し、フォーム固有STABを進化時／Lv1に追加。,能力差ありは独立ID、外見差のみFormId,最終種族ID／FormId表と照合し、戦闘終了後の技復帰をテスト
773,シルヴァディ,rock,タイプ：ロック,恒常・条件フォーム,no,no,conditional,タイプ・能力・設定が変わる恒常フォームは独立レベル技を許可。共通技は基礎種から継承し、フォーム固有STABを進化時／Lv1に追加。,能力差ありは独立ID、外見差のみFormId,最終種族ID／FormId表と照合し、戦闘終了後の技復帰をテスト
773,シルヴァディ,bug,タイプ：バグ,恒常・条件フォーム,no,no,conditional,タイプ・能力・設定が変わる恒常フォームは独立レベル技を許可。共通技は基礎種から継承し、フォーム固有STABを進化時／Lv1に追加。,能力差ありは独立ID、外見差のみFormId,最終種族ID／FormId表と照合し、戦闘終了後の技復帰をテスト
773,シルヴァディ,ghost,タイプ：ゴースト,恒常・条件フォーム,no,no,conditional,タイプ・能力・設定が変わる恒常フォームは独立レベル技を許可。共通技は基礎種から継承し、フォーム固有STABを進化時／Lv1に追加。,能力差ありは独立ID、外見差のみFormId,最終種族ID／FormId表と照合し、戦闘終了後の技復帰をテスト
773,シルヴァディ,steel,タイプ：スチール,恒常・条件フォーム,no,no,conditional,タイプ・能力・設定が変わる恒常フォームは独立レベル技を許可。共通技は基礎種から継承し、フォーム固有STABを進化時／Lv1に追加。,能力差ありは独立ID、外見差のみFormId,最終種族ID／FormId表と照合し、戦闘終了後の技復帰をテスト
773,シルヴァディ,fire,タイプ：ファイヤー,恒常・条件フォーム,no,no,conditional,タイプ・能力・設定が変わる恒常フォームは独立レベル技を許可。共通技は基礎種から継承し、フォーム固有STABを進化時／Lv1に追加。,能力差ありは独立ID、外見差のみFormId,最終種族ID／FormId表と照合し、戦闘終了後の技復帰をテスト
773,シルヴァディ,water,タイプ：ウオーター,恒常・条件フォーム,no,no,conditional,タイプ・能力・設定が変わる恒常フォームは独立レベル技を許可。共通技は基礎種から継承し、フォーム固有STABを進化時／Lv1に追加。,能力差ありは独立ID、外見差のみFormId,最終種族ID／FormId表と照合し、戦闘終了後の技復帰をテスト
773,シルヴァディ,grass,タイプ：グラス,恒常・条件フォーム,no,no,conditional,タイプ・能力・設定が変わる恒常フォームは独立レベル技を許可。共通技は基礎種から継承し、フォーム固有STABを進化時／Lv1に追加。,能力差ありは独立ID、外見差のみFormId,最終種族ID／FormId表と照合し、戦闘終了後の技復帰をテスト
773,シルヴァディ,electric,タイプ：エレクトロ,恒常・条件フォーム,no,no,conditional,タイプ・能力・設定が変わる恒常フォームは独立レベル技を許可。共通技は基礎種から継承し、フォーム固有STABを進化時／Lv1に追加。,能力差ありは独立ID、外見差のみFormId,最終種族ID／FormId表と照合し、戦闘終了後の技復帰をテスト
773,シルヴァディ,psychic,タイプ：サイキック,恒常・条件フォーム,no,no,conditional,タイプ・能力・設定が変わる恒常フォームは独立レベル技を許可。共通技は基礎種から継承し、フォーム固有STABを進化時／Lv1に追加。,能力差ありは独立ID、外見差のみFormId,最終種族ID／FormId表と照合し、戦闘終了後の技復帰をテスト
773,シルヴァディ,ice,タイプ：アイス,恒常・条件フォーム,no,no,conditional,タイプ・能力・設定が変わる恒常フォームは独立レベル技を許可。共通技は基礎種から継承し、フォーム固有STABを進化時／Lv1に追加。,能力差ありは独立ID、外見差のみFormId,最終種族ID／FormId表と照合し、戦闘終了後の技復帰をテスト
773,シルヴァディ,dragon,タイプ：ドラゴン,恒常・条件フォーム,no,no,conditional,タイプ・能力・設定が変わる恒常フォームは独立レベル技を許可。共通技は基礎種から継承し、フォーム固有STABを進化時／Lv1に追加。,能力差ありは独立ID、外見差のみFormId,最終種族ID／FormId表と照合し、戦闘終了後の技復帰をテスト
773,シルヴァディ,dark,タイプ：ダーク,恒常・条件フォーム,no,no,conditional,タイプ・能力・設定が変わる恒常フォームは独立レベル技を許可。共通技は基礎種から継承し、フォーム固有STABを進化時／Lv1に追加。,能力差ありは独立ID、外見差のみFormId,最終種族ID／FormId表と照合し、戦闘終了後の技復帰をテスト
773,シルヴァディ,fairy,タイプ：フェアリー,恒常・条件フォーム,no,no,conditional,タイプ・能力・設定が変わる恒常フォームは独立レベル技を許可。共通技は基礎種から継承し、フォーム固有STABを進化時／Lv1に追加。,能力差ありは独立ID、外見差のみFormId,最終種族ID／FormId表と照合し、戦闘終了後の技復帰をテスト
854,ヤバチャ,antique,しんさくフォルム,恒常・条件フォーム,no,no,conditional,タイプ・能力・設定が変わる恒常フォームは独立レベル技を許可。共通技は基礎種から継承し、フォーム固有STABを進化時／Lv1に追加。,能力差ありは独立ID、外見差のみFormId,最終種族ID／FormId表と照合し、戦闘終了後の技復帰をテスト
855,ポットデス,antique,しんさくフォルム,恒常・条件フォーム,no,no,conditional,タイプ・能力・設定が変わる恒常フォームは独立レベル技を許可。共通技は基礎種から継承し、フォーム固有STABを進化時／Lv1に追加。,能力差ありは独立ID、外見差のみFormId,最終種族ID／FormId表と照合し、戦闘終了後の技復帰をテスト
869,マホイップ,ruby-cream-strawberry-sweet,ミルキィルビー,模様・外見差分,no,no,no,外見差のみのため基礎種と完全共有。技表を増やさない。,基礎種ID＋FormId,最終種族ID／FormId表と照合し、戦闘終了後の技復帰をテスト
869,マホイップ,matcha-cream-strawberry-sweet,ミルキィまっちゃ,模様・外見差分,no,no,no,外見差のみのため基礎種と完全共有。技表を増やさない。,基礎種ID＋FormId,最終種族ID／FormId表と照合し、戦闘終了後の技復帰をテスト
869,マホイップ,mint-cream-strawberry-sweet,ミルキィミント,模様・外見差分,no,no,no,外見差のみのため基礎種と完全共有。技表を増やさない。,基礎種ID＋FormId,最終種族ID／FormId表と照合し、戦闘終了後の技復帰をテスト
869,マホイップ,lemon-cream-strawberry-sweet,ミルキィレモン,模様・外見差分,no,no,no,外見差のみのため基礎種と完全共有。技表を増やさない。,基礎種ID＋FormId,最終種族ID／FormId表と照合し、戦闘終了後の技復帰をテスト
869,マホイップ,salted-cream-strawberry-sweet,ミルキィソルト,模様・外見差分,no,no,no,外見差のみのため基礎種と完全共有。技表を増やさない。,基礎種ID＋FormId,最終種族ID／FormId表と照合し、戦闘終了後の技復帰をテスト
869,マホイップ,ruby-swirl-strawberry-sweet,ルビーミックス,模様・外見差分,no,no,no,外見差のみのため基礎種と完全共有。技表を増やさない。,基礎種ID＋FormId,最終種族ID／FormId表と照合し、戦闘終了後の技復帰をテスト
869,マホイップ,caramel-swirl-strawberry-sweet,キャラメルミックス,模様・外見差分,no,no,no,外見差のみのため基礎種と完全共有。技表を増やさない。,基礎種ID＋FormId,最終種族ID／FormId表と照合し、戦闘終了後の技復帰をテスト
869,マホイップ,rainbow-swirl-strawberry-sweet,トリプルミックス,模様・外見差分,no,no,no,外見差のみのため基礎種と完全共有。技表を増やさない。,基礎種ID＋FormId,最終種族ID／FormId表と照合し、戦闘終了後の技復帰をテスト
869,マホイップ,vanilla-cream-berry-sweet,ミルキィバニラ／ベリーアメざい,模様・外見差分,no,no,no,外見差のみのため基礎種と完全共有。技表を増やさない。,基礎種ID＋FormId,最終種族ID／FormId表と照合し、戦闘終了後の技復帰をテスト
869,マホイップ,ruby-cream-berry-sweet,ミルキィルビー／ベリーアメざい,模様・外見差分,no,no,no,外見差のみのため基礎種と完全共有。技表を増やさない。,基礎種ID＋FormId,最終種族ID／FormId表と照合し、戦闘終了後の技復帰をテスト
869,マホイップ,matcha-cream-berry-sweet,ミルキィまっちゃ／ベリーアメざい,模様・外見差分,no,no,no,外見差のみのため基礎種と完全共有。技表を増やさない。,基礎種ID＋FormId,最終種族ID／FormId表と照合し、戦闘終了後の技復帰をテスト
869,マホイップ,mint-cream-berry-sweet,ミルキィミント／ベリーアメざい,模様・外見差分,no,no,no,外見差のみのため基礎種と完全共有。技表を増やさない。,基礎種ID＋FormId,最終種族ID／FormId表と照合し、戦闘終了後の技復帰をテスト
869,マホイップ,lemon-cream-berry-sweet,ミルキィレモン／ベリーアメざい,模様・外見差分,no,no,no,外見差のみのため基礎種と完全共有。技表を増やさない。,基礎種ID＋FormId,最終種族ID／FormId表と照合し、戦闘終了後の技復帰をテスト
869,マホイップ,salted-cream-berry-sweet,ミルキィソルト／ベリーアメざい,模様・外見差分,no,no,no,外見差のみのため基礎種と完全共有。技表を増やさない。,基礎種ID＋FormId,最終種族ID／FormId表と照合し、戦闘終了後の技復帰をテスト
869,マホイップ,ruby-swirl-berry-sweet,ルビーミックス／ベリーアメざい,模様・外見差分,no,no,no,外見差のみのため基礎種と完全共有。技表を増やさない。,基礎種ID＋FormId,最終種族ID／FormId表と照合し、戦闘終了後の技復帰をテスト
869,マホイップ,caramel-swirl-berry-sweet,キャラメルミックス／ベリーアメざい,模様・外見差分,no,no,no,外見差のみのため基礎種と完全共有。技表を増やさない。,基礎種ID＋FormId,最終種族ID／FormId表と照合し、戦闘終了後の技復帰をテスト
869,マホイップ,rainbow-swirl-berry-sweet,トリプルミックス／ベリーアメざい,模様・外見差分,no,no,no,外見差のみのため基礎種と完全共有。技表を増やさない。,基礎種ID＋FormId,最終種族ID／FormId表と照合し、戦闘終了後の技復帰をテスト
869,マホイップ,vanilla-cream-love-sweet,ミルキィバニラ／ハートアメざい,模様・外見差分,no,no,no,外見差のみのため基礎種と完全共有。技表を増やさない。,基礎種ID＋FormId,最終種族ID／FormId表と照合し、戦闘終了後の技復帰をテスト
869,マホイップ,ruby-cream-love-sweet,ミルキィルビー／ハートアメざい,模様・外見差分,no,no,no,外見差のみのため基礎種と完全共有。技表を増やさない。,基礎種ID＋FormId,最終種族ID／FormId表と照合し、戦闘終了後の技復帰をテスト
869,マホイップ,matcha-cream-love-sweet,ミルキィまっちゃ／ハートアメざい,模様・外見差分,no,no,no,外見差のみのため基礎種と完全共有。技表を増やさない。,基礎種ID＋FormId,最終種族ID／FormId表と照合し、戦闘終了後の技復帰をテスト
869,マホイップ,mint-cream-love-sweet,ミルキィミント／ハートアメざい,模様・外見差分,no,no,no,外見差のみのため基礎種と完全共有。技表を増やさない。,基礎種ID＋FormId,最終種族ID／FormId表と照合し、戦闘終了後の技復帰をテスト
869,マホイップ,lemon-cream-love-sweet,ミルキィレモン／ハートアメざい,模様・外見差分,no,no,no,外見差のみのため基礎種と完全共有。技表を増やさない。,基礎種ID＋FormId,最終種族ID／FormId表と照合し、戦闘終了後の技復帰をテスト
869,マホイップ,salted-cream-love-sweet,ミルキィソルト／ハートアメざい,模様・外見差分,no,no,no,外見差のみのため基礎種と完全共有。技表を増やさない。,基礎種ID＋FormId,最終種族ID／FormId表と照合し、戦闘終了後の技復帰をテスト
869,マホイップ,ruby-swirl-love-sweet,ルビーミックス／ハートアメざい,模様・外見差分,no,no,no,外見差のみのため基礎種と完全共有。技表を増やさない。,基礎種ID＋FormId,最終種族ID／FormId表と照合し、戦闘終了後の技復帰をテスト
869,マホイップ,caramel-swirl-love-sweet,キャラメルミックス／ハートアメざい,模様・外見差分,no,no,no,外見差のみのため基礎種と完全共有。技表を増やさない。,基礎種ID＋FormId,最終種族ID／FormId表と照合し、戦闘終了後の技復帰をテスト
869,マホイップ,rainbow-swirl-love-sweet,トリプルミックス／ハートアメざい,模様・外見差分,no,no,no,外見差のみのため基礎種と完全共有。技表を増やさない。,基礎種ID＋FormId,最終種族ID／FormId表と照合し、戦闘終了後の技復帰をテスト
869,マホイップ,vanilla-cream-star-sweet,ミルキィバニラ／スターアメざい,模様・外見差分,no,no,no,外見差のみのため基礎種と完全共有。技表を増やさない。,基礎種ID＋FormId,最終種族ID／FormId表と照合し、戦闘終了後の技復帰をテスト
869,マホイップ,ruby-cream-star-sweet,ミルキィルビー／スターアメざい,模様・外見差分,no,no,no,外見差のみのため基礎種と完全共有。技表を増やさない。,基礎種ID＋FormId,最終種族ID／FormId表と照合し、戦闘終了後の技復帰をテスト
869,マホイップ,matcha-cream-star-sweet,ミルキィまっちゃ／スターアメざい,模様・外見差分,no,no,no,外見差のみのため基礎種と完全共有。技表を増やさない。,基礎種ID＋FormId,最終種族ID／FormId表と照合し、戦闘終了後の技復帰をテスト
869,マホイップ,mint-cream-star-sweet,ミルキィミント／スターアメざい,模様・外見差分,no,no,no,外見差のみのため基礎種と完全共有。技表を増やさない。,基礎種ID＋FormId,最終種族ID／FormId表と照合し、戦闘終了後の技復帰をテスト
869,マホイップ,lemon-cream-star-sweet,ミルキィレモン／スターアメざい,模様・外見差分,no,no,no,外見差のみのため基礎種と完全共有。技表を増やさない。,基礎種ID＋FormId,最終種族ID／FormId表と照合し、戦闘終了後の技復帰をテスト
869,マホイップ,salted-cream-star-sweet,ミルキィソルト／スターアメざい,模様・外見差分,no,no,no,外見差のみのため基礎種と完全共有。技表を増やさない。,基礎種ID＋FormId,最終種族ID／FormId表と照合し、戦闘終了後の技復帰をテスト
869,マホイップ,ruby-swirl-star-sweet,ルビーミックス／スターアメざい,模様・外見差分,no,no,no,外見差のみのため基礎種と完全共有。技表を増やさない。,基礎種ID＋FormId,最終種族ID／FormId表と照合し、戦闘終了後の技復帰をテスト
869,マホイップ,caramel-swirl-star-sweet,キャラメルミックス／スターアメざい,模様・外見差分,no,no,no,外見差のみのため基礎種と完全共有。技表を増やさない。,基礎種ID＋FormId,最終種族ID／FormId表と照合し、戦闘終了後の技復帰をテスト
869,マホイップ,rainbow-swirl-star-sweet,トリプルミックス／スターアメざい,模様・外見差分,no,no,no,外見差のみのため基礎種と完全共有。技表を増やさない。,基礎種ID＋FormId,最終種族ID／FormId表と照合し、戦闘終了後の技復帰をテスト
869,マホイップ,vanilla-cream-clover-sweet,ミルキィバニラ／よつばアメざい,模様・外見差分,no,no,no,外見差のみのため基礎種と完全共有。技表を増やさない。,基礎種ID＋FormId,最終種族ID／FormId表と照合し、戦闘終了後の技復帰をテスト
869,マホイップ,ruby-cream-clover-sweet,ミルキィルビー／よつばアメざい,模様・外見差分,no,no,no,外見差のみのため基礎種と完全共有。技表を増やさない。,基礎種ID＋FormId,最終種族ID／FormId表と照合し、戦闘終了後の技復帰をテスト
869,マホイップ,matcha-cream-clover-sweet,ミルキィまっちゃ／よつばアメざい,模様・外見差分,no,no,no,外見差のみのため基礎種と完全共有。技表を増やさない。,基礎種ID＋FormId,最終種族ID／FormId表と照合し、戦闘終了後の技復帰をテスト
869,マホイップ,mint-cream-clover-sweet,ミルキィミント／よつばアメざい,模様・外見差分,no,no,no,外見差のみのため基礎種と完全共有。技表を増やさない。,基礎種ID＋FormId,最終種族ID／FormId表と照合し、戦闘終了後の技復帰をテスト
869,マホイップ,lemon-cream-clover-sweet,ミルキィレモン／よつばアメざい,模様・外見差分,no,no,no,外見差のみのため基礎種と完全共有。技表を増やさない。,基礎種ID＋FormId,最終種族ID／FormId表と照合し、戦闘終了後の技復帰をテスト
869,マホイップ,salted-cream-clover-sweet,ミルキィソルト／よつばアメざい,模様・外見差分,no,no,no,外見差のみのため基礎種と完全共有。技表を増やさない。,基礎種ID＋FormId,最終種族ID／FormId表と照合し、戦闘終了後の技復帰をテスト
869,マホイップ,ruby-swirl-clover-sweet,ルビーミックス／よつばアメざい,模様・外見差分,no,no,no,外見差のみのため基礎種と完全共有。技表を増やさない。,基礎種ID＋FormId,最終種族ID／FormId表と照合し、戦闘終了後の技復帰をテスト
869,マホイップ,caramel-swirl-clover-sweet,キャラメルミックス／よつばアメざい,模様・外見差分,no,no,no,外見差のみのため基礎種と完全共有。技表を増やさない。,基礎種ID＋FormId,最終種族ID／FormId表と照合し、戦闘終了後の技復帰をテスト
869,マホイップ,rainbow-swirl-clover-sweet,トリプルミックス／よつばアメざい,模様・外見差分,no,no,no,外見差のみのため基礎種と完全共有。技表を増やさない。,基礎種ID＋FormId,最終種族ID／FormId表と照合し、戦闘終了後の技復帰をテスト
869,マホイップ,vanilla-cream-flower-sweet,ミルキィバニラ／おはなアメざい,模様・外見差分,no,no,no,外見差のみのため基礎種と完全共有。技表を増やさない。,基礎種ID＋FormId,最終種族ID／FormId表と照合し、戦闘終了後の技復帰をテスト
869,マホイップ,ruby-cream-flower-sweet,ミルキィルビー／おはなアメざい,模様・外見差分,no,no,no,外見差のみのため基礎種と完全共有。技表を増やさない。,基礎種ID＋FormId,最終種族ID／FormId表と照合し、戦闘終了後の技復帰をテスト
869,マホイップ,matcha-cream-flower-sweet,ミルキィまっちゃ／おはなアメざい,模様・外見差分,no,no,no,外見差のみのため基礎種と完全共有。技表を増やさない。,基礎種ID＋FormId,最終種族ID／FormId表と照合し、戦闘終了後の技復帰をテスト
869,マホイップ,mint-cream-flower-sweet,ミルキィミント／おはなアメざい,模様・外見差分,no,no,no,外見差のみのため基礎種と完全共有。技表を増やさない。,基礎種ID＋FormId,最終種族ID／FormId表と照合し、戦闘終了後の技復帰をテスト
869,マホイップ,lemon-cream-flower-sweet,ミルキィレモン／おはなアメざい,模様・外見差分,no,no,no,外見差のみのため基礎種と完全共有。技表を増やさない。,基礎種ID＋FormId,最終種族ID／FormId表と照合し、戦闘終了後の技復帰をテスト
869,マホイップ,salted-cream-flower-sweet,ミルキィソルト／おはなアメざい,模様・外見差分,no,no,no,外見差のみのため基礎種と完全共有。技表を増やさない。,基礎種ID＋FormId,最終種族ID／FormId表と照合し、戦闘終了後の技復帰をテスト
869,マホイップ,ruby-swirl-flower-sweet,ルビーミックス／おはなアメざい,模様・外見差分,no,no,no,外見差のみのため基礎種と完全共有。技表を増やさない。,基礎種ID＋FormId,最終種族ID／FormId表と照合し、戦闘終了後の技復帰をテスト
869,マホイップ,caramel-swirl-flower-sweet,キャラメルミックス／おはなアメざい,模様・外見差分,no,no,no,外見差のみのため基礎種と完全共有。技表を増やさない。,基礎種ID＋FormId,最終種族ID／FormId表と照合し、戦闘終了後の技復帰をテスト
869,マホイップ,rainbow-swirl-flower-sweet,トリプルミックス／おはなアメざい,模様・外見差分,no,no,no,外見差のみのため基礎種と完全共有。技表を増やさない。,基礎種ID＋FormId,最終種族ID／FormId表と照合し、戦闘終了後の技復帰をテスト
869,マホイップ,vanilla-cream-ribbon-sweet,ミルキィバニラ／リボンアメざい,模様・外見差分,no,no,no,外見差のみのため基礎種と完全共有。技表を増やさない。,基礎種ID＋FormId,最終種族ID／FormId表と照合し、戦闘終了後の技復帰をテスト
869,マホイップ,ruby-cream-ribbon-sweet,ミルキィルビー／リボンアメざい,模様・外見差分,no,no,no,外見差のみのため基礎種と完全共有。技表を増やさない。,基礎種ID＋FormId,最終種族ID／FormId表と照合し、戦闘終了後の技復帰をテスト
869,マホイップ,matcha-cream-ribbon-sweet,ミルキィまっちゃ／リボンアメざい,模様・外見差分,no,no,no,外見差のみのため基礎種と完全共有。技表を増やさない。,基礎種ID＋FormId,最終種族ID／FormId表と照合し、戦闘終了後の技復帰をテスト
869,マホイップ,mint-cream-ribbon-sweet,ミルキィミント／リボンアメざい,模様・外見差分,no,no,no,外見差のみのため基礎種と完全共有。技表を増やさない。,基礎種ID＋FormId,最終種族ID／FormId表と照合し、戦闘終了後の技復帰をテスト
869,マホイップ,lemon-cream-ribbon-sweet,ミルキィレモン／リボンアメざい,模様・外見差分,no,no,no,外見差のみのため基礎種と完全共有。技表を増やさない。,基礎種ID＋FormId,最終種族ID／FormId表と照合し、戦闘終了後の技復帰をテスト
869,マホイップ,salted-cream-ribbon-sweet,ミルキィソルト／リボンアメざい,模様・外見差分,no,no,no,外見差のみのため基礎種と完全共有。技表を増やさない。,基礎種ID＋FormId,最終種族ID／FormId表と照合し、戦闘終了後の技復帰をテスト
869,マホイップ,ruby-swirl-ribbon-sweet,ルビーミックス／リボンアメざい,模様・外見差分,no,no,no,外見差のみのため基礎種と完全共有。技表を増やさない。,基礎種ID＋FormId,最終種族ID／FormId表と照合し、戦闘終了後の技復帰をテスト
869,マホイップ,caramel-swirl-ribbon-sweet,キャラメルミックス／リボンアメざい,模様・外見差分,no,no,no,外見差のみのため基礎種と完全共有。技表を増やさない。,基礎種ID＋FormId,最終種族ID／FormId表と照合し、戦闘終了後の技復帰をテスト
869,マホイップ,rainbow-swirl-ribbon-sweet,トリプルミックス／リボンアメざい,模様・外見差分,no,no,no,外見差のみのため基礎種と完全共有。技表を増やさない。,基礎種ID＋FormId,最終種族ID／FormId表と照合し、戦闘終了後の技復帰をテスト
1012,チャデス,artisan,タカイモノのすがた,恒常・条件フォーム,no,no,conditional,タイプ・能力・設定が変わる恒常フォームは独立レベル技を許可。共通技は基礎種から継承し、フォーム固有STABを進化時／Lv1に追加。,能力差ありは独立ID、外見差のみFormId,最終種族ID／FormId表と照合し、戦闘終了後の技復帰をテスト
1013,ヤバソチャ,masterpiece,ケッサクのすがた,恒常・条件フォーム,no,no,conditional,タイプ・能力・設定が変わる恒常フォームは独立レベル技を許可。共通技は基礎種から継承し、フォーム固有STABを進化時／Lv1に追加。,能力差ありは独立ID、外見差のみFormId,最終種族ID／FormId表と照合し、戦闘終了後の技復帰をテスト
386,デオキシス,attack,アタックフォルム,恒常・条件フォーム,no,no,conditional,タイプ・能力・設定が変わる恒常フォームは独立レベル技を許可。共通技は基礎種から継承し、フォーム固有STABを進化時／Lv1に追加。,能力差ありは独立ID、外見差のみFormId,最終種族ID／FormId表と照合し、戦闘終了後の技復帰をテスト
386,デオキシス,defense,ディフェンスフォルム,恒常・条件フォーム,no,no,conditional,タイプ・能力・設定が変わる恒常フォームは独立レベル技を許可。共通技は基礎種から継承し、フォーム固有STABを進化時／Lv1に追加。,能力差ありは独立ID、外見差のみFormId,最終種族ID／FormId表と照合し、戦闘終了後の技復帰をテスト
386,デオキシス,speed,スピードフォルム,恒常・条件フォーム,no,no,conditional,タイプ・能力・設定が変わる恒常フォームは独立レベル技を許可。共通技は基礎種から継承し、フォーム固有STABを進化時／Lv1に追加。,能力差ありは独立ID、外見差のみFormId,最終種族ID／FormId表と照合し、戦闘終了後の技復帰をテスト
413,ミノマダム,sandy,すなちのミノ,恒常・条件フォーム,no,no,conditional,タイプ・能力・設定が変わる恒常フォームは独立レベル技を許可。共通技は基礎種から継承し、フォーム固有STABを進化時／Lv1に追加。,能力差ありは独立ID、外見差のみFormId,最終種族ID／FormId表と照合し、戦闘終了後の技復帰をテスト
413,ミノマダム,trash,ゴミのミノ,恒常・条件フォーム,no,no,conditional,タイプ・能力・設定が変わる恒常フォームは独立レベル技を許可。共通技は基礎種から継承し、フォーム固有STABを進化時／Lv1に追加。,能力差ありは独立ID、外見差のみFormId,最終種族ID／FormId表と照合し、戦闘終了後の技復帰をテスト
492,シェイミ,sky,スカイフォルム,恒常・条件フォーム,no,no,conditional,タイプ・能力・設定が変わる恒常フォームは独立レベル技を許可。共通技は基礎種から継承し、フォーム固有STABを進化時／Lv1に追加。,能力差ありは独立ID、外見差のみFormId,最終種族ID／FormId表と照合し、戦闘終了後の技復帰をテスト
487,ギラティナ,origin,オリジンフォルム,恒常・条件フォーム,no,no,conditional,タイプ・能力・設定が変わる恒常フォームは独立レベル技を許可。共通技は基礎種から継承し、フォーム固有STABを進化時／Lv1に追加。,能力差ありは独立ID、外見差のみFormId,最終種族ID／FormId表と照合し、戦闘終了後の技復帰をテスト
479,ロトム,heat,ヒートロトム,恒常・条件フォーム,no,no,conditional,タイプ・能力・設定が変わる恒常フォームは独立レベル技を許可。共通技は基礎種から継承し、フォーム固有STABを進化時／Lv1に追加。,能力差ありは独立ID、外見差のみFormId,最終種族ID／FormId表と照合し、戦闘終了後の技復帰をテスト
479,ロトム,wash,ウォッシュロトム,恒常・条件フォーム,no,no,conditional,タイプ・能力・設定が変わる恒常フォームは独立レベル技を許可。共通技は基礎種から継承し、フォーム固有STABを進化時／Lv1に追加。,能力差ありは独立ID、外見差のみFormId,最終種族ID／FormId表と照合し、戦闘終了後の技復帰をテスト
479,ロトム,frost,フロストロトム,恒常・条件フォーム,no,no,conditional,タイプ・能力・設定が変わる恒常フォームは独立レベル技を許可。共通技は基礎種から継承し、フォーム固有STABを進化時／Lv1に追加。,能力差ありは独立ID、外見差のみFormId,最終種族ID／FormId表と照合し、戦闘終了後の技復帰をテスト
479,ロトム,fan,スピンロトム,恒常・条件フォーム,no,no,conditional,タイプ・能力・設定が変わる恒常フォームは独立レベル技を許可。共通技は基礎種から継承し、フォーム固有STABを進化時／Lv1に追加。,能力差ありは独立ID、外見差のみFormId,最終種族ID／FormId表と照合し、戦闘終了後の技復帰をテスト
479,ロトム,mow,カットロトム,恒常・条件フォーム,no,no,conditional,タイプ・能力・設定が変わる恒常フォームは独立レベル技を許可。共通技は基礎種から継承し、フォーム固有STABを進化時／Lv1に追加。,能力差ありは独立ID、外見差のみFormId,最終種族ID／FormId表と照合し、戦闘終了後の技復帰をテスト
351,ポワルン,sunny,たいようのすがた,戦闘中フォーム,yes,no,no,基礎種のレベル技・TM・教え技を完全共有。フォーム専用技は変身トリガーまたは戦闘開始時に一時付与し、保存しない。,独立内部ID（戦闘専用）,最終種族ID／FormId表と照合し、戦闘終了後の技復帰をテスト
351,ポワルン,rainy,あまみずのすがた,戦闘中フォーム,yes,no,no,基礎種のレベル技・TM・教え技を完全共有。フォーム専用技は変身トリガーまたは戦闘開始時に一時付与し、保存しない。,独立内部ID（戦闘専用）,最終種族ID／FormId表と照合し、戦闘終了後の技復帰をテスト
351,ポワルン,snowy,ゆきぐものすがた,戦闘中フォーム,yes,no,no,基礎種のレベル技・TM・教え技を完全共有。フォーム専用技は変身トリガーまたは戦闘開始時に一時付与し、保存しない。,独立内部ID（戦闘専用）,最終種族ID／FormId表と照合し、戦闘終了後の技復帰をテスト
550,バスラオ,blue-striped,あおすじのすがた,恒常・条件フォーム,no,no,conditional,タイプ・能力・設定が変わる恒常フォームは独立レベル技を許可。共通技は基礎種から継承し、フォーム固有STABを進化時／Lv1に追加。,能力差ありは独立ID、外見差のみFormId,最終種族ID／FormId表と照合し、戦闘終了後の技復帰をテスト
555,ヒヒダルマ,zen,ダルマモード,戦闘中フォーム,yes,no,no,基礎種のレベル技・TM・教え技を完全共有。フォーム専用技は変身トリガーまたは戦闘開始時に一時付与し、保存しない。,独立内部ID（戦闘専用）,最終種族ID／FormId表と照合し、戦闘終了後の技復帰をテスト
648,メロエッタ,pirouette,ステップフォルム,戦闘中フォーム,yes,no,no,基礎種のレベル技・TM・教え技を完全共有。フォーム専用技は変身トリガーまたは戦闘開始時に一時付与し、保存しない。,独立内部ID（戦闘専用）,最終種族ID／FormId表と照合し、戦闘終了後の技復帰をテスト
641,トルネロス,therian,れいじゅうフォルム,恒常・条件フォーム,no,no,conditional,タイプ・能力・設定が変わる恒常フォームは独立レベル技を許可。共通技は基礎種から継承し、フォーム固有STABを進化時／Lv1に追加。,能力差ありは独立ID、外見差のみFormId,最終種族ID／FormId表と照合し、戦闘終了後の技復帰をテスト
642,ボルトロス,therian,れいじゅうフォルム,恒常・条件フォーム,no,no,conditional,タイプ・能力・設定が変わる恒常フォームは独立レベル技を許可。共通技は基礎種から継承し、フォーム固有STABを進化時／Lv1に追加。,能力差ありは独立ID、外見差のみFormId,最終種族ID／FormId表と照合し、戦闘終了後の技復帰をテスト
645,ランドロス,therian,れいじゅうフォルム,恒常・条件フォーム,no,no,conditional,タイプ・能力・設定が変わる恒常フォームは独立レベル技を許可。共通技は基礎種から継承し、フォーム固有STABを進化時／Lv1に追加。,能力差ありは独立ID、外見差のみFormId,最終種族ID／FormId表と照合し、戦闘終了後の技復帰をテスト
646,キュレム,black,ブラックキュレム,恒常・条件フォーム,no,no,conditional,タイプ・能力・設定が変わる恒常フォームは独立レベル技を許可。共通技は基礎種から継承し、フォーム固有STABを進化時／Lv1に追加。,能力差ありは独立ID、外見差のみFormId,最終種族ID／FormId表と照合し、戦闘終了後の技復帰をテスト
646,キュレム,white,ホワイトキュレム,恒常・条件フォーム,no,no,conditional,タイプ・能力・設定が変わる恒常フォームは独立レベル技を許可。共通技は基礎種から継承し、フォーム固有STABを進化時／Lv1に追加。,能力差ありは独立ID、外見差のみFormId,最終種族ID／FormId表と照合し、戦闘終了後の技復帰をテスト
647,ケルディオ,resolute,かくごのすがた,恒常・条件フォーム,no,no,conditional,タイプ・能力・設定が変わる恒常フォームは独立レベル技を許可。共通技は基礎種から継承し、フォーム固有STABを進化時／Lv1に追加。,能力差ありは独立ID、外見差のみFormId,最終種族ID／FormId表と照合し、戦闘終了後の技復帰をテスト
678,ニャオニクス,female,メスのすがた,性別差分,no,no,conditional,基礎種共有を原則とし、タイプまたは戦闘役割が変わる場合のみフォーム専用技を1～2個追加。,基礎種ID＋性別フラグ,最終種族ID／FormId表と照合し、戦闘終了後の技復帰をテスト
681,ギルガルド,blade,ブレードフォルム,戦闘中フォーム,yes,no,no,基礎種のレベル技・TM・教え技を完全共有。フォーム専用技は変身トリガーまたは戦闘開始時に一時付与し、保存しない。,独立内部ID（戦闘専用）,最終種族ID／FormId表と照合し、戦闘終了後の技復帰をテスト
710,バケッチャ,small,ちいさいサイズ,恒常・条件フォーム,no,no,conditional,タイプ・能力・設定が変わる恒常フォームは独立レベル技を許可。共通技は基礎種から継承し、フォーム固有STABを進化時／Lv1に追加。,能力差ありは独立ID、外見差のみFormId,最終種族ID／FormId表と照合し、戦闘終了後の技復帰をテスト
710,バケッチャ,large,おおきいサイズ,恒常・条件フォーム,no,no,conditional,タイプ・能力・設定が変わる恒常フォームは独立レベル技を許可。共通技は基礎種から継承し、フォーム固有STABを進化時／Lv1に追加。,能力差ありは独立ID、外見差のみFormId,最終種族ID／FormId表と照合し、戦闘終了後の技復帰をテスト
710,バケッチャ,super,とくだいサイズ,恒常・条件フォーム,no,no,conditional,タイプ・能力・設定が変わる恒常フォームは独立レベル技を許可。共通技は基礎種から継承し、フォーム固有STABを進化時／Lv1に追加。,能力差ありは独立ID、外見差のみFormId,最終種族ID／FormId表と照合し、戦闘終了後の技復帰をテスト
711,パンプジン,small,ちいさいサイズ,恒常・条件フォーム,no,no,conditional,タイプ・能力・設定が変わる恒常フォームは独立レベル技を許可。共通技は基礎種から継承し、フォーム固有STABを進化時／Lv1に追加。,能力差ありは独立ID、外見差のみFormId,最終種族ID／FormId表と照合し、戦闘終了後の技復帰をテスト
711,パンプジン,large,おおきいサイズ,恒常・条件フォーム,no,no,conditional,タイプ・能力・設定が変わる恒常フォームは独立レベル技を許可。共通技は基礎種から継承し、フォーム固有STABを進化時／Lv1に追加。,能力差ありは独立ID、外見差のみFormId,最終種族ID／FormId表と照合し、戦闘終了後の技復帰をテスト
711,パンプジン,super,とくだいサイズ,恒常・条件フォーム,no,no,conditional,タイプ・能力・設定が変わる恒常フォームは独立レベル技を許可。共通技は基礎種から継承し、フォーム固有STABを進化時／Lv1に追加。,能力差ありは独立ID、外見差のみFormId,最終種族ID／FormId表と照合し、戦闘終了後の技復帰をテスト
3,フシギバナ,mega,メガフシギバナ,メガシンカ,yes,yes,no,基礎種のレベル技・TM・教え技を完全共有。フォーム専用技は変身トリガーまたは戦闘開始時に一時付与し、保存しない。,独立内部ID（戦闘専用）,最終種族ID／FormId表と照合し、戦闘終了後の技復帰をテスト
6,リザードン,mega-x,メガリザードンＸ,メガシンカ,yes,yes,no,基礎種のレベル技・TM・教え技を完全共有。フォーム専用技は変身トリガーまたは戦闘開始時に一時付与し、保存しない。,独立内部ID（戦闘専用）,最終種族ID／FormId表と照合し、戦闘終了後の技復帰をテスト
6,リザードン,mega-y,メガリザードンＹ,メガシンカ,yes,yes,no,基礎種のレベル技・TM・教え技を完全共有。フォーム専用技は変身トリガーまたは戦闘開始時に一時付与し、保存しない。,独立内部ID（戦闘専用）,最終種族ID／FormId表と照合し、戦闘終了後の技復帰をテスト
9,カメックス,mega,メガカメックス,メガシンカ,yes,yes,no,基礎種のレベル技・TM・教え技を完全共有。フォーム専用技は変身トリガーまたは戦闘開始時に一時付与し、保存しない。,独立内部ID（戦闘専用）,最終種族ID／FormId表と照合し、戦闘終了後の技復帰をテスト
65,フーディン,mega,メガフーディン,メガシンカ,yes,yes,no,基礎種のレベル技・TM・教え技を完全共有。フォーム専用技は変身トリガーまたは戦闘開始時に一時付与し、保存しない。,独立内部ID（戦闘専用）,最終種族ID／FormId表と照合し、戦闘終了後の技復帰をテスト
94,ゲンガー,mega,メガゲンガー,メガシンカ,yes,yes,no,基礎種のレベル技・TM・教え技を完全共有。フォーム専用技は変身トリガーまたは戦闘開始時に一時付与し、保存しない。,独立内部ID（戦闘専用）,最終種族ID／FormId表と照合し、戦闘終了後の技復帰をテスト
115,ガルーラ,mega,メガガルーラ,メガシンカ,yes,yes,no,基礎種のレベル技・TM・教え技を完全共有。フォーム専用技は変身トリガーまたは戦闘開始時に一時付与し、保存しない。,独立内部ID（戦闘専用）,最終種族ID／FormId表と照合し、戦闘終了後の技復帰をテスト
127,カイロス,mega,メガカイロス,メガシンカ,yes,yes,no,基礎種のレベル技・TM・教え技を完全共有。フォーム専用技は変身トリガーまたは戦闘開始時に一時付与し、保存しない。,独立内部ID（戦闘専用）,最終種族ID／FormId表と照合し、戦闘終了後の技復帰をテスト
130,ギャラドス,mega,メガギャラドス,メガシンカ,yes,yes,no,基礎種のレベル技・TM・教え技を完全共有。フォーム専用技は変身トリガーまたは戦闘開始時に一時付与し、保存しない。,独立内部ID（戦闘専用）,最終種族ID／FormId表と照合し、戦闘終了後の技復帰をテスト
142,プテラ,mega,メガプテラ,メガシンカ,yes,yes,no,基礎種のレベル技・TM・教え技を完全共有。フォーム専用技は変身トリガーまたは戦闘開始時に一時付与し、保存しない。,独立内部ID（戦闘専用）,最終種族ID／FormId表と照合し、戦闘終了後の技復帰をテスト
150,ミュウツー,mega-x,メガミュウツーＸ,メガシンカ,yes,yes,no,基礎種のレベル技・TM・教え技を完全共有。フォーム専用技は変身トリガーまたは戦闘開始時に一時付与し、保存しない。,独立内部ID（戦闘専用）,最終種族ID／FormId表と照合し、戦闘終了後の技復帰をテスト
150,ミュウツー,mega-y,メガミュウツーＹ,メガシンカ,yes,yes,no,基礎種のレベル技・TM・教え技を完全共有。フォーム専用技は変身トリガーまたは戦闘開始時に一時付与し、保存しない。,独立内部ID（戦闘専用）,最終種族ID／FormId表と照合し、戦闘終了後の技復帰をテスト
181,デンリュウ,mega,メガデンリュウ,メガシンカ,yes,yes,no,基礎種のレベル技・TM・教え技を完全共有。フォーム専用技は変身トリガーまたは戦闘開始時に一時付与し、保存しない。,独立内部ID（戦闘専用）,最終種族ID／FormId表と照合し、戦闘終了後の技復帰をテスト
212,ハッサム,mega,メガハッサム,メガシンカ,yes,yes,no,基礎種のレベル技・TM・教え技を完全共有。フォーム専用技は変身トリガーまたは戦闘開始時に一時付与し、保存しない。,独立内部ID（戦闘専用）,最終種族ID／FormId表と照合し、戦闘終了後の技復帰をテスト
214,ヘラクロス,mega,メガヘラクロス,メガシンカ,yes,yes,no,基礎種のレベル技・TM・教え技を完全共有。フォーム専用技は変身トリガーまたは戦闘開始時に一時付与し、保存しない。,独立内部ID（戦闘専用）,最終種族ID／FormId表と照合し、戦闘終了後の技復帰をテスト
229,ヘルガー,mega,メガヘルガー,メガシンカ,yes,yes,no,基礎種のレベル技・TM・教え技を完全共有。フォーム専用技は変身トリガーまたは戦闘開始時に一時付与し、保存しない。,独立内部ID（戦闘専用）,最終種族ID／FormId表と照合し、戦闘終了後の技復帰をテスト
248,バンギラス,mega,メガバンギラス,メガシンカ,yes,yes,no,基礎種のレベル技・TM・教え技を完全共有。フォーム専用技は変身トリガーまたは戦闘開始時に一時付与し、保存しない。,独立内部ID（戦闘専用）,最終種族ID／FormId表と照合し、戦闘終了後の技復帰をテスト
257,バシャーモ,mega,メガバシャーモ,メガシンカ,yes,yes,no,基礎種のレベル技・TM・教え技を完全共有。フォーム専用技は変身トリガーまたは戦闘開始時に一時付与し、保存しない。,独立内部ID（戦闘専用）,最終種族ID／FormId表と照合し、戦闘終了後の技復帰をテスト
282,サーナイト,mega,メガサーナイト,メガシンカ,yes,yes,no,基礎種のレベル技・TM・教え技を完全共有。フォーム専用技は変身トリガーまたは戦闘開始時に一時付与し、保存しない。,独立内部ID（戦闘専用）,最終種族ID／FormId表と照合し、戦闘終了後の技復帰をテスト
303,クチート,mega,メガクチート,メガシンカ,yes,yes,no,基礎種のレベル技・TM・教え技を完全共有。フォーム専用技は変身トリガーまたは戦闘開始時に一時付与し、保存しない。,独立内部ID（戦闘専用）,最終種族ID／FormId表と照合し、戦闘終了後の技復帰をテスト
306,ボスゴドラ,mega,メガボスゴドラ,メガシンカ,yes,yes,no,基礎種のレベル技・TM・教え技を完全共有。フォーム専用技は変身トリガーまたは戦闘開始時に一時付与し、保存しない。,独立内部ID（戦闘専用）,最終種族ID／FormId表と照合し、戦闘終了後の技復帰をテスト
308,チャーレム,mega,メガチャーレム,メガシンカ,yes,yes,no,基礎種のレベル技・TM・教え技を完全共有。フォーム専用技は変身トリガーまたは戦闘開始時に一時付与し、保存しない。,独立内部ID（戦闘専用）,最終種族ID／FormId表と照合し、戦闘終了後の技復帰をテスト
310,ライボルト,mega,メガライボルト,メガシンカ,yes,yes,no,基礎種のレベル技・TM・教え技を完全共有。フォーム専用技は変身トリガーまたは戦闘開始時に一時付与し、保存しない。,独立内部ID（戦闘専用）,最終種族ID／FormId表と照合し、戦闘終了後の技復帰をテスト
354,ジュペッタ,mega,メガジュペッタ,メガシンカ,yes,yes,no,基礎種のレベル技・TM・教え技を完全共有。フォーム専用技は変身トリガーまたは戦闘開始時に一時付与し、保存しない。,独立内部ID（戦闘専用）,最終種族ID／FormId表と照合し、戦闘終了後の技復帰をテスト
359,アブソル,mega,メガアブソル,メガシンカ,yes,yes,no,基礎種のレベル技・TM・教え技を完全共有。フォーム専用技は変身トリガーまたは戦闘開始時に一時付与し、保存しない。,独立内部ID（戦闘専用）,最終種族ID／FormId表と照合し、戦闘終了後の技復帰をテスト
445,ガブリアス,mega,メガガブリアス,メガシンカ,yes,yes,no,基礎種のレベル技・TM・教え技を完全共有。フォーム専用技は変身トリガーまたは戦闘開始時に一時付与し、保存しない。,独立内部ID（戦闘専用）,最終種族ID／FormId表と照合し、戦闘終了後の技復帰をテスト
448,ルカリオ,mega,メガルカリオ,メガシンカ,yes,yes,no,基礎種のレベル技・TM・教え技を完全共有。フォーム専用技は変身トリガーまたは戦闘開始時に一時付与し、保存しない。,独立内部ID（戦闘専用）,最終種族ID／FormId表と照合し、戦闘終了後の技復帰をテスト
460,ユキノオー,mega,メガユキノオー,メガシンカ,yes,yes,no,基礎種のレベル技・TM・教え技を完全共有。フォーム専用技は変身トリガーまたは戦闘開始時に一時付与し、保存しない。,独立内部ID（戦闘専用）,最終種族ID／FormId表と照合し、戦闘終了後の技復帰をテスト
670,フラエッテ,eternal,えいえんのはな,恒常・条件フォーム,no,no,conditional,タイプ・能力・設定が変わる恒常フォームは独立レベル技を許可。共通技は基礎種から継承し、フォーム固有STABを進化時／Lv1に追加。,能力差ありは独立ID、外見差のみFormId,最終種族ID／FormId表と照合し、戦闘終了後の技復帰をテスト
380,ラティアス,mega,メガラティアス,メガシンカ,yes,yes,no,基礎種のレベル技・TM・教え技を完全共有。フォーム専用技は変身トリガーまたは戦闘開始時に一時付与し、保存しない。,独立内部ID（戦闘専用）,最終種族ID／FormId表と照合し、戦闘終了後の技復帰をテスト
381,ラティオス,mega,メガラティオス,メガシンカ,yes,yes,no,基礎種のレベル技・TM・教え技を完全共有。フォーム専用技は変身トリガーまたは戦闘開始時に一時付与し、保存しない。,独立内部ID（戦闘専用）,最終種族ID／FormId表と照合し、戦闘終了後の技復帰をテスト
260,ラグラージ,mega,メガラグラージ,メガシンカ,yes,yes,no,基礎種のレベル技・TM・教え技を完全共有。フォーム専用技は変身トリガーまたは戦闘開始時に一時付与し、保存しない。,独立内部ID（戦闘専用）,最終種族ID／FormId表と照合し、戦闘終了後の技復帰をテスト
254,ジュカイン,mega,メガジュカイン,メガシンカ,yes,yes,no,基礎種のレベル技・TM・教え技を完全共有。フォーム専用技は変身トリガーまたは戦闘開始時に一時付与し、保存しない。,独立内部ID（戦闘専用）,最終種族ID／FormId表と照合し、戦闘終了後の技復帰をテスト
302,ヤミラミ,mega,メガヤミラミ,メガシンカ,yes,yes,no,基礎種のレベル技・TM・教え技を完全共有。フォーム専用技は変身トリガーまたは戦闘開始時に一時付与し、保存しない。,独立内部ID（戦闘専用）,最終種族ID／FormId表と照合し、戦闘終了後の技復帰をテスト
334,チルタリス,mega,メガチルタリス,メガシンカ,yes,yes,no,基礎種のレベル技・TM・教え技を完全共有。フォーム専用技は変身トリガーまたは戦闘開始時に一時付与し、保存しない。,独立内部ID（戦闘専用）,最終種族ID／FormId表と照合し、戦闘終了後の技復帰をテスト
475,エルレイド,mega,メガエルレイド,メガシンカ,yes,yes,no,基礎種のレベル技・TM・教え技を完全共有。フォーム専用技は変身トリガーまたは戦闘開始時に一時付与し、保存しない。,独立内部ID（戦闘専用）,最終種族ID／FormId表と照合し、戦闘終了後の技復帰をテスト
531,タブンネ,mega,メガタブンネ,メガシンカ,yes,yes,no,基礎種のレベル技・TM・教え技を完全共有。フォーム専用技は変身トリガーまたは戦闘開始時に一時付与し、保存しない。,独立内部ID（戦闘専用）,最終種族ID／FormId表と照合し、戦闘終了後の技復帰をテスト
319,サメハダー,mega,メガサメハダー,メガシンカ,yes,yes,no,基礎種のレベル技・TM・教え技を完全共有。フォーム専用技は変身トリガーまたは戦闘開始時に一時付与し、保存しない。,独立内部ID（戦闘専用）,最終種族ID／FormId表と照合し、戦闘終了後の技復帰をテスト
80,ヤドラン,mega,メガヤドラン,メガシンカ,yes,yes,no,基礎種のレベル技・TM・教え技を完全共有。フォーム専用技は変身トリガーまたは戦闘開始時に一時付与し、保存しない。,独立内部ID（戦闘専用）,最終種族ID／FormId表と照合し、戦闘終了後の技復帰をテスト
208,ハガネール,mega,メガハガネール,メガシンカ,yes,yes,no,基礎種のレベル技・TM・教え技を完全共有。フォーム専用技は変身トリガーまたは戦闘開始時に一時付与し、保存しない。,独立内部ID（戦闘専用）,最終種族ID／FormId表と照合し、戦闘終了後の技復帰をテスト
18,ピジョット,mega,メガピジョット,メガシンカ,yes,yes,no,基礎種のレベル技・TM・教え技を完全共有。フォーム専用技は変身トリガーまたは戦闘開始時に一時付与し、保存しない。,独立内部ID（戦闘専用）,最終種族ID／FormId表と照合し、戦闘終了後の技復帰をテスト
362,オニゴーリ,mega,メガオニゴーリ,メガシンカ,yes,yes,no,基礎種のレベル技・TM・教え技を完全共有。フォーム専用技は変身トリガーまたは戦闘開始時に一時付与し、保存しない。,独立内部ID（戦闘専用）,最終種族ID／FormId表と照合し、戦闘終了後の技復帰をテスト
719,ディアンシー,mega,メガディアンシー,メガシンカ,yes,yes,no,基礎種のレベル技・TM・教え技を完全共有。フォーム専用技は変身トリガーまたは戦闘開始時に一時付与し、保存しない。,独立内部ID（戦闘専用）,最終種族ID／FormId表と照合し、戦闘終了後の技復帰をテスト
376,メタグロス,mega,メガメタグロス,メガシンカ,yes,yes,no,基礎種のレベル技・TM・教え技を完全共有。フォーム専用技は変身トリガーまたは戦闘開始時に一時付与し、保存しない。,独立内部ID（戦闘専用）,最終種族ID／FormId表と照合し、戦闘終了後の技復帰をテスト
382,カイオーガ,primal,ゲンシカイキのすがた,戦闘中フォーム,yes,no,no,基礎種のレベル技・TM・教え技を完全共有。フォーム専用技は変身トリガーまたは戦闘開始時に一時付与し、保存しない。,独立内部ID（戦闘専用）,最終種族ID／FormId表と照合し、戦闘終了後の技復帰をテスト
383,グラードン,primal,ゲンシカイキのすがた,戦闘中フォーム,yes,no,no,基礎種のレベル技・TM・教え技を完全共有。フォーム専用技は変身トリガーまたは戦闘開始時に一時付与し、保存しない。,独立内部ID（戦闘専用）,最終種族ID／FormId表と照合し、戦闘終了後の技復帰をテスト
384,レックウザ,mega,メガレックウザ,メガシンカ,yes,yes,no,基礎種のレベル技・TM・教え技を完全共有。フォーム専用技は変身トリガーまたは戦闘開始時に一時付与し、保存しない。,独立内部ID（戦闘専用）,最終種族ID／FormId表と照合し、戦闘終了後の技復帰をテスト
25,ピカチュウ,rock-star,ハードロック・ピカチュウ,衣装・特別個体,no,no,conditional,基礎種共有を原則とし、タイプまたは戦闘役割が変わる場合のみフォーム専用技を1～2個追加。,基礎種ID＋FormIdを優先,最終種族ID／FormId表と照合し、戦闘終了後の技復帰をテスト
25,ピカチュウ,belle,マダム・ピカチュウ,衣装・特別個体,no,no,conditional,基礎種共有を原則とし、タイプまたは戦闘役割が変わる場合のみフォーム専用技を1～2個追加。,基礎種ID＋FormIdを優先,最終種族ID／FormId表と照合し、戦闘終了後の技復帰をテスト
25,ピカチュウ,pop-star,アイドル・ピカチュウ,衣装・特別個体,no,no,conditional,基礎種共有を原則とし、タイプまたは戦闘役割が変わる場合のみフォーム専用技を1～2個追加。,基礎種ID＋FormIdを優先,最終種族ID／FormId表と照合し、戦闘終了後の技復帰をテスト
25,ピカチュウ,phd,ドクター・ピカチュウ,衣装・特別個体,no,no,conditional,基礎種共有を原則とし、タイプまたは戦闘役割が変わる場合のみフォーム専用技を1～2個追加。,基礎種ID＋FormIdを優先,最終種族ID／FormId表と照合し、戦闘終了後の技復帰をテスト
25,ピカチュウ,libre,マスクド・ピカチュウ,衣装・特別個体,no,no,conditional,基礎種共有を原則とし、タイプまたは戦闘役割が変わる場合のみフォーム専用技を1～2個追加。,基礎種ID＋FormIdを優先,最終種族ID／FormId表と照合し、戦闘終了後の技復帰をテスト
25,ピカチュウ,cosplay,おきがえピカチュウ,衣装・特別個体,no,no,conditional,基礎種共有を原則とし、タイプまたは戦闘役割が変わる場合のみフォーム専用技を1～2個追加。,基礎種ID＋FormIdを優先,最終種族ID／FormId表と照合し、戦闘終了後の技復帰をテスト
720,フーパ,unbound,ときはなたれしフーパ,恒常・条件フォーム,no,no,conditional,タイプ・能力・設定が変わる恒常フォームは独立レベル技を許可。共通技は基礎種から継承し、フォーム固有STABを進化時／Lv1に追加。,能力差ありは独立ID、外見差のみFormId,最終種族ID／FormId表と照合し、戦闘終了後の技復帰をテスト
323,バクーダ,mega,メガバクーダ,メガシンカ,yes,yes,no,基礎種のレベル技・TM・教え技を完全共有。フォーム専用技は変身トリガーまたは戦闘開始時に一時付与し、保存しない。,独立内部ID（戦闘専用）,最終種族ID／FormId表と照合し、戦闘終了後の技復帰をテスト
428,ミミロップ,mega,メガミミロップ,メガシンカ,yes,yes,no,基礎種のレベル技・TM・教え技を完全共有。フォーム専用技は変身トリガーまたは戦闘開始時に一時付与し、保存しない。,独立内部ID（戦闘専用）,最終種族ID／FormId表と照合し、戦闘終了後の技復帰をテスト
373,ボーマンダ,mega,メガボーマンダ,メガシンカ,yes,yes,no,基礎種のレベル技・TM・教え技を完全共有。フォーム専用技は変身トリガーまたは戦闘開始時に一時付与し、保存しない。,独立内部ID（戦闘専用）,最終種族ID／FormId表と照合し、戦闘終了後の技復帰をテスト
15,スピアー,mega,メガスピアー,メガシンカ,yes,yes,no,基礎種のレベル技・TM・教え技を完全共有。フォーム専用技は変身トリガーまたは戦闘開始時に一時付与し、保存しない。,独立内部ID（戦闘専用）,最終種族ID／FormId表と照合し、戦闘終了後の技復帰をテスト
19,コラッタ,alola,アローラのすがた,リージョンフォーム,no,no,conditional,タイプ・能力・設定が変わる恒常フォームは独立レベル技を許可。共通技は基礎種から継承し、フォーム固有STABを進化時／Lv1に追加。,独立内部ID（恒常個体）,最終種族ID／FormId表と照合し、戦闘終了後の技復帰をテスト
20,ラッタ,alola,アローラのすがた,リージョンフォーム,no,no,conditional,タイプ・能力・設定が変わる恒常フォームは独立レベル技を許可。共通技は基礎種から継承し、フォーム固有STABを進化時／Lv1に追加。,独立内部ID（恒常個体）,最終種族ID／FormId表と照合し、戦闘終了後の技復帰をテスト
20,ラッタ,totem-alola,アローラのぬし,リージョンフォーム,no,no,conditional,タイプ・能力・設定が変わる恒常フォームは独立レベル技を許可。共通技は基礎種から継承し、フォーム固有STABを進化時／Lv1に追加。,独立内部ID（恒常個体）,最終種族ID／FormId表と照合し、戦闘終了後の技復帰をテスト
25,ピカチュウ,original-cap,オリジナルキャップ,衣装・特別個体,no,no,conditional,基礎種共有を原則とし、タイプまたは戦闘役割が変わる場合のみフォーム専用技を1～2個追加。,基礎種ID＋FormIdを優先,最終種族ID／FormId表と照合し、戦闘終了後の技復帰をテスト
25,ピカチュウ,hoenn-cap,ホウエンキャップ,衣装・特別個体,no,no,conditional,基礎種共有を原則とし、タイプまたは戦闘役割が変わる場合のみフォーム専用技を1～2個追加。,基礎種ID＋FormIdを優先,最終種族ID／FormId表と照合し、戦闘終了後の技復帰をテスト
25,ピカチュウ,sinnoh-cap,シンオウキャップ,衣装・特別個体,no,no,conditional,基礎種共有を原則とし、タイプまたは戦闘役割が変わる場合のみフォーム専用技を1～2個追加。,基礎種ID＋FormIdを優先,最終種族ID／FormId表と照合し、戦闘終了後の技復帰をテスト
25,ピカチュウ,unova-cap,イッシュキャップ,衣装・特別個体,no,no,conditional,基礎種共有を原則とし、タイプまたは戦闘役割が変わる場合のみフォーム専用技を1～2個追加。,基礎種ID＋FormIdを優先,最終種族ID／FormId表と照合し、戦闘終了後の技復帰をテスト
25,ピカチュウ,kalos-cap,カロスキャップ,衣装・特別個体,no,no,conditional,基礎種共有を原則とし、タイプまたは戦闘役割が変わる場合のみフォーム専用技を1～2個追加。,基礎種ID＋FormIdを優先,最終種族ID／FormId表と照合し、戦闘終了後の技復帰をテスト
25,ピカチュウ,alola-cap,アローラキャップ,リージョンフォーム,no,no,conditional,タイプ・能力・設定が変わる恒常フォームは独立レベル技を許可。共通技は基礎種から継承し、フォーム固有STABを進化時／Lv1に追加。,独立内部ID（恒常個体）,最終種族ID／FormId表と照合し、戦闘終了後の技復帰をテスト
26,ライチュウ,alola,アローラのすがた,リージョンフォーム,no,no,conditional,タイプ・能力・設定が変わる恒常フォームは独立レベル技を許可。共通技は基礎種から継承し、フォーム固有STABを進化時／Lv1に追加。,独立内部ID（恒常個体）,最終種族ID／FormId表と照合し、戦闘終了後の技復帰をテスト
27,サンド,alola,アローラのすがた,リージョンフォーム,no,no,conditional,タイプ・能力・設定が変わる恒常フォームは独立レベル技を許可。共通技は基礎種から継承し、フォーム固有STABを進化時／Lv1に追加。,独立内部ID（恒常個体）,最終種族ID／FormId表と照合し、戦闘終了後の技復帰をテスト
28,サンドパン,alola,アローラのすがた,リージョンフォーム,no,no,conditional,タイプ・能力・設定が変わる恒常フォームは独立レベル技を許可。共通技は基礎種から継承し、フォーム固有STABを進化時／Lv1に追加。,独立内部ID（恒常個体）,最終種族ID／FormId表と照合し、戦闘終了後の技復帰をテスト
37,ロコン,alola,アローラのすがた,リージョンフォーム,no,no,conditional,タイプ・能力・設定が変わる恒常フォームは独立レベル技を許可。共通技は基礎種から継承し、フォーム固有STABを進化時／Lv1に追加。,独立内部ID（恒常個体）,最終種族ID／FormId表と照合し、戦闘終了後の技復帰をテスト
38,キュウコン,alola,アローラのすがた,リージョンフォーム,no,no,conditional,タイプ・能力・設定が変わる恒常フォームは独立レベル技を許可。共通技は基礎種から継承し、フォーム固有STABを進化時／Lv1に追加。,独立内部ID（恒常個体）,最終種族ID／FormId表と照合し、戦闘終了後の技復帰をテスト
50,ディグダ,alola,アローラのすがた,リージョンフォーム,no,no,conditional,タイプ・能力・設定が変わる恒常フォームは独立レベル技を許可。共通技は基礎種から継承し、フォーム固有STABを進化時／Lv1に追加。,独立内部ID（恒常個体）,最終種族ID／FormId表と照合し、戦闘終了後の技復帰をテスト
51,ダグトリオ,alola,アローラのすがた,リージョンフォーム,no,no,conditional,タイプ・能力・設定が変わる恒常フォームは独立レベル技を許可。共通技は基礎種から継承し、フォーム固有STABを進化時／Lv1に追加。,独立内部ID（恒常個体）,最終種族ID／FormId表と照合し、戦闘終了後の技復帰をテスト
52,ニャース,alola,アローラのすがた,リージョンフォーム,no,no,conditional,タイプ・能力・設定が変わる恒常フォームは独立レベル技を許可。共通技は基礎種から継承し、フォーム固有STABを進化時／Lv1に追加。,独立内部ID（恒常個体）,最終種族ID／FormId表と照合し、戦闘終了後の技復帰をテスト
53,ペルシアン,alola,アローラのすがた,リージョンフォーム,no,no,conditional,タイプ・能力・設定が変わる恒常フォームは独立レベル技を許可。共通技は基礎種から継承し、フォーム固有STABを進化時／Lv1に追加。,独立内部ID（恒常個体）,最終種族ID／FormId表と照合し、戦闘終了後の技復帰をテスト
74,イシツブテ,alola,アローラのすがた,リージョンフォーム,no,no,conditional,タイプ・能力・設定が変わる恒常フォームは独立レベル技を許可。共通技は基礎種から継承し、フォーム固有STABを進化時／Lv1に追加。,独立内部ID（恒常個体）,最終種族ID／FormId表と照合し、戦闘終了後の技復帰をテスト
75,ゴローン,alola,アローラのすがた,リージョンフォーム,no,no,conditional,タイプ・能力・設定が変わる恒常フォームは独立レベル技を許可。共通技は基礎種から継承し、フォーム固有STABを進化時／Lv1に追加。,独立内部ID（恒常個体）,最終種族ID／FormId表と照合し、戦闘終了後の技復帰をテスト
76,ゴローニャ,alola,アローラのすがた,リージョンフォーム,no,no,conditional,タイプ・能力・設定が変わる恒常フォームは独立レベル技を許可。共通技は基礎種から継承し、フォーム固有STABを進化時／Lv1に追加。,独立内部ID（恒常個体）,最終種族ID／FormId表と照合し、戦闘終了後の技復帰をテスト
88,ベトベター,alola,アローラのすがた,リージョンフォーム,no,no,conditional,タイプ・能力・設定が変わる恒常フォームは独立レベル技を許可。共通技は基礎種から継承し、フォーム固有STABを進化時／Lv1に追加。,独立内部ID（恒常個体）,最終種族ID／FormId表と照合し、戦闘終了後の技復帰をテスト
89,ベトベトン,alola,アローラのすがた,リージョンフォーム,no,no,conditional,タイプ・能力・設定が変わる恒常フォームは独立レベル技を許可。共通技は基礎種から継承し、フォーム固有STABを進化時／Lv1に追加。,独立内部ID（恒常個体）,最終種族ID／FormId表と照合し、戦闘終了後の技復帰をテスト
103,ナッシー,alola,アローラのすがた,リージョンフォーム,no,no,conditional,タイプ・能力・設定が変わる恒常フォームは独立レベル技を許可。共通技は基礎種から継承し、フォーム固有STABを進化時／Lv1に追加。,独立内部ID（恒常個体）,最終種族ID／FormId表と照合し、戦闘終了後の技復帰をテスト
105,ガラガラ,alola,アローラのすがた,リージョンフォーム,no,no,conditional,タイプ・能力・設定が変わる恒常フォームは独立レベル技を許可。共通技は基礎種から継承し、フォーム固有STABを進化時／Lv1に追加。,独立内部ID（恒常個体）,最終種族ID／FormId表と照合し、戦闘終了後の技復帰をテスト
658,ゲッコウガ,battle-bond,きずなへんげ,恒常・条件フォーム,no,no,conditional,タイプ・能力・設定が変わる恒常フォームは独立レベル技を許可。共通技は基礎種から継承し、フォーム固有STABを進化時／Lv1に追加。,能力差ありは独立ID、外見差のみFormId,最終種族ID／FormId表と照合し、戦闘終了後の技復帰をテスト
658,ゲッコウガ,ash,サトシゲッコウガ,戦闘中フォーム,yes,no,no,基礎種のレベル技・TM・教え技を完全共有。フォーム専用技は変身トリガーまたは戦闘開始時に一時付与し、保存しない。,独立内部ID（戦闘専用）,最終種族ID／FormId表と照合し、戦闘終了後の技復帰をテスト
718,ジガルデ,10-power-construct,１０％フォルム,恒常・条件フォーム,no,no,conditional,タイプ・能力・設定が変わる恒常フォームは独立レベル技を許可。共通技は基礎種から継承し、フォーム固有STABを進化時／Lv1に追加。,能力差ありは独立ID、外見差のみFormId,最終種族ID／FormId表と照合し、戦闘終了後の技復帰をテスト
718,ジガルデ,50-power-construct,５０％フォルム,恒常・条件フォーム,no,no,conditional,タイプ・能力・設定が変わる恒常フォームは独立レベル技を許可。共通技は基礎種から継承し、フォーム固有STABを進化時／Lv1に追加。,能力差ありは独立ID、外見差のみFormId,最終種族ID／FormId表と照合し、戦闘終了後の技復帰をテスト
718,ジガルデ,complete,パーフェクトフォルム,戦闘中フォーム,yes,no,no,基礎種のレベル技・TM・教え技を完全共有。フォーム専用技は変身トリガーまたは戦闘開始時に一時付与し、保存しない。,独立内部ID（戦闘専用）,最終種族ID／FormId表と照合し、戦闘終了後の技復帰をテスト
735,デカグース,totem,ぬし,イベント専用個体,no,no,conditional,基礎種共有を原則とし、タイプまたは戦闘役割が変わる場合のみフォーム専用技を1～2個追加。,共有IDまたは専用ヘルパーID,最終種族ID／FormId表と照合し、戦闘終了後の技復帰をテスト
738,クワガノン,totem,ぬし,イベント専用個体,no,no,conditional,基礎種共有を原則とし、タイプまたは戦闘役割が変わる場合のみフォーム専用技を1～2個追加。,共有IDまたは専用ヘルパーID,最終種族ID／FormId表と照合し、戦闘終了後の技復帰をテスト
741,オドリドリ,pom-pom,ぱちぱちスタイル,恒常・条件フォーム,no,no,conditional,タイプ・能力・設定が変わる恒常フォームは独立レベル技を許可。共通技は基礎種から継承し、フォーム固有STABを進化時／Lv1に追加。,能力差ありは独立ID、外見差のみFormId,最終種族ID／FormId表と照合し、戦闘終了後の技復帰をテスト
741,オドリドリ,pau,ふらふらスタイル,恒常・条件フォーム,no,no,conditional,タイプ・能力・設定が変わる恒常フォームは独立レベル技を許可。共通技は基礎種から継承し、フォーム固有STABを進化時／Lv1に追加。,能力差ありは独立ID、外見差のみFormId,最終種族ID／FormId表と照合し、戦闘終了後の技復帰をテスト
741,オドリドリ,sensu,まいまいスタイル,恒常・条件フォーム,no,no,conditional,タイプ・能力・設定が変わる恒常フォームは独立レベル技を許可。共通技は基礎種から継承し、フォーム固有STABを進化時／Lv1に追加。,能力差ありは独立ID、外見差のみFormId,最終種族ID／FormId表と照合し、戦闘終了後の技復帰をテスト
745,ルガルガン,midnight,まよなかのすがた,恒常・条件フォーム,no,no,conditional,タイプ・能力・設定が変わる恒常フォームは独立レベル技を許可。共通技は基礎種から継承し、フォーム固有STABを進化時／Lv1に追加。,能力差ありは独立ID、外見差のみFormId,最終種族ID／FormId表と照合し、戦闘終了後の技復帰をテスト
746,ヨワシ,school,むれたすがた,戦闘中フォーム,yes,no,no,基礎種のレベル技・TM・教え技を完全共有。フォーム専用技は変身トリガーまたは戦闘開始時に一時付与し、保存しない。,独立内部ID（戦闘専用）,最終種族ID／FormId表と照合し、戦闘終了後の技復帰をテスト
754,ラランテス,totem,ぬし,イベント専用個体,no,no,conditional,基礎種共有を原則とし、タイプまたは戦闘役割が変わる場合のみフォーム専用技を1～2個追加。,共有IDまたは専用ヘルパーID,最終種族ID／FormId表と照合し、戦闘終了後の技復帰をテスト
758,エンニュート,totem,ぬし,イベント専用個体,no,no,conditional,基礎種共有を原則とし、タイプまたは戦闘役割が変わる場合のみフォーム専用技を1～2個追加。,共有IDまたは専用ヘルパーID,最終種族ID／FormId表と照合し、戦闘終了後の技復帰をテスト
774,メテノ,orange-meteor,りゅうせいのすがた,戦闘中フォーム,yes,no,no,基礎種のレベル技・TM・教え技を完全共有。フォーム専用技は変身トリガーまたは戦闘開始時に一時付与し、保存しない。,独立内部ID（戦闘専用）,最終種族ID／FormId表と照合し、戦闘終了後の技復帰をテスト
774,メテノ,yellow-meteor,りゅうせいのすがた,戦闘中フォーム,yes,no,no,基礎種のレベル技・TM・教え技を完全共有。フォーム専用技は変身トリガーまたは戦闘開始時に一時付与し、保存しない。,独立内部ID（戦闘専用）,最終種族ID／FormId表と照合し、戦闘終了後の技復帰をテスト
774,メテノ,green-meteor,りゅうせいのすがた,戦闘中フォーム,yes,no,no,基礎種のレベル技・TM・教え技を完全共有。フォーム専用技は変身トリガーまたは戦闘開始時に一時付与し、保存しない。,独立内部ID（戦闘専用）,最終種族ID／FormId表と照合し、戦闘終了後の技復帰をテスト
774,メテノ,blue-meteor,りゅうせいのすがた,戦闘中フォーム,yes,no,no,基礎種のレベル技・TM・教え技を完全共有。フォーム専用技は変身トリガーまたは戦闘開始時に一時付与し、保存しない。,独立内部ID（戦闘専用）,最終種族ID／FormId表と照合し、戦闘終了後の技復帰をテスト
774,メテノ,indigo-meteor,りゅうせいのすがた,戦闘中フォーム,yes,no,no,基礎種のレベル技・TM・教え技を完全共有。フォーム専用技は変身トリガーまたは戦闘開始時に一時付与し、保存しない。,独立内部ID（戦闘専用）,最終種族ID／FormId表と照合し、戦闘終了後の技復帰をテスト
774,メテノ,violet-meteor,りゅうせいのすがた,戦闘中フォーム,yes,no,no,基礎種のレベル技・TM・教え技を完全共有。フォーム専用技は変身トリガーまたは戦闘開始時に一時付与し、保存しない。,独立内部ID（戦闘専用）,最終種族ID／FormId表と照合し、戦闘終了後の技復帰をテスト
774,メテノ,red,あかいろのコア,恒常・条件フォーム,no,no,conditional,タイプ・能力・設定が変わる恒常フォームは独立レベル技を許可。共通技は基礎種から継承し、フォーム固有STABを進化時／Lv1に追加。,能力差ありは独立ID、外見差のみFormId,最終種族ID／FormId表と照合し、戦闘終了後の技復帰をテスト
774,メテノ,orange,だいだいいろのコア,恒常・条件フォーム,no,no,conditional,タイプ・能力・設定が変わる恒常フォームは独立レベル技を許可。共通技は基礎種から継承し、フォーム固有STABを進化時／Lv1に追加。,能力差ありは独立ID、外見差のみFormId,最終種族ID／FormId表と照合し、戦闘終了後の技復帰をテスト
774,メテノ,yellow,きいろのコア,恒常・条件フォーム,no,no,conditional,タイプ・能力・設定が変わる恒常フォームは独立レベル技を許可。共通技は基礎種から継承し、フォーム固有STABを進化時／Lv1に追加。,能力差ありは独立ID、外見差のみFormId,最終種族ID／FormId表と照合し、戦闘終了後の技復帰をテスト
774,メテノ,green,みどりいろのコア,恒常・条件フォーム,no,no,conditional,タイプ・能力・設定が変わる恒常フォームは独立レベル技を許可。共通技は基礎種から継承し、フォーム固有STABを進化時／Lv1に追加。,能力差ありは独立ID、外見差のみFormId,最終種族ID／FormId表と照合し、戦闘終了後の技復帰をテスト
774,メテノ,blue,みずいろのコア,恒常・条件フォーム,no,no,conditional,タイプ・能力・設定が変わる恒常フォームは独立レベル技を許可。共通技は基礎種から継承し、フォーム固有STABを進化時／Lv1に追加。,能力差ありは独立ID、外見差のみFormId,最終種族ID／FormId表と照合し、戦闘終了後の技復帰をテスト
774,メテノ,indigo,あおいろのコア,恒常・条件フォーム,no,no,conditional,タイプ・能力・設定が変わる恒常フォームは独立レベル技を許可。共通技は基礎種から継承し、フォーム固有STABを進化時／Lv1に追加。,能力差ありは独立ID、外見差のみFormId,最終種族ID／FormId表と照合し、戦闘終了後の技復帰をテスト
774,メテノ,violet,むらさきいろのコア,恒常・条件フォーム,no,no,conditional,タイプ・能力・設定が変わる恒常フォームは独立レベル技を許可。共通技は基礎種から継承し、フォーム固有STABを進化時／Lv1に追加。,能力差ありは独立ID、外見差のみFormId,最終種族ID／FormId表と照合し、戦闘終了後の技復帰をテスト
778,ミミッキュ,busted,ばれたすがた,戦闘中フォーム,yes,no,no,基礎種のレベル技・TM・教え技を完全共有。フォーム専用技は変身トリガーまたは戦闘開始時に一時付与し、保存しない。,独立内部ID（戦闘専用）,最終種族ID／FormId表と照合し、戦闘終了後の技復帰をテスト
778,ミミッキュ,totem-disguised,ぬし・ばけたすがた,イベント専用個体,no,no,conditional,基礎種共有を原則とし、タイプまたは戦闘役割が変わる場合のみフォーム専用技を1～2個追加。,共有IDまたは専用ヘルパーID,最終種族ID／FormId表と照合し、戦闘終了後の技復帰をテスト
778,ミミッキュ,totem-busted,ぬし・ばれたすがた,戦闘中フォーム,yes,no,no,基礎種のレベル技・TM・教え技を完全共有。フォーム専用技は変身トリガーまたは戦闘開始時に一時付与し、保存しない。,独立内部ID（戦闘専用）,最終種族ID／FormId表と照合し、戦闘終了後の技復帰をテスト
784,ジャラランガ,totem,ぬし,イベント専用個体,no,no,conditional,基礎種共有を原則とし、タイプまたは戦闘役割が変わる場合のみフォーム専用技を1～2個追加。,共有IDまたは専用ヘルパーID,最終種族ID／FormId表と照合し、戦闘終了後の技復帰をテスト
801,マギアナ,original,５００ねんまえのいろ,恒常・条件フォーム,no,no,conditional,タイプ・能力・設定が変わる恒常フォームは独立レベル技を許可。共通技は基礎種から継承し、フォーム固有STABを進化時／Lv1に追加。,能力差ありは独立ID、外見差のみFormId,最終種族ID／FormId表と照合し、戦闘終了後の技復帰をテスト
25,ピカチュウ,partner-cap,キミにきめたキャップ,衣装・特別個体,no,no,conditional,基礎種共有を原則とし、タイプまたは戦闘役割が変わる場合のみフォーム専用技を1～2個追加。,基礎種ID＋FormIdを優先,最終種族ID／FormId表と照合し、戦闘終了後の技復帰をテスト
105,ガラガラ,totem,ぬし,イベント専用個体,no,no,conditional,基礎種共有を原則とし、タイプまたは戦闘役割が変わる場合のみフォーム専用技を1～2個追加。,共有IDまたは専用ヘルパーID,最終種族ID／FormId表と照合し、戦闘終了後の技復帰をテスト
743,アブリボン,totem,ぬし,イベント専用個体,no,no,conditional,基礎種共有を原則とし、タイプまたは戦闘役割が変わる場合のみフォーム専用技を1～2個追加。,共有IDまたは専用ヘルパーID,最終種族ID／FormId表と照合し、戦闘終了後の技復帰をテスト
744,イワンコ,own-tempo,マイペース,恒常・条件フォーム,no,no,conditional,タイプ・能力・設定が変わる恒常フォームは独立レベル技を許可。共通技は基礎種から継承し、フォーム固有STABを進化時／Lv1に追加。,能力差ありは独立ID、外見差のみFormId,最終種族ID／FormId表と照合し、戦闘終了後の技復帰をテスト
745,ルガルガン,dusk,たそがれのすがた,恒常・条件フォーム,no,no,conditional,タイプ・能力・設定が変わる恒常フォームは独立レベル技を許可。共通技は基礎種から継承し、フォーム固有STABを進化時／Lv1に追加。,能力差ありは独立ID、外見差のみFormId,最終種族ID／FormId表と照合し、戦闘終了後の技復帰をテスト
752,オニシズクモ,totem,ぬし,イベント専用個体,no,no,conditional,基礎種共有を原則とし、タイプまたは戦闘役割が変わる場合のみフォーム専用技を1～2個追加。,共有IDまたは専用ヘルパーID,最終種族ID／FormId表と照合し、戦闘終了後の技復帰をテスト
777,トゲデマル,totem,ぬし,イベント専用個体,no,no,conditional,基礎種共有を原則とし、タイプまたは戦闘役割が変わる場合のみフォーム専用技を1～2個追加。,共有IDまたは専用ヘルパーID,最終種族ID／FormId表と照合し、戦闘終了後の技復帰をテスト
800,ネクロズマ,dusk,たそがれのたてがみ,恒常・条件フォーム,no,no,conditional,タイプ・能力・設定が変わる恒常フォームは独立レベル技を許可。共通技は基礎種から継承し、フォーム固有STABを進化時／Lv1に追加。,能力差ありは独立ID、外見差のみFormId,最終種族ID／FormId表と照合し、戦闘終了後の技復帰をテスト
800,ネクロズマ,dawn,あかつきのつばさ,恒常・条件フォーム,no,no,conditional,タイプ・能力・設定が変わる恒常フォームは独立レベル技を許可。共通技は基礎種から継承し、フォーム固有STABを進化時／Lv1に追加。,能力差ありは独立ID、外見差のみFormId,最終種族ID／FormId表と照合し、戦闘終了後の技復帰をテスト
800,ネクロズマ,ultra,ウルトラネクロズマ,戦闘中フォーム,yes,no,no,基礎種のレベル技・TM・教え技を完全共有。フォーム専用技は変身トリガーまたは戦闘開始時に一時付与し、保存しない。,独立内部ID（戦闘専用）,最終種族ID／FormId表と照合し、戦闘終了後の技復帰をテスト
25,ピカチュウ,starter,相棒,イベント専用個体,no,no,conditional,基礎種共有を原則とし、タイプまたは戦闘役割が変わる場合のみフォーム専用技を1～2個追加。,共有IDまたは専用ヘルパーID,最終種族ID／FormId表と照合し、戦闘終了後の技復帰をテスト
133,イーブイ,starter,相棒,イベント専用個体,no,no,conditional,基礎種共有を原則とし、タイプまたは戦闘役割が変わる場合のみフォーム専用技を1～2個追加。,共有IDまたは専用ヘルパーID,最終種族ID／FormId表と照合し、戦闘終了後の技復帰をテスト
25,ピカチュウ,world-cap,ワールドキャップ,衣装・特別個体,no,no,conditional,基礎種共有を原則とし、タイプまたは戦闘役割が変わる場合のみフォーム専用技を1～2個追加。,基礎種ID＋FormIdを優先,最終種族ID／FormId表と照合し、戦闘終了後の技復帰をテスト
52,ニャース,galar,ガラルのすがた,リージョンフォーム,no,no,conditional,タイプ・能力・設定が変わる恒常フォームは独立レベル技を許可。共通技は基礎種から継承し、フォーム固有STABを進化時／Lv1に追加。,独立内部ID（恒常個体）,最終種族ID／FormId表と照合し、戦闘終了後の技復帰をテスト
77,ポニータ,galar,ガラルのすがた,リージョンフォーム,no,no,conditional,タイプ・能力・設定が変わる恒常フォームは独立レベル技を許可。共通技は基礎種から継承し、フォーム固有STABを進化時／Lv1に追加。,独立内部ID（恒常個体）,最終種族ID／FormId表と照合し、戦闘終了後の技復帰をテスト
78,ギャロップ,galar,ガラルのすがた,リージョンフォーム,no,no,conditional,タイプ・能力・設定が変わる恒常フォームは独立レベル技を許可。共通技は基礎種から継承し、フォーム固有STABを進化時／Lv1に追加。,独立内部ID（恒常個体）,最終種族ID／FormId表と照合し、戦闘終了後の技復帰をテスト
79,ヤドン,galar,ガラルのすがた,リージョンフォーム,no,no,conditional,タイプ・能力・設定が変わる恒常フォームは独立レベル技を許可。共通技は基礎種から継承し、フォーム固有STABを進化時／Lv1に追加。,独立内部ID（恒常個体）,最終種族ID／FormId表と照合し、戦闘終了後の技復帰をテスト
80,ヤドラン,galar,ガラルのすがた,リージョンフォーム,no,no,conditional,タイプ・能力・設定が変わる恒常フォームは独立レベル技を許可。共通技は基礎種から継承し、フォーム固有STABを進化時／Lv1に追加。,独立内部ID（恒常個体）,最終種族ID／FormId表と照合し、戦闘終了後の技復帰をテスト
83,カモネギ,galar,ガラルのすがた,リージョンフォーム,no,no,conditional,タイプ・能力・設定が変わる恒常フォームは独立レベル技を許可。共通技は基礎種から継承し、フォーム固有STABを進化時／Lv1に追加。,独立内部ID（恒常個体）,最終種族ID／FormId表と照合し、戦闘終了後の技復帰をテスト
110,マタドガス,galar,ガラルのすがた,リージョンフォーム,no,no,conditional,タイプ・能力・設定が変わる恒常フォームは独立レベル技を許可。共通技は基礎種から継承し、フォーム固有STABを進化時／Lv1に追加。,独立内部ID（恒常個体）,最終種族ID／FormId表と照合し、戦闘終了後の技復帰をテスト
122,バリヤード,galar,ガラルのすがた,リージョンフォーム,no,no,conditional,タイプ・能力・設定が変わる恒常フォームは独立レベル技を許可。共通技は基礎種から継承し、フォーム固有STABを進化時／Lv1に追加。,独立内部ID（恒常個体）,最終種族ID／FormId表と照合し、戦闘終了後の技復帰をテスト
144,フリーザー,galar,ガラルのすがた,リージョンフォーム,no,no,conditional,タイプ・能力・設定が変わる恒常フォームは独立レベル技を許可。共通技は基礎種から継承し、フォーム固有STABを進化時／Lv1に追加。,独立内部ID（恒常個体）,最終種族ID／FormId表と照合し、戦闘終了後の技復帰をテスト
145,サンダー,galar,ガラルのすがた,リージョンフォーム,no,no,conditional,タイプ・能力・設定が変わる恒常フォームは独立レベル技を許可。共通技は基礎種から継承し、フォーム固有STABを進化時／Lv1に追加。,独立内部ID（恒常個体）,最終種族ID／FormId表と照合し、戦闘終了後の技復帰をテスト
146,ファイヤー,galar,ガラルのすがた,リージョンフォーム,no,no,conditional,タイプ・能力・設定が変わる恒常フォームは独立レベル技を許可。共通技は基礎種から継承し、フォーム固有STABを進化時／Lv1に追加。,独立内部ID（恒常個体）,最終種族ID／FormId表と照合し、戦闘終了後の技復帰をテスト
199,ヤドキング,galar,ガラルのすがた,リージョンフォーム,no,no,conditional,タイプ・能力・設定が変わる恒常フォームは独立レベル技を許可。共通技は基礎種から継承し、フォーム固有STABを進化時／Lv1に追加。,独立内部ID（恒常個体）,最終種族ID／FormId表と照合し、戦闘終了後の技復帰をテスト
222,サニーゴ,galar,ガラルのすがた,リージョンフォーム,no,no,conditional,タイプ・能力・設定が変わる恒常フォームは独立レベル技を許可。共通技は基礎種から継承し、フォーム固有STABを進化時／Lv1に追加。,独立内部ID（恒常個体）,最終種族ID／FormId表と照合し、戦闘終了後の技復帰をテスト
263,ジグザグマ,galar,ガラルのすがた,リージョンフォーム,no,no,conditional,タイプ・能力・設定が変わる恒常フォームは独立レベル技を許可。共通技は基礎種から継承し、フォーム固有STABを進化時／Lv1に追加。,独立内部ID（恒常個体）,最終種族ID／FormId表と照合し、戦闘終了後の技復帰をテスト
264,マッスグマ,galar,ガラルのすがた,リージョンフォーム,no,no,conditional,タイプ・能力・設定が変わる恒常フォームは独立レベル技を許可。共通技は基礎種から継承し、フォーム固有STABを進化時／Lv1に追加。,独立内部ID（恒常個体）,最終種族ID／FormId表と照合し、戦闘終了後の技復帰をテスト
554,ダルマッカ,galar,ガラルのすがた,リージョンフォーム,no,no,conditional,タイプ・能力・設定が変わる恒常フォームは独立レベル技を許可。共通技は基礎種から継承し、フォーム固有STABを進化時／Lv1に追加。,独立内部ID（恒常個体）,最終種族ID／FormId表と照合し、戦闘終了後の技復帰をテスト
555,ヒヒダルマ,galar-standard,ガラルのすがた,リージョンフォーム,no,no,conditional,タイプ・能力・設定が変わる恒常フォームは独立レベル技を許可。共通技は基礎種から継承し、フォーム固有STABを進化時／Lv1に追加。,独立内部ID（恒常個体）,最終種族ID／FormId表と照合し、戦闘終了後の技復帰をテスト
555,ヒヒダルマ,galar-zen,ダルマモード,リージョンフォーム,yes,no,no,基礎種のレベル技・TM・教え技を完全共有。フォーム専用技は変身トリガーまたは戦闘開始時に一時付与し、保存しない。,独立内部ID（恒常個体）,最終種族ID／FormId表と照合し、戦闘終了後の技復帰をテスト
562,デスマス,galar,ガラルのすがた,リージョンフォーム,no,no,conditional,タイプ・能力・設定が変わる恒常フォームは独立レベル技を許可。共通技は基礎種から継承し、フォーム固有STABを進化時／Lv1に追加。,独立内部ID（恒常個体）,最終種族ID／FormId表と照合し、戦闘終了後の技復帰をテスト
618,マッギョ,galar,ガラルのすがた,リージョンフォーム,no,no,conditional,タイプ・能力・設定が変わる恒常フォームは独立レベル技を許可。共通技は基礎種から継承し、フォーム固有STABを進化時／Lv1に追加。,独立内部ID（恒常個体）,最終種族ID／FormId表と照合し、戦闘終了後の技復帰をテスト
718,ジガルデ,10,１０％フォルム,恒常・条件フォーム,no,no,conditional,タイプ・能力・設定が変わる恒常フォームは独立レベル技を許可。共通技は基礎種から継承し、フォーム固有STABを進化時／Lv1に追加。,能力差ありは独立ID、外見差のみFormId,最終種族ID／FormId表と照合し、戦闘終了後の技復帰をテスト
845,ウッウ,gulping,うのみのすがた,戦闘中フォーム,yes,no,no,基礎種のレベル技・TM・教え技を完全共有。フォーム専用技は変身トリガーまたは戦闘開始時に一時付与し、保存しない。,独立内部ID（戦闘専用）,最終種族ID／FormId表と照合し、戦闘終了後の技復帰をテスト
845,ウッウ,gorging,まるのみのすがた,戦闘中フォーム,yes,no,no,基礎種のレベル技・TM・教え技を完全共有。フォーム専用技は変身トリガーまたは戦闘開始時に一時付与し、保存しない。,独立内部ID（戦闘専用）,最終種族ID／FormId表と照合し、戦闘終了後の技復帰をテスト
849,ストリンダー,low-key,ローなすがた,恒常・条件フォーム,no,no,conditional,タイプ・能力・設定が変わる恒常フォームは独立レベル技を許可。共通技は基礎種から継承し、フォーム固有STABを進化時／Lv1に追加。,能力差ありは独立ID、外見差のみFormId,最終種族ID／FormId表と照合し、戦闘終了後の技復帰をテスト
875,コオリッポ,noice,ナイスフェイス,戦闘中フォーム,yes,no,no,基礎種のレベル技・TM・教え技を完全共有。フォーム専用技は変身トリガーまたは戦闘開始時に一時付与し、保存しない。,独立内部ID（戦闘専用）,最終種族ID／FormId表と照合し、戦闘終了後の技復帰をテスト
876,イエッサン,female,メスのすがた,性別差分,no,no,conditional,基礎種共有を原則とし、タイプまたは戦闘役割が変わる場合のみフォーム専用技を1～2個追加。,基礎種ID＋性別フラグ,最終種族ID／FormId表と照合し、戦闘終了後の技復帰をテスト
877,モルペコ,hangry,はらぺこもよう,戦闘中フォーム,yes,no,no,基礎種のレベル技・TM・教え技を完全共有。フォーム専用技は変身トリガーまたは戦闘開始時に一時付与し、保存しない。,独立内部ID（戦闘専用）,最終種族ID／FormId表と照合し、戦闘終了後の技復帰をテスト
888,ザシアン,crowned,けんのおう,戦闘中フォーム,yes,no,no,基礎種のレベル技・TM・教え技を完全共有。フォーム専用技は変身トリガーまたは戦闘開始時に一時付与し、保存しない。,独立内部ID（戦闘専用）,最終種族ID／FormId表と照合し、戦闘終了後の技復帰をテスト
889,ザマゼンタ,crowned,たてのおう,戦闘中フォーム,yes,no,no,基礎種のレベル技・TM・教え技を完全共有。フォーム専用技は変身トリガーまたは戦闘開始時に一時付与し、保存しない。,独立内部ID（戦闘専用）,最終種族ID／FormId表と照合し、戦闘終了後の技復帰をテスト
890,ムゲンダイナ,eternamax,ムゲンダイマックス,恒常・条件フォーム,no,no,conditional,タイプ・能力・設定が変わる恒常フォームは独立レベル技を許可。共通技は基礎種から継承し、フォーム固有STABを進化時／Lv1に追加。,能力差ありは独立ID、外見差のみFormId,最終種族ID／FormId表と照合し、戦闘終了後の技復帰をテスト
892,ウーラオス,rapid-strike,れんげきのかた,恒常・条件フォーム,no,no,conditional,タイプ・能力・設定が変わる恒常フォームは独立レベル技を許可。共通技は基礎種から継承し、フォーム固有STABを進化時／Lv1に追加。,能力差ありは独立ID、外見差のみFormId,最終種族ID／FormId表と照合し、戦闘終了後の技復帰をテスト
893,ザルード,dada,とうちゃん,恒常・条件フォーム,no,no,conditional,タイプ・能力・設定が変わる恒常フォームは独立レベル技を許可。共通技は基礎種から継承し、フォーム固有STABを進化時／Lv1に追加。,能力差ありは独立ID、外見差のみFormId,最終種族ID／FormId表と照合し、戦闘終了後の技復帰をテスト
898,バドレックス,ice,はくばじょうのすがた,恒常・条件フォーム,no,no,conditional,タイプ・能力・設定が変わる恒常フォームは独立レベル技を許可。共通技は基礎種から継承し、フォーム固有STABを進化時／Lv1に追加。,能力差ありは独立ID、外見差のみFormId,最終種族ID／FormId表と照合し、戦闘終了後の技復帰をテスト
898,バドレックス,shadow,こくばじょうのすがた,恒常・条件フォーム,no,no,conditional,タイプ・能力・設定が変わる恒常フォームは独立レベル技を許可。共通技は基礎種から継承し、フォーム固有STABを進化時／Lv1に追加。,能力差ありは独立ID、外見差のみFormId,最終種族ID／FormId表と照合し、戦闘終了後の技復帰をテスト
3,フシギバナ,gmax,キョダイマックスのすがた,キョダイマックス,yes,no,no,基礎種のレベル技・TM・教え技を完全共有。フォーム専用技は変身トリガーまたは戦闘開始時に一時付与し、保存しない。,独立内部ID（戦闘専用）,最終種族ID／FormId表と照合し、戦闘終了後の技復帰をテスト
6,リザードン,gmax,キョダイマックスのすがた,キョダイマックス,yes,no,no,基礎種のレベル技・TM・教え技を完全共有。フォーム専用技は変身トリガーまたは戦闘開始時に一時付与し、保存しない。,独立内部ID（戦闘専用）,最終種族ID／FormId表と照合し、戦闘終了後の技復帰をテスト
9,カメックス,gmax,キョダイマックスのすがた,キョダイマックス,yes,no,no,基礎種のレベル技・TM・教え技を完全共有。フォーム専用技は変身トリガーまたは戦闘開始時に一時付与し、保存しない。,独立内部ID（戦闘専用）,最終種族ID／FormId表と照合し、戦闘終了後の技復帰をテスト
12,バタフリー,gmax,キョダイマックスのすがた,キョダイマックス,yes,no,no,基礎種のレベル技・TM・教え技を完全共有。フォーム専用技は変身トリガーまたは戦闘開始時に一時付与し、保存しない。,独立内部ID（戦闘専用）,最終種族ID／FormId表と照合し、戦闘終了後の技復帰をテスト
25,ピカチュウ,gmax,キョダイマックスのすがた,キョダイマックス,yes,no,no,基礎種のレベル技・TM・教え技を完全共有。フォーム専用技は変身トリガーまたは戦闘開始時に一時付与し、保存しない。,独立内部ID（戦闘専用）,最終種族ID／FormId表と照合し、戦闘終了後の技復帰をテスト
52,ニャース,gmax,キョダイマックスのすがた,キョダイマックス,yes,no,no,基礎種のレベル技・TM・教え技を完全共有。フォーム専用技は変身トリガーまたは戦闘開始時に一時付与し、保存しない。,独立内部ID（戦闘専用）,最終種族ID／FormId表と照合し、戦闘終了後の技復帰をテスト
68,カイリキー,gmax,キョダイマックスのすがた,キョダイマックス,yes,no,no,基礎種のレベル技・TM・教え技を完全共有。フォーム専用技は変身トリガーまたは戦闘開始時に一時付与し、保存しない。,独立内部ID（戦闘専用）,最終種族ID／FormId表と照合し、戦闘終了後の技復帰をテスト
94,ゲンガー,gmax,キョダイマックスのすがた,キョダイマックス,yes,no,no,基礎種のレベル技・TM・教え技を完全共有。フォーム専用技は変身トリガーまたは戦闘開始時に一時付与し、保存しない。,独立内部ID（戦闘専用）,最終種族ID／FormId表と照合し、戦闘終了後の技復帰をテスト
99,キングラー,gmax,キョダイマックスのすがた,キョダイマックス,yes,no,no,基礎種のレベル技・TM・教え技を完全共有。フォーム専用技は変身トリガーまたは戦闘開始時に一時付与し、保存しない。,独立内部ID（戦闘専用）,最終種族ID／FormId表と照合し、戦闘終了後の技復帰をテスト
131,ラプラス,gmax,キョダイマックスのすがた,キョダイマックス,yes,no,no,基礎種のレベル技・TM・教え技を完全共有。フォーム専用技は変身トリガーまたは戦闘開始時に一時付与し、保存しない。,独立内部ID（戦闘専用）,最終種族ID／FormId表と照合し、戦闘終了後の技復帰をテスト
133,イーブイ,gmax,キョダイマックスのすがた,キョダイマックス,yes,no,no,基礎種のレベル技・TM・教え技を完全共有。フォーム専用技は変身トリガーまたは戦闘開始時に一時付与し、保存しない。,独立内部ID（戦闘専用）,最終種族ID／FormId表と照合し、戦闘終了後の技復帰をテスト
143,カビゴン,gmax,キョダイマックスのすがた,キョダイマックス,yes,no,no,基礎種のレベル技・TM・教え技を完全共有。フォーム専用技は変身トリガーまたは戦闘開始時に一時付与し、保存しない。,独立内部ID（戦闘専用）,最終種族ID／FormId表と照合し、戦闘終了後の技復帰をテスト
569,ダストダス,gmax,キョダイマックスのすがた,キョダイマックス,yes,no,no,基礎種のレベル技・TM・教え技を完全共有。フォーム専用技は変身トリガーまたは戦闘開始時に一時付与し、保存しない。,独立内部ID（戦闘専用）,最終種族ID／FormId表と照合し、戦闘終了後の技復帰をテスト
809,メルメタル,gmax,キョダイマックスのすがた,キョダイマックス,yes,no,no,基礎種のレベル技・TM・教え技を完全共有。フォーム専用技は変身トリガーまたは戦闘開始時に一時付与し、保存しない。,独立内部ID（戦闘専用）,最終種族ID／FormId表と照合し、戦闘終了後の技復帰をテスト
812,ゴリランダー,gmax,キョダイマックスのすがた,キョダイマックス,yes,no,no,基礎種のレベル技・TM・教え技を完全共有。フォーム専用技は変身トリガーまたは戦闘開始時に一時付与し、保存しない。,独立内部ID（戦闘専用）,最終種族ID／FormId表と照合し、戦闘終了後の技復帰をテスト
815,エースバーン,gmax,キョダイマックスのすがた,キョダイマックス,yes,no,no,基礎種のレベル技・TM・教え技を完全共有。フォーム専用技は変身トリガーまたは戦闘開始時に一時付与し、保存しない。,独立内部ID（戦闘専用）,最終種族ID／FormId表と照合し、戦闘終了後の技復帰をテスト
818,インテレオン,gmax,キョダイマックスのすがた,キョダイマックス,yes,no,no,基礎種のレベル技・TM・教え技を完全共有。フォーム専用技は変身トリガーまたは戦闘開始時に一時付与し、保存しない。,独立内部ID（戦闘専用）,最終種族ID／FormId表と照合し、戦闘終了後の技復帰をテスト
823,アーマーガア,gmax,キョダイマックスのすがた,キョダイマックス,yes,no,no,基礎種のレベル技・TM・教え技を完全共有。フォーム専用技は変身トリガーまたは戦闘開始時に一時付与し、保存しない。,独立内部ID（戦闘専用）,最終種族ID／FormId表と照合し、戦闘終了後の技復帰をテスト
826,イオルブ,gmax,キョダイマックスのすがた,キョダイマックス,yes,no,no,基礎種のレベル技・TM・教え技を完全共有。フォーム専用技は変身トリガーまたは戦闘開始時に一時付与し、保存しない。,独立内部ID（戦闘専用）,最終種族ID／FormId表と照合し、戦闘終了後の技復帰をテスト
834,カジリガメ,gmax,キョダイマックスのすがた,キョダイマックス,yes,no,no,基礎種のレベル技・TM・教え技を完全共有。フォーム専用技は変身トリガーまたは戦闘開始時に一時付与し、保存しない。,独立内部ID（戦闘専用）,最終種族ID／FormId表と照合し、戦闘終了後の技復帰をテスト
839,セキタンザン,gmax,キョダイマックスのすがた,キョダイマックス,yes,no,no,基礎種のレベル技・TM・教え技を完全共有。フォーム専用技は変身トリガーまたは戦闘開始時に一時付与し、保存しない。,独立内部ID（戦闘専用）,最終種族ID／FormId表と照合し、戦闘終了後の技復帰をテスト
841,アップリュー,gmax,キョダイマックスのすがた,キョダイマックス,yes,no,no,基礎種のレベル技・TM・教え技を完全共有。フォーム専用技は変身トリガーまたは戦闘開始時に一時付与し、保存しない。,独立内部ID（戦闘専用）,最終種族ID／FormId表と照合し、戦闘終了後の技復帰をテスト
842,タルップル,gmax,キョダイマックスのすがた,キョダイマックス,yes,no,no,基礎種のレベル技・TM・教え技を完全共有。フォーム専用技は変身トリガーまたは戦闘開始時に一時付与し、保存しない。,独立内部ID（戦闘専用）,最終種族ID／FormId表と照合し、戦闘終了後の技復帰をテスト
844,サダイジャ,gmax,キョダイマックスのすがた,キョダイマックス,yes,no,no,基礎種のレベル技・TM・教え技を完全共有。フォーム専用技は変身トリガーまたは戦闘開始時に一時付与し、保存しない。,独立内部ID（戦闘専用）,最終種族ID／FormId表と照合し、戦闘終了後の技復帰をテスト
849,ストリンダー,gmax,ハイなすがた・キョダイマックスのすがた,キョダイマックス,yes,no,no,基礎種のレベル技・TM・教え技を完全共有。フォーム専用技は変身トリガーまたは戦闘開始時に一時付与し、保存しない。,独立内部ID（戦闘専用）,最終種族ID／FormId表と照合し、戦闘終了後の技復帰をテスト
851,マルヤクデ,gmax,キョダイマックスのすがた,キョダイマックス,yes,no,no,基礎種のレベル技・TM・教え技を完全共有。フォーム専用技は変身トリガーまたは戦闘開始時に一時付与し、保存しない。,独立内部ID（戦闘専用）,最終種族ID／FormId表と照合し、戦闘終了後の技復帰をテスト
858,ブリムオン,gmax,キョダイマックスのすがた,キョダイマックス,yes,no,no,基礎種のレベル技・TM・教え技を完全共有。フォーム専用技は変身トリガーまたは戦闘開始時に一時付与し、保存しない。,独立内部ID（戦闘専用）,最終種族ID／FormId表と照合し、戦闘終了後の技復帰をテスト
861,オーロンゲ,gmax,キョダイマックスのすがた,キョダイマックス,yes,no,no,基礎種のレベル技・TM・教え技を完全共有。フォーム専用技は変身トリガーまたは戦闘開始時に一時付与し、保存しない。,独立内部ID（戦闘専用）,最終種族ID／FormId表と照合し、戦闘終了後の技復帰をテスト
869,マホイップ,gmax,キョダイマックスのすがた,キョダイマックス,yes,no,no,基礎種のレベル技・TM・教え技を完全共有。フォーム専用技は変身トリガーまたは戦闘開始時に一時付与し、保存しない。,独立内部ID（戦闘専用）,最終種族ID／FormId表と照合し、戦闘終了後の技復帰をテスト
879,ダイオウドウ,gmax,キョダイマックスのすがた,キョダイマックス,yes,no,no,基礎種のレベル技・TM・教え技を完全共有。フォーム専用技は変身トリガーまたは戦闘開始時に一時付与し、保存しない。,独立内部ID（戦闘専用）,最終種族ID／FormId表と照合し、戦闘終了後の技復帰をテスト
884,ジュラルドン,gmax,キョダイマックスのすがた,キョダイマックス,yes,no,no,基礎種のレベル技・TM・教え技を完全共有。フォーム専用技は変身トリガーまたは戦闘開始時に一時付与し、保存しない。,独立内部ID（戦闘専用）,最終種族ID／FormId表と照合し、戦闘終了後の技復帰をテスト
892,ウーラオス,gmax,いちげきのかた・キョダイマックスのすがた,キョダイマックス,yes,no,no,基礎種のレベル技・TM・教え技を完全共有。フォーム専用技は変身トリガーまたは戦闘開始時に一時付与し、保存しない。,独立内部ID（戦闘専用）,最終種族ID／FormId表と照合し、戦闘終了後の技復帰をテスト
892,ウーラオス,gmax,れんげきのかた・キョダイマックスのすがた,キョダイマックス,yes,no,no,基礎種のレベル技・TM・教え技を完全共有。フォーム専用技は変身トリガーまたは戦闘開始時に一時付与し、保存しない。,独立内部ID（戦闘専用）,最終種族ID／FormId表と照合し、戦闘終了後の技復帰をテスト
849,ストリンダー,gmax,ローなすがた・キョダイマックスのすがた,キョダイマックス,yes,no,no,基礎種のレベル技・TM・教え技を完全共有。フォーム専用技は変身トリガーまたは戦闘開始時に一時付与し、保存しない。,独立内部ID（戦闘専用）,最終種族ID／FormId表と照合し、戦闘終了後の技復帰をテスト
58,ガーディ,hisui,ヒスイのすがた,リージョンフォーム,no,no,conditional,タイプ・能力・設定が変わる恒常フォームは独立レベル技を許可。共通技は基礎種から継承し、フォーム固有STABを進化時／Lv1に追加。,独立内部ID（恒常個体）,最終種族ID／FormId表と照合し、戦闘終了後の技復帰をテスト
59,ウインディ,hisui,ヒスイのすがた,リージョンフォーム,no,no,conditional,タイプ・能力・設定が変わる恒常フォームは独立レベル技を許可。共通技は基礎種から継承し、フォーム固有STABを進化時／Lv1に追加。,独立内部ID（恒常個体）,最終種族ID／FormId表と照合し、戦闘終了後の技復帰をテスト
100,ビリリダマ,hisui,ヒスイのすがた,リージョンフォーム,no,no,conditional,タイプ・能力・設定が変わる恒常フォームは独立レベル技を許可。共通技は基礎種から継承し、フォーム固有STABを進化時／Lv1に追加。,独立内部ID（恒常個体）,最終種族ID／FormId表と照合し、戦闘終了後の技復帰をテスト
101,マルマイン,hisui,ヒスイのすがた,リージョンフォーム,no,no,conditional,タイプ・能力・設定が変わる恒常フォームは独立レベル技を許可。共通技は基礎種から継承し、フォーム固有STABを進化時／Lv1に追加。,独立内部ID（恒常個体）,最終種族ID／FormId表と照合し、戦闘終了後の技復帰をテスト
157,バクフーン,hisui,ヒスイのすがた,リージョンフォーム,no,no,conditional,タイプ・能力・設定が変わる恒常フォームは独立レベル技を許可。共通技は基礎種から継承し、フォーム固有STABを進化時／Lv1に追加。,独立内部ID（恒常個体）,最終種族ID／FormId表と照合し、戦闘終了後の技復帰をテスト
211,ハリーセン,hisui,ヒスイのすがた,リージョンフォーム,no,no,conditional,タイプ・能力・設定が変わる恒常フォームは独立レベル技を許可。共通技は基礎種から継承し、フォーム固有STABを進化時／Lv1に追加。,独立内部ID（恒常個体）,最終種族ID／FormId表と照合し、戦闘終了後の技復帰をテスト
215,ニューラ,hisui,ヒスイのすがた,リージョンフォーム,no,no,conditional,タイプ・能力・設定が変わる恒常フォームは独立レベル技を許可。共通技は基礎種から継承し、フォーム固有STABを進化時／Lv1に追加。,独立内部ID（恒常個体）,最終種族ID／FormId表と照合し、戦闘終了後の技復帰をテスト
503,ダイケンキ,hisui,ヒスイのすがた,リージョンフォーム,no,no,conditional,タイプ・能力・設定が変わる恒常フォームは独立レベル技を許可。共通技は基礎種から継承し、フォーム固有STABを進化時／Lv1に追加。,独立内部ID（恒常個体）,最終種族ID／FormId表と照合し、戦闘終了後の技復帰をテスト
549,ドレディア,hisui,ヒスイのすがた,リージョンフォーム,no,no,conditional,タイプ・能力・設定が変わる恒常フォームは独立レベル技を許可。共通技は基礎種から継承し、フォーム固有STABを進化時／Lv1に追加。,独立内部ID（恒常個体）,最終種族ID／FormId表と照合し、戦闘終了後の技復帰をテスト
570,ゾロア,hisui,ヒスイのすがた,リージョンフォーム,no,no,conditional,タイプ・能力・設定が変わる恒常フォームは独立レベル技を許可。共通技は基礎種から継承し、フォーム固有STABを進化時／Lv1に追加。,独立内部ID（恒常個体）,最終種族ID／FormId表と照合し、戦闘終了後の技復帰をテスト
571,ゾロアーク,hisui,ヒスイのすがた,リージョンフォーム,no,no,conditional,タイプ・能力・設定が変わる恒常フォームは独立レベル技を許可。共通技は基礎種から継承し、フォーム固有STABを進化時／Lv1に追加。,独立内部ID（恒常個体）,最終種族ID／FormId表と照合し、戦闘終了後の技復帰をテスト
628,ウォーグル,hisui,ヒスイのすがた,リージョンフォーム,no,no,conditional,タイプ・能力・設定が変わる恒常フォームは独立レベル技を許可。共通技は基礎種から継承し、フォーム固有STABを進化時／Lv1に追加。,独立内部ID（恒常個体）,最終種族ID／FormId表と照合し、戦闘終了後の技復帰をテスト
705,ヌメイル,hisui,ヒスイのすがた,リージョンフォーム,no,no,conditional,タイプ・能力・設定が変わる恒常フォームは独立レベル技を許可。共通技は基礎種から継承し、フォーム固有STABを進化時／Lv1に追加。,独立内部ID（恒常個体）,最終種族ID／FormId表と照合し、戦闘終了後の技復帰をテスト
706,ヌメルゴン,hisui,ヒスイのすがた,リージョンフォーム,no,no,conditional,タイプ・能力・設定が変わる恒常フォームは独立レベル技を許可。共通技は基礎種から継承し、フォーム固有STABを進化時／Lv1に追加。,独立内部ID（恒常個体）,最終種族ID／FormId表と照合し、戦闘終了後の技復帰をテスト
713,クレベース,hisui,ヒスイのすがた,リージョンフォーム,no,no,conditional,タイプ・能力・設定が変わる恒常フォームは独立レベル技を許可。共通技は基礎種から継承し、フォーム固有STABを進化時／Lv1に追加。,独立内部ID（恒常個体）,最終種族ID／FormId表と照合し、戦闘終了後の技復帰をテスト
724,ジュナイパー,hisui,ヒスイのすがた,リージョンフォーム,no,no,conditional,タイプ・能力・設定が変わる恒常フォームは独立レベル技を許可。共通技は基礎種から継承し、フォーム固有STABを進化時／Lv1に追加。,独立内部ID（恒常個体）,最終種族ID／FormId表と照合し、戦闘終了後の技復帰をテスト
483,ディアルガ,origin,オリジンフォルム,恒常・条件フォーム,no,no,conditional,タイプ・能力・設定が変わる恒常フォームは独立レベル技を許可。共通技は基礎種から継承し、フォーム固有STABを進化時／Lv1に追加。,能力差ありは独立ID、外見差のみFormId,最終種族ID／FormId表と照合し、戦闘終了後の技復帰をテスト
484,パルキア,origin,オリジンフォルム,恒常・条件フォーム,no,no,conditional,タイプ・能力・設定が変わる恒常フォームは独立レベル技を許可。共通技は基礎種から継承し、フォーム固有STABを進化時／Lv1に追加。,能力差ありは独立ID、外見差のみFormId,最終種族ID／FormId表と照合し、戦闘終了後の技復帰をテスト
550,バスラオ,white-striped,しろすじのすがた,恒常・条件フォーム,no,no,conditional,タイプ・能力・設定が変わる恒常フォームは独立レベル技を許可。共通技は基礎種から継承し、フォーム固有STABを進化時／Lv1に追加。,能力差ありは独立ID、外見差のみFormId,最終種族ID／FormId表と照合し、戦闘終了後の技復帰をテスト
902,イダイトウ,female,メスのすがた,性別差分,no,no,conditional,基礎種共有を原則とし、タイプまたは戦闘役割が変わる場合のみフォーム専用技を1～2個追加。,基礎種ID＋性別フラグ,最終種族ID／FormId表と照合し、戦闘終了後の技復帰をテスト
905,ラブトロス,therian,れいじゅうフォルム,恒常・条件フォーム,no,no,conditional,タイプ・能力・設定が変わる恒常フォームは独立レベル技を許可。共通技は基礎種から継承し、フォーム固有STABを進化時／Lv1に追加。,能力差ありは独立ID、外見差のみFormId,最終種族ID／FormId表と照合し、戦闘終了後の技復帰をテスト
128,ケンタロス,paldea-combat-breed,パルデアのすがた,リージョンフォーム,no,no,conditional,タイプ・能力・設定が変わる恒常フォームは独立レベル技を許可。共通技は基礎種から継承し、フォーム固有STABを進化時／Lv1に追加。,独立内部ID（恒常個体）,最終種族ID／FormId表と照合し、戦闘終了後の技復帰をテスト
128,ケンタロス,paldea-blaze-breed,パルデアのすがた,リージョンフォーム,no,no,conditional,タイプ・能力・設定が変わる恒常フォームは独立レベル技を許可。共通技は基礎種から継承し、フォーム固有STABを進化時／Lv1に追加。,独立内部ID（恒常個体）,最終種族ID／FormId表と照合し、戦闘終了後の技復帰をテスト
128,ケンタロス,paldea-aqua-breed,パルデアのすがた,リージョンフォーム,no,no,conditional,タイプ・能力・設定が変わる恒常フォームは独立レベル技を許可。共通技は基礎種から継承し、フォーム固有STABを進化時／Lv1に追加。,独立内部ID（恒常個体）,最終種族ID／FormId表と照合し、戦闘終了後の技復帰をテスト
194,ウパー,paldea,パルデアのすがた,リージョンフォーム,no,no,conditional,タイプ・能力・設定が変わる恒常フォームは独立レベル技を許可。共通技は基礎種から継承し、フォーム固有STABを進化時／Lv1に追加。,独立内部ID（恒常個体）,最終種族ID／FormId表と照合し、戦闘終了後の技復帰をテスト
916,パフュートン,female,メスのすがた,性別差分,no,no,conditional,基礎種共有を原則とし、タイプまたは戦闘役割が変わる場合のみフォーム専用技を1～2個追加。,基礎種ID＋性別フラグ,最終種族ID／FormId表と照合し、戦闘終了後の技復帰をテスト
982,ノココッチ,three-segment,みつふしフォルム,恒常・条件フォーム,no,no,conditional,タイプ・能力・設定が変わる恒常フォームは独立レベル技を許可。共通技は基礎種から継承し、フォーム固有STABを進化時／Lv1に追加。,能力差ありは独立ID、外見差のみFormId,最終種族ID／FormId表と照合し、戦闘終了後の技復帰をテスト
964,イルカマン,hero,マイティフォルム,戦闘中フォーム,yes,no,no,基礎種のレベル技・TM・教え技を完全共有。フォーム専用技は変身トリガーまたは戦闘開始時に一時付与し、保存しない。,独立内部ID（戦闘専用）,最終種族ID／FormId表と照合し、戦闘終了後の技復帰をテスト
925,イッカネズミ,family-of-three,３びきかぞく,恒常・条件フォーム,no,no,conditional,タイプ・能力・設定が変わる恒常フォームは独立レベル技を許可。共通技は基礎種から継承し、フォーム固有STABを進化時／Lv1に追加。,能力差ありは独立ID、外見差のみFormId,最終種族ID／FormId表と照合し、戦闘終了後の技復帰をテスト
978,シャリタツ,droopy,たれたすがた,恒常・条件フォーム,no,no,conditional,タイプ・能力・設定が変わる恒常フォームは独立レベル技を許可。共通技は基礎種から継承し、フォーム固有STABを進化時／Lv1に追加。,能力差ありは独立ID、外見差のみFormId,最終種族ID／FormId表と照合し、戦闘終了後の技復帰をテスト
978,シャリタツ,stretchy,のびたすがた,恒常・条件フォーム,no,no,conditional,タイプ・能力・設定が変わる恒常フォームは独立レベル技を許可。共通技は基礎種から継承し、フォーム固有STABを進化時／Lv1に追加。,能力差ありは独立ID、外見差のみFormId,最終種族ID／FormId表と照合し、戦闘終了後の技復帰をテスト
931,イキリンコ,blue-plumage,ブルーフェザー,恒常・条件フォーム,no,no,conditional,タイプ・能力・設定が変わる恒常フォームは独立レベル技を許可。共通技は基礎種から継承し、フォーム固有STABを進化時／Lv1に追加。,能力差ありは独立ID、外見差のみFormId,最終種族ID／FormId表と照合し、戦闘終了後の技復帰をテスト
931,イキリンコ,yellow-plumage,イエローフェザー,恒常・条件フォーム,no,no,conditional,タイプ・能力・設定が変わる恒常フォームは独立レベル技を許可。共通技は基礎種から継承し、フォーム固有STABを進化時／Lv1に追加。,能力差ありは独立ID、外見差のみFormId,最終種族ID／FormId表と照合し、戦闘終了後の技復帰をテスト
931,イキリンコ,white-plumage,ホワイトフェザー,恒常・条件フォーム,no,no,conditional,タイプ・能力・設定が変わる恒常フォームは独立レベル技を許可。共通技は基礎種から継承し、フォーム固有STABを進化時／Lv1に追加。,能力差ありは独立ID、外見差のみFormId,最終種族ID／FormId表と照合し、戦闘終了後の技復帰をテスト
999,コレクレー,roaming,とほフォルム,恒常・条件フォーム,no,no,conditional,タイプ・能力・設定が変わる恒常フォームは独立レベル技を許可。共通技は基礎種から継承し、フォーム固有STABを進化時／Lv1に追加。,能力差ありは独立ID、外見差のみFormId,最終種族ID／FormId表と照合し、戦闘終了後の技復帰をテスト
1007,コライドン,limited-build,せいげんけいたい,恒常・条件フォーム,no,no,conditional,タイプ・能力・設定が変わる恒常フォームは独立レベル技を許可。共通技は基礎種から継承し、フォーム固有STABを進化時／Lv1に追加。,能力差ありは独立ID、外見差のみFormId,最終種族ID／FormId表と照合し、戦闘終了後の技復帰をテスト
1007,コライドン,sprinting-build,しっそうけいたい,恒常・条件フォーム,no,no,conditional,タイプ・能力・設定が変わる恒常フォームは独立レベル技を許可。共通技は基礎種から継承し、フォーム固有STABを進化時／Lv1に追加。,能力差ありは独立ID、外見差のみFormId,最終種族ID／FormId表と照合し、戦闘終了後の技復帰をテスト
1007,コライドン,swimming-build,ゆうえいけいたい,恒常・条件フォーム,no,no,conditional,タイプ・能力・設定が変わる恒常フォームは独立レベル技を許可。共通技は基礎種から継承し、フォーム固有STABを進化時／Lv1に追加。,能力差ありは独立ID、外見差のみFormId,最終種族ID／FormId表と照合し、戦闘終了後の技復帰をテスト
1007,コライドン,gliding-build,かっくうけいたい,恒常・条件フォーム,no,no,conditional,タイプ・能力・設定が変わる恒常フォームは独立レベル技を許可。共通技は基礎種から継承し、フォーム固有STABを進化時／Lv1に追加。,能力差ありは独立ID、外見差のみFormId,最終種族ID／FormId表と照合し、戦闘終了後の技復帰をテスト
1008,ミライドン,low-power-mode,リミテッドモード,恒常・条件フォーム,no,no,conditional,タイプ・能力・設定が変わる恒常フォームは独立レベル技を許可。共通技は基礎種から継承し、フォーム固有STABを進化時／Lv1に追加。,能力差ありは独立ID、外見差のみFormId,最終種族ID／FormId表と照合し、戦闘終了後の技復帰をテスト
1008,ミライドン,drive-mode,ドライブモード,恒常・条件フォーム,no,no,conditional,タイプ・能力・設定が変わる恒常フォームは独立レベル技を許可。共通技は基礎種から継承し、フォーム固有STABを進化時／Lv1に追加。,能力差ありは独立ID、外見差のみFormId,最終種族ID／FormId表と照合し、戦闘終了後の技復帰をテスト
1008,ミライドン,aquatic-mode,フロートモード,恒常・条件フォーム,no,no,conditional,タイプ・能力・設定が変わる恒常フォームは独立レベル技を許可。共通技は基礎種から継承し、フォーム固有STABを進化時／Lv1に追加。,能力差ありは独立ID、外見差のみFormId,最終種族ID／FormId表と照合し、戦闘終了後の技復帰をテスト
1008,ミライドン,glide-mode,グライドモード,恒常・条件フォーム,no,no,conditional,タイプ・能力・設定が変わる恒常フォームは独立レベル技を許可。共通技は基礎種から継承し、フォーム固有STABを進化時／Lv1に追加。,能力差ありは独立ID、外見差のみFormId,最終種族ID／FormId表と照合し、戦闘終了後の技復帰をテスト
901,ガチグマ,bloodmoon,アカツキ,恒常・条件フォーム,no,no,conditional,タイプ・能力・設定が変わる恒常フォームは独立レベル技を許可。共通技は基礎種から継承し、フォーム固有STABを進化時／Lv1に追加。,能力差ありは独立ID、外見差のみFormId,最終種族ID／FormId表と照合し、戦闘終了後の技復帰をテスト
1017,オーガポン,wellspring-mask,いどのめん,恒常・条件フォーム,no,no,conditional,タイプ・能力・設定が変わる恒常フォームは独立レベル技を許可。共通技は基礎種から継承し、フォーム固有STABを進化時／Lv1に追加。,能力差ありは独立ID、外見差のみFormId,最終種族ID／FormId表と照合し、戦闘終了後の技復帰をテスト
1017,オーガポン,hearthflame-mask,かまどのめん,恒常・条件フォーム,no,no,conditional,タイプ・能力・設定が変わる恒常フォームは独立レベル技を許可。共通技は基礎種から継承し、フォーム固有STABを進化時／Lv1に追加。,能力差ありは独立ID、外見差のみFormId,最終種族ID／FormId表と照合し、戦闘終了後の技復帰をテスト
1017,オーガポン,cornerstone-mask,いしずえのめん,恒常・条件フォーム,no,no,conditional,タイプ・能力・設定が変わる恒常フォームは独立レベル技を許可。共通技は基礎種から継承し、フォーム固有STABを進化時／Lv1に追加。,能力差ありは独立ID、外見差のみFormId,最終種族ID／FormId表と照合し、戦闘終了後の技復帰をテスト
1024,テラパゴス,terastal,テラスタルフォルム,戦闘中フォーム,yes,no,no,基礎種のレベル技・TM・教え技を完全共有。フォーム専用技は変身トリガーまたは戦闘開始時に一時付与し、保存しない。,独立内部ID（戦闘専用）,最終種族ID／FormId表と照合し、戦闘終了後の技復帰をテスト
1024,テラパゴス,stellar,ステラフォルム,戦闘中フォーム,yes,no,no,基礎種のレベル技・TM・教え技を完全共有。フォーム専用技は変身トリガーまたは戦闘開始時に一時付与し、保存しない。,独立内部ID（戦闘専用）,最終種族ID／FormId表と照合し、戦闘終了後の技復帰をテスト
1017,オーガポン,teal-mask-terastal,みどりのめん・テラスタル,テラスタル専用フォーム,yes,no,no,基礎種のレベル技・TM・教え技を完全共有。フォーム専用技は変身トリガーまたは戦闘開始時に一時付与し、保存しない。,独立内部ID（戦闘専用）,最終種族ID／FormId表と照合し、戦闘終了後の技復帰をテスト
1017,オーガポン,wellspring-mask-terastal,いどのめん・テラスタル,テラスタル専用フォーム,yes,no,no,基礎種のレベル技・TM・教え技を完全共有。フォーム専用技は変身トリガーまたは戦闘開始時に一時付与し、保存しない。,独立内部ID（戦闘専用）,最終種族ID／FormId表と照合し、戦闘終了後の技復帰をテスト
1017,オーガポン,hearthflame-mask-terastal,かまどのめん・テラスタル,テラスタル専用フォーム,yes,no,no,基礎種のレベル技・TM・教え技を完全共有。フォーム専用技は変身トリガーまたは戦闘開始時に一時付与し、保存しない。,独立内部ID（戦闘専用）,最終種族ID／FormId表と照合し、戦闘終了後の技復帰をテスト
1017,オーガポン,cornerstone-mask-terastal,いしずえのめん・テラスタル,テラスタル専用フォーム,yes,no,no,基礎種のレベル技・TM・教え技を完全共有。フォーム専用技は変身トリガーまたは戦闘開始時に一時付与し、保存しない。,独立内部ID（戦闘専用）,最終種族ID／FormId表と照合し、戦闘終了後の技復帰をテスト
