adapter_key,required_symbol_or_hook,contract,failure_behavior,release_gate,status
VEGA_ACQ_ADAPTER_ABI_PROBE,VegaAcqEngine_AbiProbe,return VEGA_ACQ_RUNTIME_ABI_VERSION only when every required hook and save owner is bound,runtime refuses all acquisition operations,must return 1 on exact ROM,ENGINE_ABI_AUDIT_REQUIRED
VEGA_ACQ_ADAPTER_SAVE,load/store acquisition save block,CRC/version-aware atomic durable generation covering acquisition block plus party/PC/egg queue; reported failure leaves prior generation intact; failure injectable for tests,transaction remains pending or rolls back,"dual-save/checksum ownership verified and power-loss/reset matrix passes at PREPARED, OPERATION_STAGED, and COMMIT",SAVE_OWNER_AND_ADDRESS_ALLOCATION_REQUIRED
VEGA_ACQ_ADAPTER_UNLOCK,symbolic unlock resolver,resolve every content/unlocks.csv key against existing story state,unknown key locked,all 21 keys resolved without raw flags in content,SYMBOL_BINDING_REQUIRED
VEGA_ACQ_ADAPTER_REGISTRATION,species caught/registered query and set path,forms use canonical manifest ID; eggs register only on hatch,never synthesize registration,ledger migration and hatch tests pass,ENGINE_ABI_AUDIT_REQUIRED
VEGA_ACQ_ADAPTER_STORAGE,party/PC/egg-queue preflight and durable delivery,preflight before consume; report party full and box full distinctly,no claim or source consumption,all-storage-full negative tests pass,ENGINE_ABI_AUDIT_REQUIRED
VEGA_ACQ_ADAPTER_CAPTURE,wild battle start + battle outcome callback,caught/defeated/escaped/aborted outcomes; callback survives map reload,no claim on non-caught outcome,capture vertical slice passes,ENGINE_ABI_AUDIT_REQUIRED
VEGA_ACQ_ADAPTER_ITEMS,item count/consume/restore,symbolic item key resolution; fossil/input consumed only after durable delivery,missing input or rollback,fossil save-failure test passes,ITEM_SYMBOL_AND_ENGINE_ABI_AUDIT_REQUIRED
VEGA_ACQ_ADAPTER_EVOLUTION,party selection and evolution trigger service,"trade, move, place, counter and form predicates use current engine ABI",party/item unchanged on rejection,553-edge supply matrix and 30 trade cases pass,ENGINE_ABI_AUDIT_REQUIRED
VEGA_ACQ_ADAPTER_UI,message/yes-no/standard list/party UI,reuse existing UI; host wrapper returns through waitstate,"cancel result, no mutation",all dialogue branches fit active charmap/window,TEXT_AND_UI_ABI_AUDIT_REQUIRED
