vega_dex_no,vega_name,kind,national_species_id,integration_policy,symbolic_internal_id,actual_internal_id,national_dex_link
1,リープン,ベガ／AS系オリジナル,,ベガ固有種として既存IDを固定,VEGA_FAKEMON_001,ROM抽出で確定,
2,リーティン,ベガ／AS系オリジナル,,ベガ固有種として既存IDを固定,VEGA_FAKEMON_002,ROM抽出で確定,
3,リーテイル,ベガ／AS系オリジナル,,ベガ固有種として既存IDを固定,VEGA_FAKEMON_003,ROM抽出で確定,
4,ファマー,ベガ／AS系オリジナル,,ベガ固有種として既存IDを固定,VEGA_FAKEMON_004,ROM抽出で確定,
5,ファイマー,ベガ／AS系オリジナル,,ベガ固有種として既存IDを固定,VEGA_FAKEMON_005,ROM抽出で確定,
6,ファマイン,ベガ／AS系オリジナル,,ベガ固有種として既存IDを固定,VEGA_FAKEMON_006,ROM抽出で確定,
7,アクタシ,ベガ／AS系オリジナル,,ベガ固有種として既存IDを固定,VEGA_FAKEMON_007,ROM抽出で確定,
8,レクオレ,ベガ／AS系オリジナル,,ベガ固有種として既存IDを固定,VEGA_FAKEMON_008,ROM抽出で確定,
9,タテボーシ,ベガ／AS系オリジナル,,ベガ固有種として既存IDを固定,VEGA_FAKEMON_009,ROM抽出で確定,
10,スバメ,公式ポケモン,276.0,既存ID・既存グラフィック・既存イベントを固定,VEGA_NATIVE_010,ROM抽出で確定,276.0
11,オオスバメ,公式ポケモン,277.0,既存ID・既存グラフィック・既存イベントを固定,VEGA_NATIVE_011,ROM抽出で確定,277.0
12,リオル,公式ポケモン,447.0,既存ID・既存グラフィック・既存イベントを固定,VEGA_NATIVE_012,ROM抽出で確定,447.0
13,ルカリオ,公式ポケモン,448.0,既存ID・既存グラフィック・既存イベントを固定,VEGA_NATIVE_013,ROM抽出で確定,448.0
14,デルビル,公式ポケモン,228.0,既存ID・既存グラフィック・既存イベントを固定,VEGA_NATIVE_014,ROM抽出で確定,228.0
15,ヘルガー,公式ポケモン,229.0,既存ID・既存グラフィック・既存イベントを固定,VEGA_NATIVE_015,ROM抽出で確定,229.0
16,ディグダ,公式ポケモン,50.0,既存ID・既存グラフィック・既存イベントを固定,VEGA_NATIVE_016,ROM抽出で確定,50.0
17,ダグトリオ,公式ポケモン,51.0,既存ID・既存グラフィック・既存イベントを固定,VEGA_NATIVE_017,ROM抽出で確定,51.0
18,トゲピー,公式ポケモン,175.0,既存ID・既存グラフィック・既存イベントを固定,VEGA_NATIVE_018,ROM抽出で確定,175.0
19,トゲチック,公式ポケモン,176.0,既存ID・既存グラフィック・既存イベントを固定,VEGA_NATIVE_019,ROM抽出で確定,176.0
20,トゲキッス,公式ポケモン,468.0,既存ID・既存グラフィック・既存イベントを固定,VEGA_NATIVE_020,ROM抽出で確定,468.0
21,フロン,ベガ／AS系オリジナル,,ベガ固有種として既存IDを固定,VEGA_FAKEMON_021,ROM抽出で確定,
22,フロルル,ベガ／AS系オリジナル,,ベガ固有種として既存IDを固定,VEGA_FAKEMON_022,ROM抽出で確定,
23,フローリア,ベガ／AS系オリジナル,,ベガ固有種として既存IDを固定,VEGA_FAKEMON_023,ROM抽出で確定,
24,ピチュー,公式ポケモン,172.0,既存ID・既存グラフィック・既存イベントを固定,VEGA_NATIVE_024,ROM抽出で確定,172.0
25,ピカチュウ,公式ポケモン,25.0,既存ID・既存グラフィック・既存イベントを固定,VEGA_NATIVE_025,ROM抽出で確定,25.0
26,ライチュウ,公式ポケモン,26.0,既存ID・既存グラフィック・既存イベントを固定,VEGA_NATIVE_026,ROM抽出で確定,26.0
27,ゴリチュウ,ベガ／AS系オリジナル,,ベガ固有種として既存IDを固定,VEGA_FAKEMON_027,ROM抽出で確定,
28,エアームド,公式ポケモン,227.0,既存ID・既存グラフィック・既存イベントを固定,VEGA_NATIVE_028,ROM抽出で確定,227.0
29,ニドラン♀,公式ポケモン,29.0,既存ID・既存グラフィック・既存イベントを固定,VEGA_NATIVE_029,ROM抽出で確定,29.0
30,ニドリーナ,公式ポケモン,30.0,既存ID・既存グラフィック・既存イベントを固定,VEGA_NATIVE_030,ROM抽出で確定,30.0
31,ニドクイン,公式ポケモン,31.0,既存ID・既存グラフィック・既存イベントを固定,VEGA_NATIVE_031,ROM抽出で確定,31.0
32,ニドラン♂,公式ポケモン,32.0,既存ID・既存グラフィック・既存イベントを固定,VEGA_NATIVE_032,ROM抽出で確定,32.0
33,ニドリーノ,公式ポケモン,33.0,既存ID・既存グラフィック・既存イベントを固定,VEGA_NATIVE_033,ROM抽出で確定,33.0
34,ニドキング,公式ポケモン,34.0,既存ID・既存グラフィック・既存イベントを固定,VEGA_NATIVE_034,ROM抽出で確定,34.0
35,ブイゼル,公式ポケモン,418.0,既存ID・既存グラフィック・既存イベントを固定,VEGA_NATIVE_035,ROM抽出で確定,418.0
36,フローゼル,公式ポケモン,419.0,既存ID・既存グラフィック・既存イベントを固定,VEGA_NATIVE_036,ROM抽出で確定,419.0
37,ララベリー,ベガ／AS系オリジナル,,ベガ固有種として既存IDを固定,VEGA_FAKEMON_037,ROM抽出で確定,
38,セラーナ,ベガ／AS系オリジナル,,ベガ固有種として既存IDを固定,VEGA_FAKEMON_038,ROM抽出で確定,
39,クヌギダマ,公式ポケモン,204.0,既存ID・既存グラフィック・既存イベントを固定,VEGA_NATIVE_039,ROM抽出で確定,204.0
40,フォレトス,公式ポケモン,205.0,既存ID・既存グラフィック・既存イベントを固定,VEGA_NATIVE_040,ROM抽出で確定,205.0
41,シェルダー,公式ポケモン,90.0,既存ID・既存グラフィック・既存イベントを固定,VEGA_NATIVE_041,ROM抽出で確定,90.0
42,パルシェン,公式ポケモン,91.0,既存ID・既存グラフィック・既存イベントを固定,VEGA_NATIVE_042,ROM抽出で確定,91.0
43,マホース,ベガ／AS系オリジナル,,ベガ固有種として既存IDを固定,VEGA_FAKEMON_043,ROM抽出で確定,
44,ペガーン,ベガ／AS系オリジナル,,ベガ固有種として既存IDを固定,VEGA_FAKEMON_044,ROM抽出で確定,
45,ユニサス,ベガ／AS系オリジナル,,ベガ固有種として既存IDを固定,VEGA_FAKEMON_045,ROM抽出で確定,
46,バルキー,公式ポケモン,236.0,既存ID・既存グラフィック・既存イベントを固定,VEGA_NATIVE_046,ROM抽出で確定,236.0
47,サワムラー,公式ポケモン,106.0,既存ID・既存グラフィック・既存イベントを固定,VEGA_NATIVE_047,ROM抽出で確定,106.0
48,エビワラー,公式ポケモン,107.0,既存ID・既存グラフィック・既存イベントを固定,VEGA_NATIVE_048,ROM抽出で確定,107.0
49,カポエラー,公式ポケモン,237.0,既存ID・既存グラフィック・既存イベントを固定,VEGA_NATIVE_049,ROM抽出で確定,237.0
50,ライノス,ベガ／AS系オリジナル,,ベガ固有種として既存IDを固定,VEGA_FAKEMON_050,ROM抽出で確定,
51,メタゲラス,ベガ／AS系オリジナル,,ベガ固有種として既存IDを固定,VEGA_FAKEMON_051,ROM抽出で確定,
52,アブソル,公式ポケモン,359.0,既存ID・既存グラフィック・既存イベントを固定,VEGA_NATIVE_052,ROM抽出で確定,359.0
53,ディザソル,ベガ／AS系オリジナル,,ベガ固有種として既存IDを固定,VEGA_FAKEMON_053,ROM抽出で確定,
54,キリンリキ,公式ポケモン,203.0,既存ID・既存グラフィック・既存イベントを固定,VEGA_NATIVE_054,ROM抽出で確定,203.0
55,フォリキー,ベガ／AS系オリジナル,,ベガ固有種として既存IDを固定,VEGA_FAKEMON_055,ROM抽出で確定,
56,バーニン,ベガ／AS系オリジナル,,ベガ固有種として既存IDを固定,VEGA_FAKEMON_056,ROM抽出で確定,
57,ファントマ,ベガ／AS系オリジナル,,ベガ固有種として既存IDを固定,VEGA_FAKEMON_057,ROM抽出で確定,
58,コイル,公式ポケモン,81.0,既存ID・既存グラフィック・既存イベントを固定,VEGA_NATIVE_058,ROM抽出で確定,81.0
59,レアコイル,公式ポケモン,82.0,既存ID・既存グラフィック・既存イベントを固定,VEGA_NATIVE_059,ROM抽出で確定,82.0
60,ジバコイル,公式ポケモン,462.0,既存ID・既存グラフィック・既存イベントを固定,VEGA_NATIVE_060,ROM抽出で確定,462.0
61,ヒトデマン,公式ポケモン,120.0,既存ID・既存グラフィック・既存イベントを固定,VEGA_NATIVE_061,ROM抽出で確定,120.0
62,スターミー,公式ポケモン,121.0,既存ID・既存グラフィック・既存イベントを固定,VEGA_NATIVE_062,ROM抽出で確定,121.0
63,ゴース,公式ポケモン,92.0,既存ID・既存グラフィック・既存イベントを固定,VEGA_NATIVE_063,ROM抽出で確定,92.0
64,ゴースト,公式ポケモン,93.0,既存ID・既存グラフィック・既存イベントを固定,VEGA_NATIVE_064,ROM抽出で確定,93.0
65,ゲンガー,公式ポケモン,94.0,既存ID・既存グラフィック・既存イベントを固定,VEGA_NATIVE_065,ROM抽出で確定,94.0
66,タマタマ,公式ポケモン,102.0,既存ID・既存グラフィック・既存イベントを固定,VEGA_NATIVE_066,ROM抽出で確定,102.0
67,ナッシー,公式ポケモン,103.0,既存ID・既存グラフィック・既存イベントを固定,VEGA_NATIVE_067,ROM抽出で確定,103.0
68,テディ,ベガ／AS系オリジナル,,ベガ固有種として既存IDを固定,VEGA_FAKEMON_068,ROM抽出で確定,
69,ググズリー,ベガ／AS系オリジナル,,ベガ固有種として既存IDを固定,VEGA_FAKEMON_069,ROM抽出で確定,
70,ハンタマ,ベガ／AS系オリジナル,,ベガ固有種として既存IDを固定,VEGA_FAKEMON_070,ROM抽出で確定,
71,サイホーン,公式ポケモン,111.0,既存ID・既存グラフィック・既存イベントを固定,VEGA_NATIVE_071,ROM抽出で確定,111.0
72,サイドン,公式ポケモン,112.0,既存ID・既存グラフィック・既存イベントを固定,VEGA_NATIVE_072,ROM抽出で確定,112.0
73,ドサイドン,公式ポケモン,464.0,既存ID・既存グラフィック・既存イベントを固定,VEGA_NATIVE_073,ROM抽出で確定,464.0
74,トロピウス,公式ポケモン,357.0,既存ID・既存グラフィック・既存イベントを固定,VEGA_NATIVE_074,ROM抽出で確定,357.0
75,ポリゴン,公式ポケモン,137.0,既存ID・既存グラフィック・既存イベントを固定,VEGA_NATIVE_075,ROM抽出で確定,137.0
76,ポリゴン２,公式ポケモン,233.0,既存ID・既存グラフィック・既存イベントを固定,VEGA_NATIVE_076,ROM抽出で確定,233.0
77,ポリゴンＺ,公式ポケモン,474.0,既存ID・既存グラフィック・既存イベントを固定,VEGA_NATIVE_077,ROM抽出で確定,474.0
78,タマザラシ,公式ポケモン,363.0,既存ID・既存グラフィック・既存イベントを固定,VEGA_NATIVE_078,ROM抽出で確定,363.0
79,トドグラー,公式ポケモン,364.0,既存ID・既存グラフィック・既存イベントを固定,VEGA_NATIVE_079,ROM抽出で確定,364.0
80,トドゼルガ,公式ポケモン,365.0,既存ID・既存グラフィック・既存イベントを固定,VEGA_NATIVE_080,ROM抽出で確定,365.0
81,ダンゴロウ,ベガ／AS系オリジナル,,ベガ固有種として既存IDを固定,VEGA_FAKEMON_081,ROM抽出で確定,
82,マルマジロ,ベガ／AS系オリジナル,,ベガ固有種として既存IDを固定,VEGA_FAKEMON_082,ROM抽出で確定,
83,アロフィー,ベガ／AS系オリジナル,,ベガ固有種として既存IDを固定,VEGA_FAKEMON_083,ROM抽出で確定,
84,リーフィス,ベガ／AS系オリジナル,,ベガ固有種として既存IDを固定,VEGA_FAKEMON_084,ROM抽出で確定,
85,ユキカブリ,公式ポケモン,459.0,既存ID・既存グラフィック・既存イベントを固定,VEGA_NATIVE_085,ROM抽出で確定,459.0
86,ユキノオー,公式ポケモン,460.0,既存ID・既存グラフィック・既存イベントを固定,VEGA_NATIVE_086,ROM抽出で確定,460.0
87,ユカリア,ベガ／AS系オリジナル,,ベガ固有種として既存IDを固定,VEGA_FAKEMON_087,ROM抽出で確定,
88,ネクロシア,ベガ／AS系オリジナル,,ベガ固有種として既存IDを固定,VEGA_FAKEMON_088,ROM抽出で確定,
89,カプリン,ベガ／AS系オリジナル,,ベガ固有種として既存IDを固定,VEGA_FAKEMON_089,ROM抽出で確定,
90,ゴートン,ベガ／AS系オリジナル,,ベガ固有種として既存IDを固定,VEGA_FAKEMON_090,ROM抽出で確定,
91,バフォット,ベガ／AS系オリジナル,,ベガ固有種として既存IDを固定,VEGA_FAKEMON_091,ROM抽出で確定,
92,ミルタンク,公式ポケモン,241.0,既存ID・既存グラフィック・既存イベントを固定,VEGA_NATIVE_092,ROM抽出で確定,241.0
93,ツボツボ,公式ポケモン,213.0,既存ID・既存グラフィック・既存イベントを固定,VEGA_NATIVE_093,ROM抽出で確定,213.0
94,バードン,ベガ／AS系オリジナル,,ベガ固有種として既存IDを固定,VEGA_FAKEMON_094,ROM抽出で確定,
95,ゴルドー,ベガ／AS系オリジナル,,ベガ固有種として既存IDを固定,VEGA_FAKEMON_095,ROM抽出で確定,
96,フィニクス,ベガ／AS系オリジナル,,ベガ固有種として既存IDを固定,VEGA_FAKEMON_096,ROM抽出で確定,
97,クロッチ,ベガ／AS系オリジナル,,ベガ固有種として既存IDを固定,VEGA_FAKEMON_097,ROM抽出で確定,
98,コクジャク,ベガ／AS系オリジナル,,ベガ固有種として既存IDを固定,VEGA_FAKEMON_098,ROM抽出で確定,
99,シャミネ,ベガ／AS系オリジナル,,ベガ固有種として既存IDを固定,VEGA_FAKEMON_099,ROM抽出で確定,
100,コーシャン,ベガ／AS系オリジナル,,ベガ固有種として既存IDを固定,VEGA_FAKEMON_100,ROM抽出で確定,
101,プラズン,ベガ／AS系オリジナル,,ベガ固有種として既存IDを固定,VEGA_FAKEMON_101,ROM抽出で確定,
102,ボルトック,ベガ／AS系オリジナル,,ベガ固有種として既存IDを固定,VEGA_FAKEMON_102,ROM抽出で確定,
103,カワラベ,ベガ／AS系オリジナル,,ベガ固有種として既存IDを固定,VEGA_FAKEMON_103,ROM抽出で確定,
104,テペトラー,ベガ／AS系オリジナル,,ベガ固有種として既存IDを固定,VEGA_FAKEMON_104,ROM抽出で確定,
105,ロップル,ベガ／AS系オリジナル,,ベガ固有種として既存IDを固定,VEGA_FAKEMON_105,ROM抽出で確定,
106,オタクン,ベガ／AS系オリジナル,,ベガ固有種として既存IDを固定,VEGA_FAKEMON_106,ROM抽出で確定,
107,ネラー,ベガ／AS系オリジナル,,ベガ固有種として既存IDを固定,VEGA_FAKEMON_107,ROM抽出で確定,
108,ニートン,ベガ／AS系オリジナル,,ベガ固有種として既存IDを固定,VEGA_FAKEMON_108,ROM抽出で確定,
109,ホーホー,公式ポケモン,163.0,既存ID・既存グラフィック・既存イベントを固定,VEGA_NATIVE_109,ROM抽出で確定,163.0
110,ヨルノズク,公式ポケモン,164.0,既存ID・既存グラフィック・既存イベントを固定,VEGA_NATIVE_110,ROM抽出で確定,164.0
111,ハクタクン,ベガ／AS系オリジナル,,ベガ固有種として既存IDを固定,VEGA_FAKEMON_111,ROM抽出で確定,
112,エレキッド,公式ポケモン,239.0,既存ID・既存グラフィック・既存イベントを固定,VEGA_NATIVE_112,ROM抽出で確定,239.0
113,エレブー,公式ポケモン,125.0,既存ID・既存グラフィック・既存イベントを固定,VEGA_NATIVE_113,ROM抽出で確定,125.0
114,エレキブル,公式ポケモン,466.0,既存ID・既存グラフィック・既存イベントを固定,VEGA_NATIVE_114,ROM抽出で確定,466.0
115,ブビィ,公式ポケモン,240.0,既存ID・既存グラフィック・既存イベントを固定,VEGA_NATIVE_115,ROM抽出で確定,240.0
116,ブーバー,公式ポケモン,126.0,既存ID・既存グラフィック・既存イベントを固定,VEGA_NATIVE_116,ROM抽出で確定,126.0
117,ブーバーン,公式ポケモン,467.0,既存ID・既存グラフィック・既存イベントを固定,VEGA_NATIVE_117,ROM抽出で確定,467.0
118,ガルーラ,公式ポケモン,115.0,既存ID・既存グラフィック・既存イベントを固定,VEGA_NATIVE_118,ROM抽出で確定,115.0
119,リリーラ,公式ポケモン,345.0,既存ID・既存グラフィック・既存イベントを固定,VEGA_NATIVE_119,ROM抽出で確定,345.0
120,ユレイドル,公式ポケモン,346.0,既存ID・既存グラフィック・既存イベントを固定,VEGA_NATIVE_120,ROM抽出で確定,346.0
121,スミロドン,ベガ／AS系オリジナル,,ベガ固有種として既存IDを固定,VEGA_FAKEMON_121,ROM抽出で確定,
122,マカドゥス,ベガ／AS系オリジナル,,ベガ固有種として既存IDを固定,VEGA_FAKEMON_122,ROM抽出で確定,
123,プテラ,公式ポケモン,142.0,既存ID・既存グラフィック・既存イベントを固定,VEGA_NATIVE_123,ROM抽出で確定,142.0
124,ヨーギラス,公式ポケモン,246.0,既存ID・既存グラフィック・既存イベントを固定,VEGA_NATIVE_124,ROM抽出で確定,246.0
125,サナギラス,公式ポケモン,247.0,既存ID・既存グラフィック・既存イベントを固定,VEGA_NATIVE_125,ROM抽出で確定,247.0
126,バンギラス,公式ポケモン,248.0,既存ID・既存グラフィック・既存イベントを固定,VEGA_NATIVE_126,ROM抽出で確定,248.0
127,ダンバル,公式ポケモン,374.0,既存ID・既存グラフィック・既存イベントを固定,VEGA_NATIVE_127,ROM抽出で確定,374.0
128,メタング,公式ポケモン,375.0,既存ID・既存グラフィック・既存イベントを固定,VEGA_NATIVE_128,ROM抽出で確定,375.0
129,メタグロス,公式ポケモン,376.0,既存ID・既存グラフィック・既存イベントを固定,VEGA_NATIVE_129,ROM抽出で確定,376.0
130,フカマル,公式ポケモン,443.0,既存ID・既存グラフィック・既存イベントを固定,VEGA_NATIVE_130,ROM抽出で確定,443.0
131,ガバイト,公式ポケモン,444.0,既存ID・既存グラフィック・既存イベントを固定,VEGA_NATIVE_131,ROM抽出で確定,444.0
132,ガブリアス,公式ポケモン,445.0,既存ID・既存グラフィック・既存イベントを固定,VEGA_NATIVE_132,ROM抽出で確定,445.0
133,タツゴン,ベガ／AS系オリジナル,,ベガ固有種として既存IDを固定,VEGA_FAKEMON_133,ROM抽出で確定,
134,ラグーン,ベガ／AS系オリジナル,,ベガ固有種として既存IDを固定,VEGA_FAKEMON_134,ROM抽出で確定,
135,ドラドーン,ベガ／AS系オリジナル,,ベガ固有種として既存IDを固定,VEGA_FAKEMON_135,ROM抽出で確定,
136,フリーザー,公式ポケモン,144.0,既存ID・既存グラフィック・既存イベントを固定,VEGA_NATIVE_136,ROM抽出で確定,144.0
137,サンダー,公式ポケモン,145.0,既存ID・既存グラフィック・既存イベントを固定,VEGA_NATIVE_137,ROM抽出で確定,145.0
138,ファイヤー,公式ポケモン,146.0,既存ID・既存グラフィック・既存イベントを固定,VEGA_NATIVE_138,ROM抽出で確定,146.0
139,ライコウ,公式ポケモン,243.0,既存ID・既存グラフィック・既存イベントを固定,VEGA_NATIVE_139,ROM抽出で確定,243.0
140,エンテイ,公式ポケモン,244.0,既存ID・既存グラフィック・既存イベントを固定,VEGA_NATIVE_140,ROM抽出で確定,244.0
141,スイクン,公式ポケモン,245.0,既存ID・既存グラフィック・既存イベントを固定,VEGA_NATIVE_141,ROM抽出で確定,245.0
142,ライラプス,ベガ／AS系オリジナル,,ベガ固有種として既存IDを固定,VEGA_FAKEMON_142,ROM抽出で確定,
143,ガニメデ,ベガ／AS系オリジナル,,ベガ固有種として既存IDを固定,VEGA_FAKEMON_143,ROM抽出で確定,
144,ネメア,ベガ／AS系オリジナル,,ベガ固有種として既存IDを固定,VEGA_FAKEMON_144,ROM抽出で確定,
145,ディアルガ,公式ポケモン,483.0,既存ID・既存グラフィック・既存イベントを固定,VEGA_NATIVE_145,ROM抽出で確定,483.0
146,パルキア,公式ポケモン,484.0,既存ID・既存グラフィック・既存イベントを固定,VEGA_NATIVE_146,ROM抽出で確定,484.0
147,ダークライ,公式ポケモン,491.0,既存ID・既存グラフィック・既存イベントを固定,VEGA_NATIVE_147,ROM抽出で確定,491.0
148,ルギア,公式ポケモン,249.0,既存ID・既存グラフィック・既存イベントを固定,VEGA_NATIVE_148,ROM抽出で確定,249.0
149,ホウオウ,公式ポケモン,250.0,既存ID・既存グラフィック・既存イベントを固定,VEGA_NATIVE_149,ROM抽出で確定,250.0
150,ミュウツー,公式ポケモン,150.0,既存ID・既存グラフィック・既存イベントを固定,VEGA_NATIVE_150,ROM抽出で確定,150.0
151,ミュウ,公式ポケモン,151.0,既存ID・既存グラフィック・既存イベントを固定,VEGA_NATIVE_151,ROM抽出で確定,151.0
152,フシギダネ,公式ポケモン,1.0,既存ID・既存グラフィック・既存イベントを固定,VEGA_NATIVE_152,ROM抽出で確定,1.0
153,フシギソウ,公式ポケモン,2.0,既存ID・既存グラフィック・既存イベントを固定,VEGA_NATIVE_153,ROM抽出で確定,2.0
154,フシギバナ,公式ポケモン,3.0,既存ID・既存グラフィック・既存イベントを固定,VEGA_NATIVE_154,ROM抽出で確定,3.0
155,ヒトカゲ,公式ポケモン,4.0,既存ID・既存グラフィック・既存イベントを固定,VEGA_NATIVE_155,ROM抽出で確定,4.0
156,リザード,公式ポケモン,5.0,既存ID・既存グラフィック・既存イベントを固定,VEGA_NATIVE_156,ROM抽出で確定,5.0
157,リザードン,公式ポケモン,6.0,既存ID・既存グラフィック・既存イベントを固定,VEGA_NATIVE_157,ROM抽出で確定,6.0
158,ゼニガメ,公式ポケモン,7.0,既存ID・既存グラフィック・既存イベントを固定,VEGA_NATIVE_158,ROM抽出で確定,7.0
159,カメール,公式ポケモン,8.0,既存ID・既存グラフィック・既存イベントを固定,VEGA_NATIVE_159,ROM抽出で確定,8.0
160,カメックス,公式ポケモン,9.0,既存ID・既存グラフィック・既存イベントを固定,VEGA_NATIVE_160,ROM抽出で確定,9.0
161,バジール,ベガ／AS系オリジナル,,ベガ固有種として既存IDを固定,VEGA_FAKEMON_161,ROM抽出で確定,
162,バジルス,ベガ／AS系オリジナル,,ベガ固有種として既存IDを固定,VEGA_FAKEMON_162,ROM抽出で確定,
163,バジリール,ベガ／AS系オリジナル,,ベガ固有種として既存IDを固定,VEGA_FAKEMON_163,ROM抽出で確定,
164,コマシシ,ベガ／AS系オリジナル,,ベガ固有種として既存IDを固定,VEGA_FAKEMON_164,ROM抽出で確定,
165,コマレオ,ベガ／AS系オリジナル,,ベガ固有種として既存IDを固定,VEGA_FAKEMON_165,ROM抽出で確定,
166,コマレオン,ベガ／AS系オリジナル,,ベガ固有種として既存IDを固定,VEGA_FAKEMON_166,ROM抽出で確定,
167,トッコウオ,ベガ／AS系オリジナル,,ベガ固有種として既存IDを固定,VEGA_FAKEMON_167,ROM抽出で確定,
168,ボウソウオ,ベガ／AS系オリジナル,,ベガ固有種として既存IDを固定,VEGA_FAKEMON_168,ROM抽出で確定,
169,バクソウオ,ベガ／AS系オリジナル,,ベガ固有種として既存IDを固定,VEGA_FAKEMON_169,ROM抽出で確定,
170,チェキラ,ベガ／AS系オリジナル,,ベガ固有種として既存IDを固定,VEGA_FAKEMON_170,ROM抽出で確定,
171,チェキッド,ベガ／AS系オリジナル,,ベガ固有種として既存IDを固定,VEGA_FAKEMON_171,ROM抽出で確定,
172,チェキラス,ベガ／AS系オリジナル,,ベガ固有種として既存IDを固定,VEGA_FAKEMON_172,ROM抽出で確定,
173,リバード,ベガ／AS系オリジナル,,ベガ固有種として既存IDを固定,VEGA_FAKEMON_173,ROM抽出で確定,
174,ララミンゴ,ベガ／AS系オリジナル,,ベガ固有種として既存IDを固定,VEGA_FAKEMON_174,ROM抽出で確定,
175,パチリス,公式ポケモン,417.0,既存ID・既存グラフィック・既存イベントを固定,VEGA_NATIVE_175,ROM抽出で確定,417.0
176,パチリック,ベガ／AS系オリジナル,,ベガ固有種として既存IDを固定,VEGA_FAKEMON_176,ROM抽出で確定,
177,パンプリー,ベガ／AS系オリジナル,,ベガ固有種として既存IDを固定,VEGA_FAKEMON_177,ROM抽出で確定,
178,パンプッチ,ベガ／AS系オリジナル,,ベガ固有種として既存IDを固定,VEGA_FAKEMON_178,ROM抽出で確定,
179,ルナビット,ベガ／AS系オリジナル,,ベガ固有種として既存IDを固定,VEGA_FAKEMON_179,ROM抽出で確定,
180,ルナバイン,ベガ／AS系オリジナル,,ベガ固有種として既存IDを固定,VEGA_FAKEMON_180,ROM抽出で確定,
181,ウソギー,ベガ／AS系オリジナル,,ベガ固有種として既存IDを固定,VEGA_FAKEMON_181,ROM抽出で確定,
182,ウソドロ,ベガ／AS系オリジナル,,ベガ固有種として既存IDを固定,VEGA_FAKEMON_182,ROM抽出で確定,
183,メタモン,公式ポケモン,132.0,既存ID・既存グラフィック・既存イベントを固定,VEGA_NATIVE_183,ROM抽出で確定,132.0
184,ムチュール,公式ポケモン,238.0,既存ID・既存グラフィック・既存イベントを固定,VEGA_NATIVE_184,ROM抽出で確定,238.0
185,ルージュラ,公式ポケモン,124.0,既存ID・既存グラフィック・既存イベントを固定,VEGA_NATIVE_185,ROM抽出で確定,124.0
186,レジュリア,ベガ／AS系オリジナル,,ベガ固有種として既存IDを固定,VEGA_FAKEMON_186,ROM抽出で確定,
187,タダヌキ,ベガ／AS系オリジナル,,ベガ固有種として既存IDを固定,VEGA_FAKEMON_187,ROM抽出で確定,
188,オオムジナ,ベガ／AS系オリジナル,,ベガ固有種として既存IDを固定,VEGA_FAKEMON_188,ROM抽出で確定,
189,ポコキング,ベガ／AS系オリジナル,,ベガ固有種として既存IDを固定,VEGA_FAKEMON_189,ROM抽出で確定,
190,アスイーツ,ベガ／AS系オリジナル,,ベガ固有種として既存IDを固定,VEGA_FAKEMON_190,ROM抽出で確定,
191,コユキムシ,ベガ／AS系オリジナル,,ベガ固有種として既存IDを固定,VEGA_FAKEMON_191,ROM抽出で確定,
192,ユキタテハ,ベガ／AS系オリジナル,,ベガ固有種として既存IDを固定,VEGA_FAKEMON_192,ROM抽出で確定,
193,ペラップ,公式ポケモン,441.0,既存ID・既存グラフィック・既存イベントを固定,VEGA_NATIVE_193,ROM抽出で確定,441.0
194,オオペラー,ベガ／AS系オリジナル,,ベガ固有種として既存IDを固定,VEGA_FAKEMON_194,ROM抽出で確定,
195,オリバー,ベガ／AS系オリジナル,,ベガ固有種として既存IDを固定,VEGA_FAKEMON_195,ROM抽出で確定,
196,ランペルン,ベガ／AS系オリジナル,,ベガ固有種として既存IDを固定,VEGA_FAKEMON_196,ROM抽出で確定,
197,キーボン,ベガ／AS系オリジナル,,ベガ固有種として既存IDを固定,VEGA_FAKEMON_197,ROM抽出で確定,
198,レディバ,公式ポケモン,165.0,既存ID・既存グラフィック・既存イベントを固定,VEGA_NATIVE_198,ROM抽出で確定,165.0
199,レディアン,公式ポケモン,166.0,既存ID・既存グラフィック・既存イベントを固定,VEGA_NATIVE_199,ROM抽出で確定,166.0
200,レディバル,ベガ／AS系オリジナル,,ベガ固有種として既存IDを固定,VEGA_FAKEMON_200,ROM抽出で確定,
201,アンノーン,公式ポケモン,201.0,既存ID・既存グラフィック・既存イベントを固定,VEGA_NATIVE_201,ROM抽出で確定,201.0
202,ケンタル,ベガ／AS系オリジナル,,ベガ固有種として既存IDを固定,VEGA_FAKEMON_202,ROM抽出で確定,
203,ケンタロス,公式ポケモン,128.0,既存ID・既存グラフィック・既存イベントを固定,VEGA_NATIVE_203,ROM抽出で確定,128.0
204,ルナトーン,公式ポケモン,337.0,既存ID・既存グラフィック・既存イベントを固定,VEGA_NATIVE_204,ROM抽出で確定,337.0
205,ソルロック,公式ポケモン,338.0,既存ID・既存グラフィック・既存イベントを固定,VEGA_NATIVE_205,ROM抽出で確定,338.0
206,アスリスク,ベガ／AS系オリジナル,,ベガ固有種として既存IDを固定,VEGA_FAKEMON_206,ROM抽出で確定,
207,プラネム,ベガ／AS系オリジナル,,ベガ固有種として既存IDを固定,VEGA_FAKEMON_207,ROM抽出で確定,
208,モドラ,ベガ／AS系オリジナル,,ベガ固有種として既存IDを固定,VEGA_FAKEMON_208,ROM抽出で確定,
209,コモラゴン,ベガ／AS系オリジナル,,ベガ固有種として既存IDを固定,VEGA_FAKEMON_209,ROM抽出で確定,
210,テッポウオ,公式ポケモン,223.0,既存ID・既存グラフィック・既存イベントを固定,VEGA_NATIVE_210,ROM抽出で確定,223.0
211,オクタン,公式ポケモン,224.0,既存ID・既存グラフィック・既存イベントを固定,VEGA_NATIVE_211,ROM抽出で確定,224.0
212,メノクラゲ,公式ポケモン,72.0,既存ID・既存グラフィック・既存イベントを固定,VEGA_NATIVE_212,ROM抽出で確定,72.0
213,ドククラゲ,公式ポケモン,73.0,既存ID・既存グラフィック・既存イベントを固定,VEGA_NATIVE_213,ROM抽出で確定,73.0
214,ヤミクラゲ,ベガ／AS系オリジナル,,ベガ固有種として既存IDを固定,VEGA_FAKEMON_214,ROM抽出で確定,
215,コイナリ,ベガ／AS系オリジナル,,ベガ固有種として既存IDを固定,VEGA_FAKEMON_215,ROM抽出で確定,
216,オオイナリ,ベガ／AS系オリジナル,,ベガ固有種として既存IDを固定,VEGA_FAKEMON_216,ROM抽出で確定,
217,キャンペル,ベガ／AS系オリジナル,,ベガ固有種として既存IDを固定,VEGA_FAKEMON_217,ROM抽出で確定,
218,ホムロソク,ベガ／AS系オリジナル,,ベガ固有種として既存IDを固定,VEGA_FAKEMON_218,ROM抽出で確定,
219,ガレキダマ,ベガ／AS系オリジナル,,ベガ固有種として既存IDを固定,VEGA_FAKEMON_219,ROM抽出で確定,
220,ジバクン,ベガ／AS系オリジナル,,ベガ固有種として既存IDを固定,VEGA_FAKEMON_220,ROM抽出で確定,
221,ワラコゾウ,ベガ／AS系オリジナル,,ベガ固有種として既存IDを固定,VEGA_FAKEMON_221,ROM抽出で確定,
222,ワラガシラ,ベガ／AS系オリジナル,,ベガ固有種として既存IDを固定,VEGA_FAKEMON_222,ROM抽出で確定,
223,ビリリダマ,公式ポケモン,100.0,既存ID・既存グラフィック・既存イベントを固定,VEGA_NATIVE_223,ROM抽出で確定,100.0
224,マルマイン,公式ポケモン,101.0,既存ID・既存グラフィック・既存イベントを固定,VEGA_NATIVE_224,ROM抽出で確定,101.0
225,ドルマイン,ベガ／AS系オリジナル,,ベガ固有種として既存IDを固定,VEGA_FAKEMON_225,ROM抽出で確定,
226,ヤミカラス,公式ポケモン,198.0,既存ID・既存グラフィック・既存イベントを固定,VEGA_NATIVE_226,ROM抽出で確定,198.0
227,ドンカラス,公式ポケモン,430.0,既存ID・既存グラフィック・既存イベントを固定,VEGA_NATIVE_227,ROM抽出で確定,430.0
228,ゴニョニョ,公式ポケモン,293.0,既存ID・既存グラフィック・既存イベントを固定,VEGA_NATIVE_228,ROM抽出で確定,293.0
229,ドゴーム,公式ポケモン,294.0,既存ID・既存グラフィック・既存イベントを固定,VEGA_NATIVE_229,ROM抽出で確定,294.0
230,バクオング,公式ポケモン,295.0,既存ID・既存グラフィック・既存イベントを固定,VEGA_NATIVE_230,ROM抽出で確定,295.0
231,クラブ,公式ポケモン,98.0,既存ID・既存グラフィック・既存イベントを固定,VEGA_NATIVE_231,ROM抽出で確定,98.0
232,キングラー,公式ポケモン,99.0,既存ID・既存グラフィック・既存イベントを固定,VEGA_NATIVE_232,ROM抽出で確定,99.0
233,プカスカ,ベガ／AS系オリジナル,,ベガ固有種として既存IDを固定,VEGA_FAKEMON_233,ROM抽出で確定,
234,スモーガス,ベガ／AS系オリジナル,,ベガ固有種として既存IDを固定,VEGA_FAKEMON_234,ROM抽出で確定,
235,ココロン,ベガ／AS系オリジナル,,ベガ固有種として既存IDを固定,VEGA_FAKEMON_235,ROM抽出で確定,
236,カモドック,ベガ／AS系オリジナル,,ベガ固有種として既存IDを固定,VEGA_FAKEMON_236,ROM抽出で確定,
237,トノッパー,ベガ／AS系オリジナル,,ベガ固有種として既存IDを固定,VEGA_FAKEMON_237,ROM抽出で確定,
238,ガルラーダ,ベガ／AS系オリジナル,,ベガ固有種として既存IDを固定,VEGA_FAKEMON_238,ROM抽出で確定,
239,ハサーガ,ベガ／AS系オリジナル,,ベガ固有種として既存IDを固定,VEGA_FAKEMON_239,ROM抽出で確定,
240,アメクジ,ベガ／AS系オリジナル,,ベガ固有種として既存IDを固定,VEGA_FAKEMON_240,ROM抽出で確定,
241,アメリシア,ベガ／AS系オリジナル,,ベガ固有種として既存IDを固定,VEGA_FAKEMON_241,ROM抽出で確定,
242,カララン,ベガ／AS系オリジナル,,ベガ固有種として既存IDを固定,VEGA_FAKEMON_242,ROM抽出で確定,
243,カンカーン,ベガ／AS系オリジナル,,ベガ固有種として既存IDを固定,VEGA_FAKEMON_243,ROM抽出で確定,
244,クラウン,ベガ／AS系オリジナル,,ベガ固有種として既存IDを固定,VEGA_FAKEMON_244,ROM抽出で確定,
245,テイルーン,ベガ／AS系オリジナル,,ベガ固有種として既存IDを固定,VEGA_FAKEMON_245,ROM抽出で確定,
246,モグルトン,ベガ／AS系オリジナル,,ベガ固有種として既存IDを固定,VEGA_FAKEMON_246,ROM抽出で確定,
247,ニューラ,公式ポケモン,215.0,既存ID・既存グラフィック・既存イベントを固定,VEGA_NATIVE_247,ROM抽出で確定,215.0
248,マニューラ,公式ポケモン,461.0,既存ID・既存グラフィック・既存イベントを固定,VEGA_NATIVE_248,ROM抽出で確定,461.0
249,キノココ,公式ポケモン,285.0,既存ID・既存グラフィック・既存イベントを固定,VEGA_NATIVE_249,ROM抽出で確定,285.0
250,キノガッサ,公式ポケモン,286.0,既存ID・既存グラフィック・既存イベントを固定,VEGA_NATIVE_250,ROM抽出で確定,286.0
251,ラクチャン,ベガ／AS系オリジナル,,ベガ固有種として既存IDを固定,VEGA_FAKEMON_251,ROM抽出で確定,
252,ドゴン,ベガ／AS系オリジナル,,ベガ固有種として既存IDを固定,VEGA_FAKEMON_252,ROM抽出で確定,
253,ヤミラミ,公式ポケモン,302.0,既存ID・既存グラフィック・既存イベントを固定,VEGA_NATIVE_253,ROM抽出で確定,302.0
254,トコヤミ,ベガ／AS系オリジナル,,ベガ固有種として既存IDを固定,VEGA_FAKEMON_254,ROM抽出で確定,
255,クチート,公式ポケモン,303.0,既存ID・既存グラフィック・既存イベントを固定,VEGA_NATIVE_255,ROM抽出で確定,303.0
256,クチールス,ベガ／AS系オリジナル,,ベガ固有種として既存IDを固定,VEGA_FAKEMON_256,ROM抽出で確定,
257,ストライク,公式ポケモン,123.0,既存ID・既存グラフィック・既存イベントを固定,VEGA_NATIVE_257,ROM抽出で確定,123.0
258,ハッサム,公式ポケモン,212.0,既存ID・既存グラフィック・既存イベントを固定,VEGA_NATIVE_258,ROM抽出で確定,212.0
259,カイロス,公式ポケモン,127.0,既存ID・既存グラフィック・既存イベントを固定,VEGA_NATIVE_259,ROM抽出で確定,127.0
260,ガッツロス,ベガ／AS系オリジナル,,ベガ固有種として既存IDを固定,VEGA_FAKEMON_260,ROM抽出で確定,
261,アーボ,公式ポケモン,23.0,既存ID・既存グラフィック・既存イベントを固定,VEGA_NATIVE_261,ROM抽出で確定,23.0
262,アーボック,公式ポケモン,24.0,既存ID・既存グラフィック・既存イベントを固定,VEGA_NATIVE_262,ROM抽出で確定,24.0
263,アーボスク,ベガ／AS系オリジナル,,ベガ固有種として既存IDを固定,VEGA_FAKEMON_263,ROM抽出で確定,
264,ドガース,公式ポケモン,109.0,既存ID・既存グラフィック・既存イベントを固定,VEGA_NATIVE_264,ROM抽出で確定,109.0
265,マタドガス,公式ポケモン,110.0,既存ID・既存グラフィック・既存イベントを固定,VEGA_NATIVE_265,ROM抽出で確定,110.0
266,モアドガス,ベガ／AS系オリジナル,,ベガ固有種として既存IDを固定,VEGA_FAKEMON_266,ROM抽出で確定,
267,ヨマワル,公式ポケモン,355.0,既存ID・既存グラフィック・既存イベントを固定,VEGA_NATIVE_267,ROM抽出で確定,355.0
268,サマヨール,公式ポケモン,356.0,既存ID・既存グラフィック・既存イベントを固定,VEGA_NATIVE_268,ROM抽出で確定,356.0
269,ヨノワール,公式ポケモン,477.0,既存ID・既存グラフィック・既存イベントを固定,VEGA_NATIVE_269,ROM抽出で確定,477.0
270,ベロリンガ,公式ポケモン,108.0,既存ID・既存グラフィック・既存イベントを固定,VEGA_NATIVE_270,ROM抽出で確定,108.0
271,ベロベルト,公式ポケモン,463.0,既存ID・既存グラフィック・既存イベントを固定,VEGA_NATIVE_271,ROM抽出で確定,463.0
272,イトマル,公式ポケモン,167.0,既存ID・既存グラフィック・既存イベントを固定,VEGA_NATIVE_272,ROM抽出で確定,167.0
273,アリアドス,公式ポケモン,168.0,既存ID・既存グラフィック・既存イベントを固定,VEGA_NATIVE_273,ROM抽出で確定,168.0
274,バチュル,公式ポケモン,595.0,既存ID・既存グラフィック・既存イベントを固定,VEGA_NATIVE_274,ROM抽出で確定,595.0
275,デンチュラ,公式ポケモン,596.0,既存ID・既存グラフィック・既存イベントを固定,VEGA_NATIVE_275,ROM抽出で確定,596.0
276,マグッピ,ベガ／AS系オリジナル,,ベガ固有種として既存IDを固定,VEGA_FAKEMON_276,ROM抽出で確定,
277,ベタデーム,ベガ／AS系オリジナル,,ベガ固有種として既存IDを固定,VEGA_FAKEMON_277,ROM抽出で確定,
278,ジーランス,公式ポケモン,369.0,既存ID・既存グラフィック・既存イベントを固定,VEGA_NATIVE_278,ROM抽出で確定,369.0
279,ダンカンス,ベガ／AS系オリジナル,,ベガ固有種として既存IDを固定,VEGA_FAKEMON_279,ROM抽出で確定,
280,ヤマネツ,ベガ／AS系オリジナル,,ベガ固有種として既存IDを固定,VEGA_FAKEMON_280,ROM抽出で確定,
281,ヒササビ,ベガ／AS系オリジナル,,ベガ固有種として既存IDを固定,VEGA_FAKEMON_281,ROM抽出で確定,
282,シャーモン,ベガ／AS系オリジナル,,ベガ固有種として既存IDを固定,VEGA_FAKEMON_282,ROM抽出で確定,
283,ドサーモン,ベガ／AS系オリジナル,,ベガ固有種として既存IDを固定,VEGA_FAKEMON_283,ROM抽出で確定,
284,テッケン,ベガ／AS系オリジナル,,ベガ固有種として既存IDを固定,VEGA_FAKEMON_284,ROM抽出で確定,
285,テッコンボ,ベガ／AS系オリジナル,,ベガ固有種として既存IDを固定,VEGA_FAKEMON_285,ROM抽出で確定,
286,ボンバット,ベガ／AS系オリジナル,,ベガ固有種として既存IDを固定,VEGA_FAKEMON_286,ROM抽出で確定,
287,ピンプク,公式ポケモン,440.0,既存ID・既存グラフィック・既存イベントを固定,VEGA_NATIVE_287,ROM抽出で確定,440.0
288,ラッキー,公式ポケモン,113.0,既存ID・既存グラフィック・既存イベントを固定,VEGA_NATIVE_288,ROM抽出で確定,113.0
289,ハピナス,公式ポケモン,242.0,既存ID・既存グラフィック・既存イベントを固定,VEGA_NATIVE_289,ROM抽出で確定,242.0
290,ツチニン,公式ポケモン,290.0,既存ID・既存グラフィック・既存イベントを固定,VEGA_NATIVE_290,ROM抽出で確定,290.0
291,テッカニン,公式ポケモン,291.0,既存ID・既存グラフィック・既存イベントを固定,VEGA_NATIVE_291,ROM抽出で確定,291.0
292,ヌケニン,公式ポケモン,292.0,既存ID・既存グラフィック・既存イベントを固定,VEGA_NATIVE_292,ROM抽出で確定,292.0
293,サンド,公式ポケモン,27.0,既存ID・既存グラフィック・既存イベントを固定,VEGA_NATIVE_293,ROM抽出で確定,27.0
294,サンドパン,公式ポケモン,28.0,既存ID・既存グラフィック・既存イベントを固定,VEGA_NATIVE_294,ROM抽出で確定,28.0
295,サンドリル,ベガ／AS系オリジナル,,ベガ固有種として既存IDを固定,VEGA_FAKEMON_295,ROM抽出で確定,
296,ビビッドン,ベガ／AS系オリジナル,,ベガ固有種として既存IDを固定,VEGA_FAKEMON_296,ROM抽出で確定,
297,ドルン,ベガ／AS系オリジナル,,ベガ固有種として既存IDを固定,VEGA_FAKEMON_297,ROM抽出で確定,
298,オールガ,ベガ／AS系オリジナル,,ベガ固有種として既存IDを固定,VEGA_FAKEMON_298,ROM抽出で確定,
299,ヒョウカク,ベガ／AS系オリジナル,,ベガ固有種として既存IDを固定,VEGA_FAKEMON_299,ROM抽出で確定,
300,ラルトス,公式ポケモン,280.0,既存ID・既存グラフィック・既存イベントを固定,VEGA_NATIVE_300,ROM抽出で確定,280.0
301,キルリア,公式ポケモン,281.0,既存ID・既存グラフィック・既存イベントを固定,VEGA_NATIVE_301,ROM抽出で確定,281.0
302,サーナイト,公式ポケモン,282.0,既存ID・既存グラフィック・既存イベントを固定,VEGA_NATIVE_302,ROM抽出で確定,282.0
303,エルレイド,公式ポケモン,475.0,既存ID・既存グラフィック・既存イベントを固定,VEGA_NATIVE_303,ROM抽出で確定,475.0
304,キルギシア,ベガ／AS系オリジナル,,ベガ固有種として既存IDを固定,VEGA_FAKEMON_304,ROM抽出で確定,
305,シルドール,ベガ／AS系オリジナル,,ベガ固有種として既存IDを固定,VEGA_FAKEMON_305,ROM抽出で確定,
306,セルシィ,ベガ／AS系オリジナル,,ベガ固有種として既存IDを固定,VEGA_FAKEMON_306,ROM抽出で確定,
307,セルディー,ベガ／AS系オリジナル,,ベガ固有種として既存IDを固定,VEGA_FAKEMON_307,ROM抽出で確定,
308,コゴボー,ベガ／AS系オリジナル,,ベガ固有種として既存IDを固定,VEGA_FAKEMON_308,ROM抽出で確定,
309,バーネッコ,ベガ／AS系オリジナル,,ベガ固有種として既存IDを固定,VEGA_FAKEMON_309,ROM抽出で確定,
310,コケゾー,ベガ／AS系オリジナル,,ベガ固有種として既存IDを固定,VEGA_FAKEMON_310,ROM抽出で確定,
311,ヒカリゴケ,ベガ／AS系オリジナル,,ベガ固有種として既存IDを固定,VEGA_FAKEMON_311,ROM抽出で確定,
312,フリージオ,公式ポケモン,615.0,既存ID・既存グラフィック・既存イベントを固定,VEGA_NATIVE_312,ROM抽出で確定,615.0
313,ワークロ,ベガ／AS系オリジナル,,ベガ固有種として既存IDを固定,VEGA_FAKEMON_313,ROM抽出で確定,
314,アリンセス,ベガ／AS系オリジナル,,ベガ固有種として既存IDを固定,VEGA_FAKEMON_314,ROM抽出で確定,
315,イシツブテ,公式ポケモン,74.0,既存ID・既存グラフィック・既存イベントを固定,VEGA_NATIVE_315,ROM抽出で確定,74.0
316,ゴローン,公式ポケモン,75.0,既存ID・既存グラフィック・既存イベントを固定,VEGA_NATIVE_316,ROM抽出で確定,75.0
317,ゴローニャ,公式ポケモン,76.0,既存ID・既存グラフィック・既存イベントを固定,VEGA_NATIVE_317,ROM抽出で確定,76.0
318,スコルピ,公式ポケモン,451.0,既存ID・既存グラフィック・既存イベントを固定,VEGA_NATIVE_318,ROM抽出で確定,451.0
319,ドラピオン,公式ポケモン,452.0,既存ID・既存グラフィック・既存イベントを固定,VEGA_NATIVE_319,ROM抽出で確定,452.0
320,カゲボウズ,公式ポケモン,353.0,既存ID・既存グラフィック・既存イベントを固定,VEGA_NATIVE_320,ROM抽出で確定,353.0
321,ジュペッタ,公式ポケモン,354.0,既存ID・既存グラフィック・既存イベントを固定,VEGA_NATIVE_321,ROM抽出で確定,354.0
322,オンネット,ベガ／AS系オリジナル,,ベガ固有種として既存IDを固定,VEGA_FAKEMON_322,ROM抽出で確定,
323,ウリムー,公式ポケモン,220.0,既存ID・既存グラフィック・既存イベントを固定,VEGA_NATIVE_323,ROM抽出で確定,220.0
324,イノムー,公式ポケモン,221.0,既存ID・既存グラフィック・既存イベントを固定,VEGA_NATIVE_324,ROM抽出で確定,221.0
325,マンムー,公式ポケモン,473.0,既存ID・既存グラフィック・既存イベントを固定,VEGA_NATIVE_325,ROM抽出で確定,473.0
326,マッギョ,公式ポケモン,618.0,既存ID・既存グラフィック・既存イベントを固定,VEGA_NATIVE_326,ROM抽出で確定,618.0
327,パッチール,公式ポケモン,327.0,既存ID・既存グラフィック・既存イベントを固定,VEGA_NATIVE_327,ROM抽出で確定,327.0
328,マスキッパ,公式ポケモン,455.0,既存ID・既存グラフィック・既存イベントを固定,VEGA_NATIVE_328,ROM抽出で確定,455.0
329,アルデッパ,ベガ／AS系オリジナル,,ベガ固有種として既存IDを固定,VEGA_FAKEMON_329,ROM抽出で確定,
330,ゴキブロス,ベガ／AS系オリジナル,,ベガ固有種として既存IDを固定,VEGA_FAKEMON_330,ROM抽出で確定,
331,カミギリー,ベガ／AS系オリジナル,,ベガ固有種として既存IDを固定,VEGA_FAKEMON_331,ROM抽出で確定,
332,レファン,ベガ／AS系オリジナル,,ベガ固有種として既存IDを固定,VEGA_FAKEMON_332,ROM抽出で確定,
333,ガネーシャ,ベガ／AS系オリジナル,,ベガ固有種として既存IDを固定,VEGA_FAKEMON_333,ROM抽出で確定,
334,ギアル,公式ポケモン,599.0,既存ID・既存グラフィック・既存イベントを固定,VEGA_NATIVE_334,ROM抽出で確定,599.0
335,ギギアル,公式ポケモン,600.0,既存ID・既存グラフィック・既存イベントを固定,VEGA_NATIVE_335,ROM抽出で確定,600.0
336,ギギギアル,公式ポケモン,601.0,既存ID・既存グラフィック・既存イベントを固定,VEGA_NATIVE_336,ROM抽出で確定,601.0
337,ラブカス,公式ポケモン,370.0,既存ID・既存グラフィック・既存イベントを固定,VEGA_NATIVE_337,ROM抽出で確定,370.0
338,ラブリン,ベガ／AS系オリジナル,,ベガ固有種として既存IDを固定,VEGA_FAKEMON_338,ROM抽出で確定,
339,プレシオン,ベガ／AS系オリジナル,,ベガ固有種として既存IDを固定,VEGA_FAKEMON_339,ROM抽出で確定,
340,ラプラス,公式ポケモン,131.0,既存ID・既存グラフィック・既存イベントを固定,VEGA_NATIVE_340,ROM抽出で確定,131.0
341,メルリコ,ベガ／AS系オリジナル,,ベガ固有種として既存IDを固定,VEGA_FAKEMON_341,ROM抽出で確定,
342,サムラダケ,ベガ／AS系オリジナル,,ベガ固有種として既存IDを固定,VEGA_FAKEMON_342,ROM抽出で確定,
343,サボネア,公式ポケモン,331.0,既存ID・既存グラフィック・既存イベントを固定,VEGA_NATIVE_343,ROM抽出で確定,331.0
344,ノクタス,公式ポケモン,332.0,既存ID・既存グラフィック・既存イベントを固定,VEGA_NATIVE_344,ROM抽出で確定,332.0
345,ティオルス,ベガ／AS系オリジナル,,ベガ固有種として既存IDを固定,VEGA_FAKEMON_345,ROM抽出で確定,
346,プテリクス,ベガ／AS系オリジナル,,ベガ固有種として既存IDを固定,VEGA_FAKEMON_346,ROM抽出で確定,
347,ティラノス,ベガ／AS系オリジナル,,ベガ固有種として既存IDを固定,VEGA_FAKEMON_347,ROM抽出で確定,
348,ブレイバー,ベガ／AS系オリジナル,,ベガ固有種として既存IDを固定,VEGA_FAKEMON_348,ROM抽出で確定,
349,ブレイドン,ベガ／AS系オリジナル,,ベガ固有種として既存IDを固定,VEGA_FAKEMON_349,ROM抽出で確定,
350,ブレイオー,ベガ／AS系オリジナル,,ベガ固有種として既存IDを固定,VEGA_FAKEMON_350,ROM抽出で確定,
351,テルテン,ベガ／AS系オリジナル,,ベガ固有種として既存IDを固定,VEGA_FAKEMON_351,ROM抽出で確定,
352,イシズマイ,公式ポケモン,557.0,既存ID・既存グラフィック・既存イベントを固定,VEGA_NATIVE_352,ROM抽出で確定,557.0
353,イワパレス,公式ポケモン,558.0,既存ID・既存グラフィック・既存イベントを固定,VEGA_NATIVE_353,ROM抽出で確定,558.0
354,テッシード,公式ポケモン,597.0,既存ID・既存グラフィック・既存イベントを固定,VEGA_NATIVE_354,ROM抽出で確定,597.0
355,ナットレイ,公式ポケモン,598.0,既存ID・既存グラフィック・既存イベントを固定,VEGA_NATIVE_355,ROM抽出で確定,598.0
356,シビシラス,公式ポケモン,602.0,既存ID・既存グラフィック・既存イベントを固定,VEGA_NATIVE_356,ROM抽出で確定,602.0
357,シビビール,公式ポケモン,603.0,既存ID・既存グラフィック・既存イベントを固定,VEGA_NATIVE_357,ROM抽出で確定,603.0
358,シビルドン,公式ポケモン,604.0,既存ID・既存グラフィック・既存イベントを固定,VEGA_NATIVE_358,ROM抽出で確定,604.0
359,デリバード,公式ポケモン,225.0,既存ID・既存グラフィック・既存イベントを固定,VEGA_NATIVE_359,ROM抽出で確定,225.0
360,プレゼンタ,ベガ／AS系オリジナル,,ベガ固有種として既存IDを固定,VEGA_FAKEMON_360,ROM抽出で確定,
361,コータス,公式ポケモン,324.0,既存ID・既存グラフィック・既存イベントを固定,VEGA_NATIVE_361,ROM抽出で確定,324.0
362,ストータス,ベガ／AS系オリジナル,,ベガ固有種として既存IDを固定,VEGA_FAKEMON_362,ROM抽出で確定,
363,ノコッチ,公式ポケモン,206.0,既存ID・既存グラフィック・既存イベントを固定,VEGA_NATIVE_363,ROM抽出で確定,206.0
364,ノコウテイ,ベガ／AS系オリジナル,,ベガ固有種として既存IDを固定,VEGA_FAKEMON_364,ROM抽出で確定,
365,カモネギ,公式ポケモン,83.0,既存ID・既存グラフィック・既存イベントを固定,VEGA_NATIVE_365,ROM抽出で確定,83.0
366,カモナイツ,ベガ／AS系オリジナル,,ベガ固有種として既存IDを固定,VEGA_FAKEMON_366,ROM抽出で確定,
367,ズルッグ,公式ポケモン,559.0,既存ID・既存グラフィック・既存イベントを固定,VEGA_NATIVE_367,ROM抽出で確定,559.0
368,ズルズキン,公式ポケモン,560.0,既存ID・既存グラフィック・既存イベントを固定,VEGA_NATIVE_368,ROM抽出で確定,560.0
369,チュリネ,公式ポケモン,548.0,既存ID・既存グラフィック・既存イベントを固定,VEGA_NATIVE_369,ROM抽出で確定,548.0
370,ドレディア,公式ポケモン,549.0,既存ID・既存グラフィック・既存イベントを固定,VEGA_NATIVE_370,ROM抽出で確定,549.0
371,コジョフー,公式ポケモン,619.0,既存ID・既存グラフィック・既存イベントを固定,VEGA_NATIVE_371,ROM抽出で確定,619.0
372,コジョンド,公式ポケモン,620.0,既存ID・既存グラフィック・既存イベントを固定,VEGA_NATIVE_372,ROM抽出で確定,620.0
373,メグロコ,公式ポケモン,551.0,既存ID・既存グラフィック・既存イベントを固定,VEGA_NATIVE_373,ROM抽出で確定,551.0
374,ワルビル,公式ポケモン,552.0,既存ID・既存グラフィック・既存イベントを固定,VEGA_NATIVE_374,ROM抽出で確定,552.0
375,ワルビアル,公式ポケモン,553.0,既存ID・既存グラフィック・既存イベントを固定,VEGA_NATIVE_375,ROM抽出で確定,553.0
376,ロイツァー,ベガ／AS系オリジナル,,ベガ固有種として既存IDを固定,VEGA_FAKEMON_376,ROM抽出で確定,
377,ガタノア,ベガ／AS系オリジナル,,ベガ固有種として既存IDを固定,VEGA_FAKEMON_377,ROM抽出で確定,
378,テツカブリ,ベガ／AS系オリジナル,,ベガ固有種として既存IDを固定,VEGA_FAKEMON_378,ROM抽出で確定,
379,ヒードラン,公式ポケモン,485.0,既存ID・既存グラフィック・既存イベントを固定,VEGA_NATIVE_379,ROM抽出で確定,485.0
380,ラティアス,公式ポケモン,380.0,既存ID・既存グラフィック・既存イベントを固定,VEGA_NATIVE_380,ROM抽出で確定,380.0
381,ラティオス,公式ポケモン,381.0,既存ID・既存グラフィック・既存イベントを固定,VEGA_NATIVE_381,ROM抽出で確定,381.0
382,フィオネ,公式ポケモン,489.0,既存ID・既存グラフィック・既存イベントを固定,VEGA_NATIVE_382,ROM抽出で確定,489.0
383,マナフィ,公式ポケモン,490.0,既存ID・既存グラフィック・既存イベントを固定,VEGA_NATIVE_383,ROM抽出で確定,490.0
384,オルディナ,ベガ／AS系オリジナル,,ベガ固有種として既存IDを固定,VEGA_FAKEMON_384,ROM抽出で確定,
385,オルマリア,ベガ／AS系オリジナル,,ベガ固有種として既存IDを固定,VEGA_FAKEMON_385,ROM抽出で確定,
386,アスフィア,ベガ／AS系オリジナル,,ベガ固有種として既存IDを固定,VEGA_FAKEMON_386,ROM抽出で確定,
