coverage_key,subject_kind,subject_key,coverage_status,event_keys,rationale
COVERAGE_KEY_LOGICAL_K01,LOGICAL_LOCATION,K01,NEW_EVENT,EVENT_KEY_SIDE_FOREST_CORRIDOR_START,1ばんどうろに1件の新規SIMPLE_EVENTを配置する。内容は森の回廊 調査開始。
COVERAGE_KEY_LOGICAL_K02,LOGICAL_LOCATION,K02,NEW_EVENT,EVENT_KEY_SIDE_FOREST_CORRIDOR_ROUTE2,2ばんどうろに1件の新規SIMPLE_EVENTを配置する。内容は二番道路の花粉記録。
COVERAGE_KEY_LOGICAL_K03,LOGICAL_LOCATION,K03,NEW_EVENT,EVENT_KEY_SIDE_MOON_STRATA_ROUTE3,3ばんどうろに1件の新規SIMPLE_EVENTを配置する。内容は三番道路の乾燥層。
COVERAGE_KEY_LOGICAL_K04,LOGICAL_LOCATION,K04,NEW_EVENT,EVENT_KEY_SIDE_EGG_COURIER_ROUTE4,4ばんどうろに1件の新規SIMPLE_EVENTを配置する。内容は河岸の保温材。
COVERAGE_KEY_LOGICAL_K05,LOGICAL_LOCATION,K05,NEW_EVENT,EVENT_KEY_SIDE_EGG_COURIER_START|EVENT_KEY_SIDE_EGG_COURIER_COMPLETE,5ばんどうろに2件の新規SIMPLE_EVENTを配置する。内容はたまご保温材の依頼・たまご搬送の完了。
COVERAGE_KEY_LOGICAL_K06,LOGICAL_LOCATION,K06,NEW_EVENT,EVENT_KEY_FLAVOR_ROUTE6_TIDE,6ばんどうろに1件の新規SIMPLE_EVENTを配置する。内容は六番道路の潮読み。
COVERAGE_KEY_LOGICAL_K07,LOGICAL_LOCATION,K07,NEW_EVENT,EVENT_KEY_SIDE_CITY_SEEDS_START,7ばんどうろに1件の新規SIMPLE_EVENTを配置する。内容は都市の種 調査開始。
COVERAGE_KEY_LOGICAL_K08,LOGICAL_LOCATION,K08,NEW_EVENT,EVENT_KEY_SIDE_MEMORY_LIGHT_START,8ばんどうろに1件の新規SIMPLE_EVENTを配置する。内容は記憶灯 調査開始。
COVERAGE_KEY_LOGICAL_K09,LOGICAL_LOCATION,K09,NEW_EVENT,EVENT_KEY_SIDE_WATER_CURRENT_START,9ばんどうろに1件の新規SIMPLE_EVENTを配置する。内容は水と電気の境界 調査開始。
COVERAGE_KEY_LOGICAL_K10,LOGICAL_LOCATION,K10,NEW_EVENT,EVENT_KEY_SIDE_WATER_CURRENT_ROUTE10,10ばんどうろに1件の新規SIMPLE_EVENTを配置する。内容は十番道路の共振。
COVERAGE_KEY_LOGICAL_K11,LOGICAL_LOCATION,K11,NEW_EVENT,EVENT_KEY_SIDE_UNDERGROUND_BREATH_START,11ばんどうろに1件の新規SIMPLE_EVENTを配置する。内容は地下の呼吸 調査開始。
COVERAGE_KEY_LOGICAL_K12,LOGICAL_LOCATION,K12,NEW_EVENT,EVENT_KEY_SIDE_WETLAND_MIGRATION_START,12ばんどうろに1件の新規SIMPLE_EVENTを配置する。内容は湿地の渡り 調査開始。
COVERAGE_KEY_LOGICAL_K13,LOGICAL_LOCATION,K13,NEW_EVENT,EVENT_KEY_SIDE_WETLAND_MIGRATION_ROUTE13,13ばんどうろに1件の新規SIMPLE_EVENTを配置する。内容は十三番道路の羽休め。
COVERAGE_KEY_LOGICAL_K14,LOGICAL_LOCATION,K14,NEW_EVENT,EVENT_KEY_SIDE_WETLAND_MIGRATION_ROUTE14,14ばんどうろに1件の新規SIMPLE_EVENTを配置する。内容は十四番道路の強風。
COVERAGE_KEY_LOGICAL_K15,LOGICAL_LOCATION,K15,NEW_EVENT,EVENT_KEY_SIDE_WETLAND_MIGRATION_COMPLETE,15ばんどうろに1件の新規SIMPLE_EVENTを配置する。内容は十五番道路の渡り終点。
COVERAGE_KEY_LOGICAL_K16,LOGICAL_LOCATION,K16,NEW_EVENT,EVENT_KEY_SIDE_WIND_RING_START,16ばんどうろに1件の新規SIMPLE_EVENTを配置する。内容は風の輪 調査開始。
COVERAGE_KEY_LOGICAL_K17,LOGICAL_LOCATION,K17,NEW_EVENT,EVENT_KEY_SIDE_WIND_RING_ROUTE17,17ばんどうろに1件の新規SIMPLE_EVENTを配置する。内容は十七番道路の横風。
COVERAGE_KEY_LOGICAL_K18,LOGICAL_LOCATION,K18,NEW_EVENT,EVENT_KEY_SIDE_WIND_RING_COMPLETE,18ばんどうろに1件の新規SIMPLE_EVENTを配置する。内容は十八番道路の風輪。
COVERAGE_KEY_LOGICAL_K19,LOGICAL_LOCATION,K19,NEW_EVENT,EVENT_KEY_SIDE_COLD_CURRENT_START,19ばんどうろに1件の新規SIMPLE_EVENTを配置する。内容は暖流と寒流 調査開始。
COVERAGE_KEY_LOGICAL_K20,LOGICAL_LOCATION,K20,NEW_EVENT,EVENT_KEY_SIDE_COLD_CURRENT_ROUTE20,20ばんどうろに1件の新規SIMPLE_EVENTを配置する。内容は二十番道路の寒流線。
COVERAGE_KEY_LOGICAL_K21,LOGICAL_LOCATION,K21,NEW_EVENT,EVENT_KEY_SIDE_VOLCANO_ARCHIVE_START,21ばんどうろに1件の新規SIMPLE_EVENTを配置する。内容は火山資料 調査開始。
COVERAGE_KEY_LOGICAL_K22,LOGICAL_LOCATION,K22,NEW_EVENT,EVENT_KEY_MAIN_ROUTE22_BRIEF,22ばんどうろに1件の新規SIMPLE_EVENTを配置する。内容は二十二番道路の最終案内。
COVERAGE_KEY_LOGICAL_K23,LOGICAL_LOCATION,K23,NEW_EVENT,EVENT_KEY_MAIN_ROUTE23_GATE,23ばんどうろに1件の新規SIMPLE_EVENTを配置する。内容は二十三番道路の認定門。
COVERAGE_KEY_LOGICAL_K24,LOGICAL_LOCATION,K24,NEW_EVENT,EVENT_KEY_SIDE_CAPE_TIME_START,24ばんどうろに1件の新規SIMPLE_EVENTを配置する。内容は岬の時間差 調査開始。
COVERAGE_KEY_LOGICAL_K25,LOGICAL_LOCATION,K25,NEW_EVENT,EVENT_KEY_SIDE_CAPE_TIME_COMPLETE,25ばんどうろに1件の新規SIMPLE_EVENTを配置する。内容は岬の時間差 共鳴。
COVERAGE_KEY_LOGICAL_K26,LOGICAL_LOCATION,K26,NEW_EVENT,EVENT_KEY_SIDE_FOREST_CORRIDOR_COMPLETE|EVENT_KEY_CERT_8_VIRIDIAN,トキワのもりに2件の新規SIMPLE_EVENTを配置する。内容は森の回廊 調査完了・第八認定章 総合判断。
COVERAGE_KEY_LOGICAL_K27,LOGICAL_LOCATION,K27,NEW_EVENT,EVENT_KEY_SIDE_MOON_STRATA_MT_MOON,おつきみやまに1件の新規SIMPLE_EVENTを配置する。内容はおつきみやまの内層。
COVERAGE_KEY_LOGICAL_K28,LOGICAL_LOCATION,K28,NEW_EVENT,EVENT_KEY_SIDE_UNDERGROUND_BREATH_DIGLETT,ディグダのあなに1件の新規SIMPLE_EVENTを配置する。内容はディグダの穴の脈動。
COVERAGE_KEY_LOGICAL_K29,LOGICAL_LOCATION,K29,NEW_EVENT,EVENT_KEY_FLAVOR_SSANNE_EXCHANGE,サント・アンヌ号に1件の新規SIMPLE_EVENTを配置する。内容は甲板の二地方交流。
COVERAGE_KEY_LOGICAL_K30,LOGICAL_LOCATION,K30,NEW_EVENT,EVENT_KEY_SIDE_UNDERGROUND_BREATH_COMPLETE,イワヤマトンネルに1件の新規SIMPLE_EVENTを配置する。内容は地下の呼吸 調査完了。
COVERAGE_KEY_LOGICAL_K31,LOGICAL_LOCATION,K31,NEW_EVENT,EVENT_KEY_SIDE_MEMORY_LIGHT_TOWER,ポケモンタワーに1件の新規SIMPLE_EVENTを配置する。内容は塔の静かな灯り。
COVERAGE_KEY_LOGICAL_K32,LOGICAL_LOCATION,K32,NEW_EVENT,EVENT_KEY_SIDE_MEMORY_LIGHT_COMPLETE,ロケットだんアジト跡に1件の新規SIMPLE_EVENTを配置する。内容は跡地の記憶灯。
COVERAGE_KEY_LOGICAL_K33,LOGICAL_LOCATION,K33,NEW_EVENT,EVENT_KEY_CERT_4_CELADON|EVENT_KEY_SIDE_CITY_SEEDS_COMPLETE,タマムシ温室に2件の新規SIMPLE_EVENTを配置する。内容は第四認定章 交代の庭・タマムシ温室の芽。
COVERAGE_KEY_LOGICAL_K34,LOGICAL_LOCATION,K34,NEW_EVENT,EVENT_KEY_FACILITY_SAFARI_OFFICE|EVENT_KEY_CERT_5_FUCHSIA,サファリゾーン中央に2件の新規SIMPLE_EVENTを配置する。内容はサファリ観察の心得・第五認定章 群れの間合い。
COVERAGE_KEY_LOGICAL_K35,LOGICAL_LOCATION,K35,NEW_EVENT,EVENT_KEY_FLAVOR_SAFARI_EAST,サファリゾーン東に1件の新規SIMPLE_EVENTを配置する。内容はサファリ東区の水跡。
COVERAGE_KEY_LOGICAL_K36,LOGICAL_LOCATION,K36,NEW_EVENT,EVENT_KEY_FLAVOR_SAFARI_NORTH,サファリゾーン北に1件の新規SIMPLE_EVENTを配置する。内容はサファリ北区の草音。
COVERAGE_KEY_LOGICAL_K37,LOGICAL_LOCATION,K37,NEW_EVENT,EVENT_KEY_FLAVOR_SAFARI_WEST,サファリゾーン西に1件の新規SIMPLE_EVENTを配置する。内容はサファリ西区の風穴。
COVERAGE_KEY_LOGICAL_K38,LOGICAL_LOCATION,K38,NEW_EVENT,EVENT_KEY_SIDE_COLD_CURRENT_COMPLETE,ふたごじまに1件の新規SIMPLE_EVENTを配置する。内容はふたごじまの光。
COVERAGE_KEY_LOGICAL_K39,LOGICAL_LOCATION,K39,NEW_EVENT,EVENT_KEY_SIDE_VOLCANO_ARCHIVE_MANSION,ポケモンやしきに1件の新規SIMPLE_EVENTを配置する。内容はやしきの冷却記録。
COVERAGE_KEY_LOGICAL_K40,LOGICAL_LOCATION,K40,NEW_EVENT,EVENT_KEY_SIDE_WATER_CURRENT_COMPLETE,むじんはつでんしょに1件の新規SIMPLE_EVENTを配置する。内容は発電所の未来核。
COVERAGE_KEY_LOGICAL_K41,LOGICAL_LOCATION,K41,NEW_EVENT,EVENT_KEY_QOL_LATE_TRAINING|EVENT_KEY_CERT_6_SAFFRON|EVENT_KEY_QOL_LICENSE_SYNC|EVENT_KEY_QOL_COMPETITIVE_SUPPLY|EVENT_KEY_QOL_HIGH_RAID|EVENT_KEY_QOL_LEAGUE_TECH,シルフカンパニーに6件の新規SIMPLE_EVENTを配置する。内容は後半育成メニュー案内・第六認定章 情報の先読み・探索ライセンス同期・対戦用供給案内・高難度レイド観測・リーグ技術記録。
COVERAGE_KEY_LOGICAL_K42,LOGICAL_LOCATION,K42,NEW_EVENT,EVENT_KEY_MAIN_VICTORY_ROAD_SIGNAL|EVENT_KEY_MAIN_KANTO_LEAGUE_ENTRY|EVENT_KEY_MAIN_KANTO_LEAGUE_CLEAR|EVENT_KEY_MAIN_FINAL_LEAGUE_AVAILABLE|EVENT_KEY_QOL_UB_SUPPLY|EVENT_KEY_QOL_GOLD_CAP_SUPPLY|EVENT_KEY_MAIN_FINAL_LEAGUE_CLEARED,チャンピオンロードに7件の新規SIMPLE_EVENTを配置する。内容はチャンピオンロード信号・カントーリーグ受付・カントーリーグ踏破確認・Final League開放確認・異界エネルギー供給案内・最終育成供給案内・二地方認定の最終完結。
COVERAGE_KEY_LOGICAL_K43,LOGICAL_LOCATION,K43,NEW_EVENT,EVENT_KEY_CERT_2_CERULEAN|EVENT_KEY_MAIN_CAVE_RESONANCE,ハナダのどうくつに2件の新規SIMPLE_EVENTを配置する。内容は第二認定章 水流の切替・ハナダ洞窟の最終共鳴。
COVERAGE_KEY_LOGICAL_K44,LOGICAL_LOCATION,K44,NEW_EVENT,EVENT_KEY_SIDE_MOON_STRATA_START|EVENT_KEY_SIDE_MOON_STRATA_COMPLETE|EVENT_KEY_CERT_1_PEWTER,ニビ博物館・化石研究室に3件の新規SIMPLE_EVENTを配置する。内容は月の地層 調査開始・月の地層 報告・第一認定章 地層の読み合い。
COVERAGE_KEY_LOGICAL_K45,LOGICAL_LOCATION,K45,NEW_EVENT,EVENT_KEY_CERT_7_CINNABAR|EVENT_KEY_SIDE_VOLCANO_ARCHIVE_COMPLETE,グレン研究所に2件の新規SIMPLE_EVENTを配置する。内容は第七認定章 熱量の管理・グレン研究室の再生核。
COVERAGE_KEY_LOGICAL_K46,LOGICAL_LOCATION,K46,NEW_EVENT,EVENT_KEY_FACILITY_PORT_WARNING|EVENT_KEY_MAIN_PORT_ARRIVAL|EVENT_KEY_MAIN_PORT_REGISTRATION|EVENT_KEY_FACILITY_PORT_HEAL|EVENT_KEY_FACILITY_PORT_RETURN|EVENT_KEY_FACILITY_FACTORY_GUIDE|EVENT_KEY_CERT_3_VERMILION|EVENT_KEY_MAIN_EARLY_FOUR_COMPLETE|EVENT_KEY_MAIN_POSTHOF_RETURN,クチバ港・連絡船ターミナルに9件の新規SIMPLE_EVENTを配置する。内容はクチバ高難度警告・第二地方への初着岸・生態戦術認定への登録・港の無料回復・港の無料帰還・ファクトリー試行案内・第三認定章 潮風の組立・前半四認定の小完結・殿堂入り後の再招集。
COVERAGE_KEY_LOGICAL_K47,LOGICAL_LOCATION,K47,NEW_EVENT,EVENT_KEY_QOL_OAK_BASIC_SYNC|EVENT_KEY_QOL_FIELD_KIT|EVENT_KEY_QOL_RESEARCH_PROFILE,マサラタウン・オーキド研究所に3件の新規SIMPLE_EVENTを配置する。内容は研究所の基礎運用同期・遠征用フィールドキット・研究プロフィール同期。
COVERAGE_KEY_QOL_TEXT_SPEED_INSTANT,QOL_FEATURE,TEXT_SPEED_INSTANT,AUTO_UNLOCK,,catalogがAUTO_OR_EXISTING_UIを指定しているため、新規world eventを重ねず既存UIまたは自動解禁を維持する。
COVERAGE_KEY_QOL_FAST_MOVEMENT,QOL_FEATURE,FAST_MOVEMENT,AUTO_UNLOCK,,catalogがAUTO_OR_EXISTING_UIを指定しているため、新規world eventを重ねず既存UIまたは自動解禁を維持する。
COVERAGE_KEY_QOL_IV_EV_JUDGE,QOL_FEATURE,IV_EV_JUDGE,AUTO_UNLOCK,,catalogがAUTO_OR_EXISTING_UIを指定しているため、新規world eventを重ねず既存UIまたは自動解禁を維持する。
COVERAGE_KEY_QOL_PC_SEARCH_MULTISELECT,QOL_FEATURE,PC_SEARCH_MULTISELECT,AUTO_UNLOCK,,catalogがAUTO_OR_EXISTING_UIを指定しているため、新規world eventを重ねず既存UIまたは自動解禁を維持する。
COVERAGE_KEY_QOL_EXP_SHARE,QOL_FEATURE,EXP_SHARE,NEW_EVENT,EVENT_KEY_QOL_OAK_BASIC_SYNC,研究所で共有育成の既存解禁を説明する。
COVERAGE_KEY_QOL_EVERSTONE_SUPPLY,QOL_FEATURE,EVERSTONE_SUPPLY,NEW_EVENT,EVENT_KEY_QOL_OAK_BASIC_SYNC,研究所で既存の供給先を含む基礎育成運用を説明する。
COVERAGE_KEY_QOL_EGG_PC_TRANSFER,QOL_FEATURE,EGG_PC_TRANSFER,NEW_EVENT,EVENT_KEY_QOL_OAK_BASIC_SYNC,研究所でPCとたまご運用の既存機能を説明する。
COVERAGE_KEY_QOL_EGG_QUEUE_5,QOL_FEATURE,EGG_QUEUE_5,NEW_EVENT,EVENT_KEY_SIDE_EGG_COURIER_START,育て屋の依頼と既存daycare serviceで複数たまご運用を自然に見せる。
COVERAGE_KEY_QOL_FREE_MOVE_RELEARN,QOL_FEATURE,FREE_MOVE_RELEARN,NEW_EVENT,EVENT_KEY_QOL_OAK_BASIC_SYNC,研究所で既存の無料わざ相談を説明する。
COVERAGE_KEY_QOL_PC_MOVE_EDIT,QOL_FEATURE,PC_MOVE_EDIT,NEW_EVENT,EVENT_KEY_QOL_OAK_BASIC_SYNC,研究所でPC上の既存わざ編集を説明する。
COVERAGE_KEY_QOL_EXP_CANDY_XS_S,QOL_FEATURE,EXP_CANDY_XS_S,NEW_EVENT,EVENT_KEY_QOL_FIELD_KIT,遠征用field kitとして既存candy供給を説明する。
COVERAGE_KEY_QOL_EXP_CANDY_M_ONCE,QOL_FEATURE,EXP_CANDY_M_ONCE,NEW_EVENT,EVENT_KEY_QOL_FIELD_KIT,遠征用field kitとして既存一度限りrewardの所在を説明する。
COVERAGE_KEY_QOL_ABILITY_CAPSULE_MINTS,QOL_FEATURE,ABILITY_CAPSULE_MINTS,NEW_EVENT,EVENT_KEY_QOL_FIELD_KIT,遠征準備として既存capsule・mint運用を説明する。
COVERAGE_KEY_QOL_EV_RESET_ALL,QOL_FEATURE,EV_RESET_ALL,NEW_EVENT,EVENT_KEY_QOL_FIELD_KIT,遠征準備として既存EV reset serviceを説明する。
COVERAGE_KEY_QOL_FIELD_PC,QOL_FEATURE,FIELD_PC,NEW_EVENT,EVENT_KEY_QOL_FIELD_KIT,屋外から利用できる既存PC機能を説明する。
COVERAGE_KEY_QOL_PC_HELD_ITEM_BULK,QOL_FEATURE,PC_HELD_ITEM_BULK,NEW_EVENT,EVENT_KEY_QOL_FIELD_KIT,PC内の既存一括持物操作を説明する。
COVERAGE_KEY_QOL_AUTO_BATTLE,QOL_FEATURE,AUTO_BATTLE,NEW_EVENT,EVENT_KEY_QOL_FIELD_KIT,field kit説明で既存auto battleの使い所を示す。
COVERAGE_KEY_QOL_DESTINY_KNOT,QOL_FEATURE,DESTINY_KNOT,NEW_EVENT,EVENT_KEY_SIDE_EGG_COURIER_COMPLETE,保温材quest完了後に既存育成供給へ接続する。
COVERAGE_KEY_QOL_EGG_BASKET,QOL_FEATURE,EGG_BASKET,NEW_EVENT,EVENT_KEY_SIDE_EGG_COURIER_COMPLETE,quest完了からSERVICE_PROFILE_EGG_BASKETへ直接引き渡す。
COVERAGE_KEY_QOL_OVAL_CHARM,QOL_FEATURE,OVAL_CHARM,NEW_EVENT,EVENT_KEY_SIDE_EGG_COURIER_COMPLETE,育て屋の完了会話で既存たまご効率化を説明する。
COVERAGE_KEY_QOL_POWER_ITEMS,QOL_FEATURE,POWER_ITEMS,NEW_EVENT,EVENT_KEY_QOL_LATE_TRAINING,後半育成menuとして既存power item供給を説明する。
COVERAGE_KEY_QOL_EXP_CANDY_M_REPEAT,QOL_FEATURE,EXP_CANDY_M_REPEAT,NEW_EVENT,EVENT_KEY_QOL_LATE_TRAINING,後半育成menuとして既存repeatable candy供給を説明する。
COVERAGE_KEY_QOL_EXP_CANDY_L_SILVER_CAP,QOL_FEATURE,EXP_CANDY_L_SILVER_CAP,NEW_EVENT,EVENT_KEY_QOL_LATE_TRAINING,後半育成menuとして既存高位育成供給を説明する。
COVERAGE_KEY_QOL_ABILITY_PATCH_ALL_MINTS,QOL_FEATURE,ABILITY_PATCH_ALL_MINTS,NEW_EVENT,EVENT_KEY_QOL_LATE_TRAINING,後半育成menuとして既存patch・mint供給を説明する。
COVERAGE_KEY_QOL_EV_RESET_ITEMS,QOL_FEATURE,EV_RESET_ITEMS,NEW_EVENT,EVENT_KEY_QOL_LATE_TRAINING,後半育成menuとして既存reset item供給を説明する。
COVERAGE_KEY_QOL_STANDARD_TRAINING_SHOP,QOL_FEATURE,STANDARD_TRAINING_SHOP,NEW_EVENT,EVENT_KEY_QOL_LATE_TRAINING,既存training shopをSilphの案内consoleで示す。
COVERAGE_KEY_QOL_EXP_CANDY_XL_ONCE,QOL_FEATURE,EXP_CANDY_XL_ONCE,NEW_EVENT,EVENT_KEY_QOL_RESEARCH_PROFILE,研究profile同期で既存一度限りXL rewardを説明する。
COVERAGE_KEY_QOL_RESEARCH_PROFILE,QOL_FEATURE,RESEARCH_PROFILE,NEW_EVENT,EVENT_KEY_QOL_RESEARCH_PROFILE,研究所で既存profileの用途を説明する。
COVERAGE_KEY_QOL_TM_REUSE_LICENSE,QOL_FEATURE,TM_REUSE_LICENSE,NEW_EVENT,EVENT_KEY_QOL_LICENSE_SYNC,Silph consoleで既存TM licenseを説明する。
COVERAGE_KEY_QOL_HIDDEN_ABILITY_DEXNAV,QOL_FEATURE,HIDDEN_ABILITY_DEXNAV,NEW_EVENT,EVENT_KEY_QOL_LICENSE_SYNC,Silph consoleで既存DexNav拡張を説明する。
COVERAGE_KEY_QOL_COMPETITIVE_ITEM_SUPPLY,QOL_FEATURE,COMPETITIVE_ITEM_SUPPLY,NEW_EVENT,EVENT_KEY_QOL_COMPETITIVE_SUPPLY,既存対戦用供給先を短く案内する。
COVERAGE_KEY_QOL_HIGH_DIFFICULTY_RAID,QOL_FEATURE,HIGH_DIFFICULTY_RAID,NEW_EVENT,EVENT_KEY_QOL_HIGH_RAID,既存高難度raidの観測方法を説明する。
COVERAGE_KEY_QOL_TERA_DYNAMAX_STORY,QOL_FEATURE,TERA_DYNAMAX_STORY,NEW_EVENT,EVENT_KEY_QOL_LEAGUE_TECH,League後に既存story battle technologyを記録として説明する。
COVERAGE_KEY_QOL_BOOST_ENERGY_UB_PARADOX,QOL_FEATURE,BOOST_ENERGY_UB_PARADOX,NEW_EVENT,EVENT_KEY_QOL_UB_SUPPLY,既存異界向け供給先をIndigo受付で案内する。
COVERAGE_KEY_QOL_EXP_CANDY_XL_GOLD_CAP,QOL_FEATURE,EXP_CANDY_XL_GOLD_CAP,NEW_EVENT,EVENT_KEY_QOL_GOLD_CAP_SUPPLY,既存最終育成供給先をIndigo受付で案内する。
COVERAGE_KEY_GATE_KANTO_EARLY_ACCESS,PROGRESSION_GATE,KANTO_EARLY_ACCESS,NEW_EVENT,EVENT_KEY_MAIN_PORT_ARRIVAL|EVENT_KEY_FACILITY_PORT_WARNING|EVENT_KEY_FACILITY_PORT_HEAL|EVENT_KEY_FACILITY_PORT_RETURN,既存の地域access gateへ初着岸、高難度警告、無料回復、無料帰還を追加し安全な任意遠征として見せる。
COVERAGE_KEY_GATE_KANTO_DAYCARE_QUEST,PROGRESSION_GATE,KANTO_DAYCARE_QUEST,NEW_EVENT,EVENT_KEY_SIDE_EGG_COURIER_COMPLETE,保温材搬送の完了stateをsymbolic resolver hookとし既存たまごQOLへ接続する。
COVERAGE_KEY_GATE_KANTO_CERT_1,PROGRESSION_GATE,KANTO_CERT_1,EXISTING_CONTENT,EVENT_KEY_CERT_1_PEWTER,既存gym boss 01のdefeatとcert ownerを正本とし、新規受付・敗北・再訪会話を追加する。
COVERAGE_KEY_GATE_KANTO_CERT_2,PROGRESSION_GATE,KANTO_CERT_2,EXISTING_CONTENT,EVENT_KEY_CERT_2_CERULEAN,既存gym boss 02のdefeatとcert ownerを正本とし、新規受付・敗北・再訪会話を追加する。
COVERAGE_KEY_GATE_KANTO_CERT_3,PROGRESSION_GATE,KANTO_CERT_3,EXISTING_CONTENT,EVENT_KEY_CERT_3_VERMILION,既存gym boss 03のdefeatとcert ownerを正本とし、新規受付・敗北・再訪会話を追加する。
COVERAGE_KEY_GATE_KANTO_CERT_4,PROGRESSION_GATE,KANTO_CERT_4,EXISTING_CONTENT,EVENT_KEY_CERT_4_CELADON,既存gym boss 04のdefeatとcert ownerを正本とし、新規受付・敗北・再訪会話を追加する。
COVERAGE_KEY_GATE_VEGA_HALL_OF_FAME,PROGRESSION_GATE,VEGA_HALL_OF_FAME,EXISTING_CONTENT,EVENT_KEY_MAIN_POSTHOF_RETURN,Vega本編の既存Hall of Fame ownerを正本とし、成立後だけ後半再招集会話を追加する。
COVERAGE_KEY_GATE_KANTO_CERT_5,PROGRESSION_GATE,KANTO_CERT_5,EXISTING_CONTENT,EVENT_KEY_CERT_5_FUCHSIA,既存gym boss 05のdefeatとcert ownerを正本とし、新規受付・敗北・再訪会話を追加する。
COVERAGE_KEY_GATE_KANTO_CERT_6,PROGRESSION_GATE,KANTO_CERT_6,EXISTING_CONTENT,EVENT_KEY_CERT_6_SAFFRON,既存gym boss 06のdefeatとcert ownerを正本とし、新規受付・敗北・再訪会話を追加する。
COVERAGE_KEY_GATE_KANTO_CERT_7,PROGRESSION_GATE,KANTO_CERT_7,EXISTING_CONTENT,EVENT_KEY_CERT_7_CINNABAR,既存gym boss 07のdefeatとcert ownerを正本とし、新規受付・敗北・再訪会話を追加する。
COVERAGE_KEY_GATE_KANTO_CERT_8,PROGRESSION_GATE,KANTO_CERT_8,EXISTING_CONTENT,EVENT_KEY_CERT_8_VIRIDIAN,既存gym boss 08のdefeatとcert ownerを正本とし、新規受付・敗北・再訪会話を追加する。
COVERAGE_KEY_GATE_KANTO_LEAGUE,PROGRESSION_GATE,KANTO_LEAGUE,EXISTING_CONTENT,EVENT_KEY_MAIN_KANTO_LEAGUE_ENTRY,既存League sequenceの入口を受付会話で説明し、五戦を再実装しない。
COVERAGE_KEY_GATE_KANTO_LEAGUE_CLEAR,PROGRESSION_GATE,KANTO_LEAGUE_CLEAR,EXISTING_CONTENT,EVENT_KEY_MAIN_KANTO_LEAGUE_CLEAR,既存League clearとHall of Fame ownerを同期し、短い二地方共鳴会話だけを追加する。
COVERAGE_KEY_GATE_SPHERE_COMPLETE,PROGRESSION_GATE,SPHERE_COMPLETE,EXISTING_CONTENT,EVENT_KEY_MAIN_CAVE_RESONANCE|EVENT_KEY_MAIN_FINAL_LEAGUE_AVAILABLE,既存acquisition aggregateを正本とし、洞窟共鳴からFinal League案内へ接続する。
COVERAGE_KEY_GATE_FINAL_LEAGUE_AVAILABLE,PROGRESSION_GATE,FINAL_LEAGUE_AVAILABLE,EXISTING_CONTENT,EVENT_KEY_MAIN_FINAL_LEAGUE_AVAILABLE,既存Final League availability ownerを正本とし、Indigo受付で到達理由を提示する。
COVERAGE_KEY_GATE_FINAL_LEAGUE_CLEARED,PROGRESSION_GATE,FINAL_LEAGUE_CLEARED,EXISTING_CONTENT,EVENT_KEY_MAIN_FINAL_LEAGUE_CLEARED,既存Final League clearをHall of Fame入室会話で同期し物語を短く完結する。
