dialogue_key,event_key,speaker_actor_key,usage,text,next_step_key,notes
DIALOGUE_KEY_FACILITY_PORT_WARNING_FLAVOR,EVENT_KEY_FACILITY_PORT_WARNING,ACTOR_KEY_SYSTEM,FLAVOR,このさきは\nレベル68いじょう。,STEP_KEY_FACILITY_PORT_WARNING_END,repeatable短文
DIALOGUE_KEY_MAIN_PORT_ARRIVAL_INTRO,EVENT_KEY_MAIN_PORT_ARRIVAL,ACTOR_KEY_NARRATION,INTRO,しおの においがする。\nここが カントーだ。,STEP_KEY_MAIN_PORT_ARRIVAL_COMPLETE,初回導入。短文のみ
DIALOGUE_KEY_MAIN_PORT_ARRIVAL_COMPLETE,EVENT_KEY_MAIN_PORT_ARRIVAL,ACTOR_KEY_NARRATION,COMPLETE,むりは いらない。\nかえるみちも ある。,STEP_KEY_MAIN_PORT_ARRIVAL_SET_DONE,成功確定直前の完了会話
DIALOGUE_KEY_MAIN_PORT_ARRIVAL_REVISIT,EVENT_KEY_MAIN_PORT_ARRIVAL,ACTOR_KEY_NARRATION,REVISIT,クチバの みなとだ。\nえんせいは じゆう。,STEP_KEY_MAIN_PORT_ARRIVAL_END,完了後再訪会話
DIALOGUE_KEY_MAIN_PORT_REGISTRATION_INTRO,EVENT_KEY_MAIN_PORT_REGISTRATION,ACTOR_KEY_EVENT_MINAMI,INTRO,せいたいと せんじゅつを\nいっしょに しらべる。,STEP_KEY_MAIN_PORT_REGISTRATION_PROMPT,初回説明
DIALOGUE_KEY_MAIN_PORT_REGISTRATION_PROMPT,EVENT_KEY_MAIN_PORT_REGISTRATION,ACTOR_KEY_EVENT_MINAMI,PROMPT,にんてい きろくへ\nさんか しますか？,STEP_KEY_MAIN_PORT_REGISTRATION_ACCEPT,YES_NO表示文
DIALOGUE_KEY_MAIN_PORT_REGISTRATION_ACCEPT,EVENT_KEY_MAIN_PORT_REGISTRATION,ACTOR_KEY_EVENT_MINAMI,ACCEPT,さんかを とうろく。\nまずは ニビへ。,STEP_KEY_MAIN_PORT_REGISTRATION_SET_DONE,受諾確認
DIALOGUE_KEY_MAIN_PORT_REGISTRATION_DECLINE,EVENT_KEY_MAIN_PORT_REGISTRATION,ACTOR_KEY_EVENT_MINAMI,DECLINE,さんかは じゆう。\nいつでも どうぞ。,STEP_KEY_MAIN_PORT_REGISTRATION_END,辞退時
DIALOGUE_KEY_MAIN_PORT_REGISTRATION_REVISIT,EVENT_KEY_MAIN_PORT_REGISTRATION,ACTOR_KEY_EVENT_MINAMI,REVISIT,きろくは ゆうこう。\nじぶんの ペースで。,STEP_KEY_MAIN_PORT_REGISTRATION_END,完了後
DIALOGUE_KEY_FACILITY_PORT_HEAL_PROMPT,EVENT_KEY_FACILITY_PORT_HEAL,ACTOR_KEY_EVENT_MINAMI,PROMPT,てもちを\nかいふく しますか？,STEP_KEY_FACILITY_PORT_HEAL_HEAL,無料回復確認
DIALOGUE_KEY_FACILITY_PORT_HEAL_COMPLETE,EVENT_KEY_FACILITY_PORT_HEAL,ACTOR_KEY_EVENT_MINAMI,COMPLETE,かいふく かんりょう。\nむりは しないで。,STEP_KEY_FACILITY_PORT_HEAL_END,回復後
DIALOGUE_KEY_FACILITY_PORT_HEAL_DECLINE,EVENT_KEY_FACILITY_PORT_HEAL,ACTOR_KEY_EVENT_MINAMI,DECLINE,わかった。\nきをつけて。,STEP_KEY_FACILITY_PORT_HEAL_END,辞退時
DIALOGUE_KEY_FACILITY_PORT_RETURN_PROMPT,EVENT_KEY_FACILITY_PORT_RETURN,ACTOR_KEY_SYSTEM,PROMPT,あんぜんな かえりみちへ\nもどりますか？,STEP_KEY_FACILITY_PORT_RETURN_WARP,無料帰還確認
DIALOGUE_KEY_FACILITY_PORT_RETURN_DECLINE,EVENT_KEY_FACILITY_PORT_RETURN,ACTOR_KEY_SYSTEM,DECLINE,このまま\nえんせいを つづける。,STEP_KEY_FACILITY_PORT_RETURN_END,辞退時
DIALOGUE_KEY_FACILITY_FACTORY_GUIDE_INTRO,EVENT_KEY_FACILITY_FACTORY_GUIDE,ACTOR_KEY_EVENT_MINAMI,INTRO,かりた なかまで\nくみたてを ためせる。,STEP_KEY_FACILITY_FACTORY_GUIDE_PROMPT,service初回説明
DIALOGUE_KEY_FACILITY_FACTORY_GUIDE_PROMPT,EVENT_KEY_FACILITY_FACTORY_GUIDE,ACTOR_KEY_EVENT_MINAMI,PROMPT,トライアルへ\nはいりますか？,STEP_KEY_FACILITY_FACTORY_GUIDE_SET_DONE,初回service確認
DIALOGUE_KEY_FACILITY_FACTORY_GUIDE_REVISIT,EVENT_KEY_FACILITY_FACTORY_GUIDE,ACTOR_KEY_EVENT_MINAMI,REVISIT,トライアルを\nはじめますか？,STEP_KEY_FACILITY_FACTORY_GUIDE_OPEN,再訪service確認
DIALOGUE_KEY_FACILITY_FACTORY_GUIDE_DECLINE,EVENT_KEY_FACILITY_FACTORY_GUIDE,ACTOR_KEY_EVENT_MINAMI,DECLINE,けんがく だけでも\nだいじょうぶ。,STEP_KEY_FACILITY_FACTORY_GUIDE_END,service辞退
DIALOGUE_KEY_FLAVOR_SSANNE_EXCHANGE_INTRO,EVENT_KEY_FLAVOR_SSANNE_EXCHANGE,ACTOR_KEY_EVENT_SHIO,INTRO,トウホクの どうぐは\nかぜに つよいね。,STEP_KEY_FLAVOR_SSANNE_EXCHANGE_COMPLETE,初回導入。短文のみ
DIALOGUE_KEY_FLAVOR_SSANNE_EXCHANGE_COMPLETE,EVENT_KEY_FLAVOR_SSANNE_EXCHANGE,ACTOR_KEY_EVENT_SHIO,COMPLETE,カントーの しおにも\nよく なじみそうだ。,STEP_KEY_FLAVOR_SSANNE_EXCHANGE_SET_DONE,成功確定直前の完了会話
DIALOGUE_KEY_FLAVOR_SSANNE_EXCHANGE_REVISIT,EVENT_KEY_FLAVOR_SSANNE_EXCHANGE,ACTOR_KEY_EVENT_SHIO,REVISIT,ふたつの ちほうで\nくふうが まざる。,STEP_KEY_FLAVOR_SSANNE_EXCHANGE_END,完了後再訪会話
DIALOGUE_KEY_FLAVOR_ROUTE6_TIDE_INTRO,EVENT_KEY_FLAVOR_ROUTE6_TIDE,ACTOR_KEY_NARRATION,INTRO,みずべの あしあとが\nみなとへ つづく。,STEP_KEY_FLAVOR_ROUTE6_TIDE_COMPLETE,初回導入。短文のみ
DIALOGUE_KEY_FLAVOR_ROUTE6_TIDE_COMPLETE,EVENT_KEY_FLAVOR_ROUTE6_TIDE,ACTOR_KEY_NARRATION,COMPLETE,そとから きた いのちも\nここで くらしている。,STEP_KEY_FLAVOR_ROUTE6_TIDE_SET_DONE,成功確定直前の完了会話
DIALOGUE_KEY_FLAVOR_ROUTE6_TIDE_REVISIT,EVENT_KEY_FLAVOR_ROUTE6_TIDE,ACTOR_KEY_NARRATION,REVISIT,しおが かわっても\nあしあとは のこる。,STEP_KEY_FLAVOR_ROUTE6_TIDE_END,完了後再訪会話
DIALOGUE_KEY_CERT_3_VERMILION_INTRO,EVENT_KEY_CERT_3_VERMILION,ACTOR_KEY_SYSTEM,INTRO,だい3にんてい。\nしおかぜの せんじゅつ。,STEP_KEY_CERT_3_VERMILION_PROMPT,認定テーマ提示
DIALOGUE_KEY_CERT_3_VERMILION_PROMPT,EVENT_KEY_CERT_3_VERMILION,ACTOR_KEY_SYSTEM,PROMPT,きろくせんを\nはじめますか？,STEP_KEY_CERT_3_VERMILION_BATTLE,認定戦開始確認
DIALOGUE_KEY_CERT_3_VERMILION_WIN,EVENT_KEY_CERT_3_VERMILION,ACTOR_KEY_SYSTEM,COMPLETE,しょうりを かくにん。\nだい3しょう とうろく。,STEP_KEY_CERT_3_VERMILION_SET_DONE,勝利後登録
DIALOGUE_KEY_CERT_3_VERMILION_SYNC,EVENT_KEY_CERT_3_VERMILION,ACTOR_KEY_SYSTEM,COMPLETE,しょうりずみを かくにん。\nだい3しょう とうろく。,STEP_KEY_CERT_3_VERMILION_SET_DONE,既存defeat済み同期
DIALOGUE_KEY_CERT_3_VERMILION_DECLINE,EVENT_KEY_CERT_3_VERMILION,ACTOR_KEY_SYSTEM,DECLINE,じゅんびが できたら\nまた どうぞ。,STEP_KEY_CERT_3_VERMILION_END,辞退時
DIALOGUE_KEY_CERT_3_VERMILION_LOSS,EVENT_KEY_CERT_3_VERMILION,ACTOR_KEY_SYSTEM,FAILURE,きろくは のこさない。\nもういちど どうぞ。,STEP_KEY_CERT_3_VERMILION_END,敗北後再試行案内
DIALOGUE_KEY_CERT_3_VERMILION_REVISIT,EVENT_KEY_CERT_3_VERMILION,ACTOR_KEY_SYSTEM,REVISIT,だい3しょうは\nとうろくずみ。,STEP_KEY_CERT_3_VERMILION_END,認定済み
DIALOGUE_KEY_QOL_OAK_BASIC_SYNC_INTRO,EVENT_KEY_QOL_OAK_BASIC_SYNC,ACTOR_KEY_EVENT_YUI,INTRO,けいけんと たまごを\nPCから みまもれる。,STEP_KEY_QOL_OAK_BASIC_SYNC_COMPLETE,初回導入。短文のみ
DIALOGUE_KEY_QOL_OAK_BASIC_SYNC_COMPLETE,EVENT_KEY_QOL_OAK_BASIC_SYNC,ACTOR_KEY_EVENT_YUI,COMPLETE,わざの そうだんも\nむりょうで できるよ。,STEP_KEY_QOL_OAK_BASIC_SYNC_SET_DONE,成功確定直前の完了会話
DIALOGUE_KEY_QOL_OAK_BASIC_SYNC_REVISIT,EVENT_KEY_QOL_OAK_BASIC_SYNC,ACTOR_KEY_EVENT_YUI,REVISIT,そだてかたは\nPCで いつでも かくにん。,STEP_KEY_QOL_OAK_BASIC_SYNC_END,完了後再訪会話
DIALOGUE_KEY_SIDE_FOREST_CORRIDOR_START_INTRO,EVENT_KEY_SIDE_FOREST_CORRIDOR_START,ACTOR_KEY_EVENT_SUZU,INTRO,もりまで つづく\nちいさな みちを みたい。,STEP_KEY_SIDE_FOREST_CORRIDOR_START_PROMPT,初回説明
DIALOGUE_KEY_SIDE_FOREST_CORRIDOR_START_PROMPT,EVENT_KEY_SIDE_FOREST_CORRIDOR_START,ACTOR_KEY_EVENT_SUZU,PROMPT,2つの しるしを\nみて くれますか？,STEP_KEY_SIDE_FOREST_CORRIDOR_START_ACCEPT,YES_NO表示文
DIALOGUE_KEY_SIDE_FOREST_CORRIDOR_START_ACCEPT,EVENT_KEY_SIDE_FOREST_CORRIDOR_START,ACTOR_KEY_EVENT_SUZU,ACCEPT,ありがとう。\nはなと もりを みて。,STEP_KEY_SIDE_FOREST_CORRIDOR_START_SET_DONE,受諾確認
DIALOGUE_KEY_SIDE_FOREST_CORRIDOR_START_DECLINE,EVENT_KEY_SIDE_FOREST_CORRIDOR_START,ACTOR_KEY_EVENT_SUZU,DECLINE,いそがなくて いいよ。\nみちは にげない。,STEP_KEY_SIDE_FOREST_CORRIDOR_START_END,辞退時
DIALOGUE_KEY_SIDE_FOREST_CORRIDOR_START_REVISIT,EVENT_KEY_SIDE_FOREST_CORRIDOR_START,ACTOR_KEY_EVENT_SUZU,REVISIT,2ばんどうろから\nもりへ すすんで。,STEP_KEY_SIDE_FOREST_CORRIDOR_START_END,完了後
DIALOGUE_KEY_SIDE_FOREST_CORRIDOR_ROUTE2_INTRO,EVENT_KEY_SIDE_FOREST_CORRIDOR_ROUTE2,ACTOR_KEY_NARRATION,INTRO,はなの こなが\nもりの ほうへ ながれる。,STEP_KEY_SIDE_FOREST_CORRIDOR_ROUTE2_COMPLETE,初回導入。短文のみ
DIALOGUE_KEY_SIDE_FOREST_CORRIDOR_ROUTE2_COMPLETE,EVENT_KEY_SIDE_FOREST_CORRIDOR_ROUTE2,ACTOR_KEY_NARRATION,COMPLETE,ちいさな はこびてが\nみちを つないでいる。,STEP_KEY_SIDE_FOREST_CORRIDOR_ROUTE2_SET_DONE,成功確定直前の完了会話
DIALOGUE_KEY_SIDE_FOREST_CORRIDOR_ROUTE2_REVISIT,EVENT_KEY_SIDE_FOREST_CORRIDOR_ROUTE2,ACTOR_KEY_NARRATION,REVISIT,はなの こなは\nきょうも もりへ。,STEP_KEY_SIDE_FOREST_CORRIDOR_ROUTE2_END,完了後再訪会話
DIALOGUE_KEY_SIDE_FOREST_CORRIDOR_COMPLETE_INTRO,EVENT_KEY_SIDE_FOREST_CORRIDOR_COMPLETE,ACTOR_KEY_SYSTEM,INTRO,もりの しるしが\n2つ そろった。,STEP_KEY_SIDE_FOREST_CORRIDOR_COMPLETE_PROMPT,報告受付
DIALOGUE_KEY_SIDE_FOREST_CORRIDOR_COMPLETE_PROMPT,EVENT_KEY_SIDE_FOREST_CORRIDOR_COMPLETE,ACTOR_KEY_SYSTEM,PROMPT,ちいさな おれいを\nうけとりますか？,STEP_KEY_SIDE_FOREST_CORRIDOR_COMPLETE_GIVE,報酬受取確認
DIALOGUE_KEY_SIDE_FOREST_CORRIDOR_COMPLETE_COMPLETE,EVENT_KEY_SIDE_FOREST_CORRIDOR_COMPLETE,ACTOR_KEY_SYSTEM,COMPLETE,オレンのみを\nうけとった。,STEP_KEY_SIDE_FOREST_CORRIDOR_COMPLETE_SET_DONE,報酬transaction成功後
DIALOGUE_KEY_SIDE_FOREST_CORRIDOR_COMPLETE_SYNC,EVENT_KEY_SIDE_FOREST_CORRIDOR_COMPLETE,ACTOR_KEY_SYSTEM,COMPLETE,おれいは うけとりずみ。\nきろくを ととのえる。,STEP_KEY_SIDE_FOREST_CORRIDOR_COMPLETE_SET_DONE,claim済みでevent state未同期の場合
DIALOGUE_KEY_SIDE_FOREST_CORRIDOR_COMPLETE_DECLINE,EVENT_KEY_SIDE_FOREST_CORRIDOR_COMPLETE,ACTOR_KEY_SYSTEM,DECLINE,もちものを ととのえて\nまた どうぞ。,STEP_KEY_SIDE_FOREST_CORRIDOR_COMPLETE_END,受取辞退
DIALOGUE_KEY_SIDE_FOREST_CORRIDOR_COMPLETE_REVISIT,EVENT_KEY_SIDE_FOREST_CORRIDOR_COMPLETE,ACTOR_KEY_SYSTEM,REVISIT,もりの かいろは\nきろくずみ。,STEP_KEY_SIDE_FOREST_CORRIDOR_COMPLETE_END,完了後
DIALOGUE_KEY_SIDE_MOON_STRATA_START_INTRO,EVENT_KEY_SIDE_MOON_STRATA_START,ACTOR_KEY_EVENT_GAKU,INTRO,やまの そとと なかで\nいわの いろが ちがう。,STEP_KEY_SIDE_MOON_STRATA_START_PROMPT,初回説明
DIALOGUE_KEY_SIDE_MOON_STRATA_START_PROMPT,EVENT_KEY_SIDE_MOON_STRATA_START,ACTOR_KEY_EVENT_GAKU,PROMPT,3つの ちそうを\nじゅんに みますか？,STEP_KEY_SIDE_MOON_STRATA_START_ACCEPT,YES_NO表示文
DIALOGUE_KEY_SIDE_MOON_STRATA_START_ACCEPT,EVENT_KEY_SIDE_MOON_STRATA_START,ACTOR_KEY_EVENT_GAKU,ACCEPT,3ばんどうろから\nおつきみやまへ。,STEP_KEY_SIDE_MOON_STRATA_START_SET_DONE,受諾確認
DIALOGUE_KEY_SIDE_MOON_STRATA_START_DECLINE,EVENT_KEY_SIDE_MOON_STRATA_START,ACTOR_KEY_EVENT_GAKU,DECLINE,じゅんじょが だいじだ。\nまた たのむ。,STEP_KEY_SIDE_MOON_STRATA_START_END,辞退時
DIALOGUE_KEY_SIDE_MOON_STRATA_START_REVISIT,EVENT_KEY_SIDE_MOON_STRATA_START,ACTOR_KEY_EVENT_GAKU,REVISIT,そと いりぐち おく。\nじゅんに たしかめて。,STEP_KEY_SIDE_MOON_STRATA_START_END,完了後
DIALOGUE_KEY_SIDE_MOON_STRATA_ROUTE3_INTRO,EVENT_KEY_SIDE_MOON_STRATA_ROUTE3,ACTOR_KEY_NARRATION,INTRO,あかるい いわはだに\nかわいた すじが ある。,STEP_KEY_SIDE_MOON_STRATA_ROUTE3_COMPLETE,初回導入。短文のみ
DIALOGUE_KEY_SIDE_MOON_STRATA_ROUTE3_COMPLETE,EVENT_KEY_SIDE_MOON_STRATA_ROUTE3,ACTOR_KEY_NARRATION,COMPLETE,そとの ちそうを\nきろくした。,STEP_KEY_SIDE_MOON_STRATA_ROUTE3_SET_DONE,成功確定直前の完了会話
DIALOGUE_KEY_SIDE_MOON_STRATA_ROUTE3_REVISIT,EVENT_KEY_SIDE_MOON_STRATA_ROUTE3,ACTOR_KEY_NARRATION,REVISIT,かわいた すじは\nかわっていない。,STEP_KEY_SIDE_MOON_STRATA_ROUTE3_END,完了後再訪会話
DIALOGUE_KEY_SIDE_MOON_STRATA_MT_MOON_INTRO,EVENT_KEY_SIDE_MOON_STRATA_MT_MOON,ACTOR_KEY_NARRATION,INTRO,うすい ひかりが\nいわの つぶに のこる。,STEP_KEY_SIDE_MOON_STRATA_MT_MOON_COMPLETE,初回導入。短文のみ
DIALOGUE_KEY_SIDE_MOON_STRATA_MT_MOON_COMPLETE,EVENT_KEY_SIDE_MOON_STRATA_MT_MOON,ACTOR_KEY_NARRATION,COMPLETE,なかの ちそうを\nきろくした。,STEP_KEY_SIDE_MOON_STRATA_MT_MOON_SET_DONE,成功確定直前の完了会話
DIALOGUE_KEY_SIDE_MOON_STRATA_MT_MOON_REVISIT,EVENT_KEY_SIDE_MOON_STRATA_MT_MOON,ACTOR_KEY_NARRATION,REVISIT,ひかる つぶは\nおなじ ならびだ。,STEP_KEY_SIDE_MOON_STRATA_MT_MOON_END,完了後再訪会話
DIALOGUE_KEY_SIDE_MOON_STRATA_COMPLETE_INTRO,EVENT_KEY_SIDE_MOON_STRATA_COMPLETE,ACTOR_KEY_EVENT_GAKU,INTRO,そとと なかの きろくが\nきれいに つながった。,STEP_KEY_SIDE_MOON_STRATA_COMPLETE_PROMPT,報告受付
DIALOGUE_KEY_SIDE_MOON_STRATA_COMPLETE_PROMPT,EVENT_KEY_SIDE_MOON_STRATA_COMPLETE,ACTOR_KEY_EVENT_GAKU,PROMPT,たんさくの どうぐを\nうけとるか？,STEP_KEY_SIDE_MOON_STRATA_COMPLETE_GIVE,報酬受取確認
DIALOGUE_KEY_SIDE_MOON_STRATA_COMPLETE_COMPLETE,EVENT_KEY_SIDE_MOON_STRATA_COMPLETE,ACTOR_KEY_EVENT_GAKU,COMPLETE,あなぬけのヒモを\nうけとった。,STEP_KEY_SIDE_MOON_STRATA_COMPLETE_SET_DONE,報酬transaction成功後
DIALOGUE_KEY_SIDE_MOON_STRATA_COMPLETE_SYNC,EVENT_KEY_SIDE_MOON_STRATA_COMPLETE,ACTOR_KEY_EVENT_GAKU,COMPLETE,どうぐは わたしずみ。\nきろくを とじる。,STEP_KEY_SIDE_MOON_STRATA_COMPLETE_SET_DONE,claim済みでevent state未同期の場合
DIALOGUE_KEY_SIDE_MOON_STRATA_COMPLETE_DECLINE,EVENT_KEY_SIDE_MOON_STRATA_COMPLETE,ACTOR_KEY_EVENT_GAKU,DECLINE,にもつを みなおして\nまた きてくれ。,STEP_KEY_SIDE_MOON_STRATA_COMPLETE_END,受取辞退
DIALOGUE_KEY_SIDE_MOON_STRATA_COMPLETE_REVISIT,EVENT_KEY_SIDE_MOON_STRATA_COMPLETE,ACTOR_KEY_EVENT_GAKU,REVISIT,ちそうの じゅんじょは\nほぞんずみだ。,STEP_KEY_SIDE_MOON_STRATA_COMPLETE_END,完了後
DIALOGUE_KEY_SIDE_EGG_COURIER_START_INTRO,EVENT_KEY_SIDE_EGG_COURIER_START,ACTOR_KEY_EVENT_MIO,INTRO,たまごの はこを\nあたためる ぬのが いる。,STEP_KEY_SIDE_EGG_COURIER_START_PROMPT,service初回説明
DIALOGUE_KEY_SIDE_EGG_COURIER_START_PROMPT,EVENT_KEY_SIDE_EGG_COURIER_START,ACTOR_KEY_EVENT_MIO,PROMPT,4ばんどうろまで\nとどけに いく？,STEP_KEY_SIDE_EGG_COURIER_START_SET_DONE,初回service確認
DIALOGUE_KEY_SIDE_EGG_COURIER_START_REVISIT,EVENT_KEY_SIDE_EGG_COURIER_START,ACTOR_KEY_EVENT_MIO,REVISIT,あずかりの ようすを\nみますか？,STEP_KEY_SIDE_EGG_COURIER_START_OPEN,再訪service確認
DIALOGUE_KEY_SIDE_EGG_COURIER_START_DECLINE,EVENT_KEY_SIDE_EGG_COURIER_START,ACTOR_KEY_EVENT_MIO,DECLINE,たまごは まてるよ。\nむりは しないで。,STEP_KEY_SIDE_EGG_COURIER_START_END,service辞退
DIALOGUE_KEY_SIDE_EGG_COURIER_ROUTE4_INTRO,EVENT_KEY_SIDE_EGG_COURIER_ROUTE4,ACTOR_KEY_NARRATION,INTRO,ひなたで かわいた\nやわらかな ぬのだ。,STEP_KEY_SIDE_EGG_COURIER_ROUTE4_COMPLETE,初回導入。短文のみ
DIALOGUE_KEY_SIDE_EGG_COURIER_ROUTE4_COMPLETE,EVENT_KEY_SIDE_EGG_COURIER_ROUTE4,ACTOR_KEY_NARRATION,COMPLETE,ほおんざいを\nあずかった。,STEP_KEY_SIDE_EGG_COURIER_ROUTE4_SET_DONE,成功確定直前の完了会話
DIALOGUE_KEY_SIDE_EGG_COURIER_ROUTE4_REVISIT,EVENT_KEY_SIDE_EGG_COURIER_ROUTE4,ACTOR_KEY_NARRATION,REVISIT,ひなたの ぬのは\nもう あずかりずみ。,STEP_KEY_SIDE_EGG_COURIER_ROUTE4_END,完了後再訪会話
DIALOGUE_KEY_SIDE_EGG_COURIER_COMPLETE_INTRO,EVENT_KEY_SIDE_EGG_COURIER_COMPLETE,ACTOR_KEY_EVENT_MIO,INTRO,ぬのが あれば\nたまごを まとめて まもれる。,STEP_KEY_SIDE_EGG_COURIER_COMPLETE_PROMPT,届け物確認
DIALOGUE_KEY_SIDE_EGG_COURIER_COMPLETE_PROMPT,EVENT_KEY_SIDE_EGG_COURIER_COMPLETE,ACTOR_KEY_EVENT_MIO,PROMPT,ほおんざいを\nわたしますか？,STEP_KEY_SIDE_EGG_COURIER_COMPLETE_COMPLETE,完了確認
DIALOGUE_KEY_SIDE_EGG_COURIER_COMPLETE_COMPLETE,EVENT_KEY_SIDE_EGG_COURIER_COMPLETE,ACTOR_KEY_EVENT_MIO,COMPLETE,ありがとう。\nたまごかごを つかえるよ。,STEP_KEY_SIDE_EGG_COURIER_COMPLETE_SET_DONE,完了と解禁説明
DIALOGUE_KEY_SIDE_EGG_COURIER_COMPLETE_DECLINE,EVENT_KEY_SIDE_EGG_COURIER_COMPLETE,ACTOR_KEY_EVENT_MIO,DECLINE,だいじに もっていて。\nまた かくにんするね。,STEP_KEY_SIDE_EGG_COURIER_COMPLETE_END,保留
DIALOGUE_KEY_SIDE_EGG_COURIER_COMPLETE_REVISIT,EVENT_KEY_SIDE_EGG_COURIER_COMPLETE,ACTOR_KEY_EVENT_MIO,REVISIT,たまごかごを\nつかいますか？,STEP_KEY_SIDE_EGG_COURIER_COMPLETE_OPEN,完了後service案内
DIALOGUE_KEY_SIDE_CAPE_TIME_START_INTRO,EVENT_KEY_SIDE_CAPE_TIME_START,ACTOR_KEY_EVENT_TOKI,INTRO,みさきの ひかりが\nすこし ずれて みえる。,STEP_KEY_SIDE_CAPE_TIME_START_PROMPT,初回説明
DIALOGUE_KEY_SIDE_CAPE_TIME_START_PROMPT,EVENT_KEY_SIDE_CAPE_TIME_START,ACTOR_KEY_EVENT_TOKI,PROMPT,25ばんどうろで\nじかんを たしかめる？,STEP_KEY_SIDE_CAPE_TIME_START_ACCEPT,YES_NO表示文
DIALOGUE_KEY_SIDE_CAPE_TIME_START_ACCEPT,EVENT_KEY_SIDE_CAPE_TIME_START,ACTOR_KEY_EVENT_TOKI,ACCEPT,ひかりが かさなる\nしゅんかんを みて。,STEP_KEY_SIDE_CAPE_TIME_START_SET_DONE,受諾確認
DIALOGUE_KEY_SIDE_CAPE_TIME_START_DECLINE,EVENT_KEY_SIDE_CAPE_TIME_START,ACTOR_KEY_EVENT_TOKI,DECLINE,ひかりは また めぐる。\nあせらなくて いい。,STEP_KEY_SIDE_CAPE_TIME_START_END,辞退時
DIALOGUE_KEY_SIDE_CAPE_TIME_START_REVISIT,EVENT_KEY_SIDE_CAPE_TIME_START,ACTOR_KEY_EVENT_TOKI,REVISIT,25ばんどうろの\nひかりを みて。,STEP_KEY_SIDE_CAPE_TIME_START_END,完了後
DIALOGUE_KEY_SIDE_CAPE_TIME_COMPLETE_INTRO,EVENT_KEY_SIDE_CAPE_TIME_COMPLETE,ACTOR_KEY_SYSTEM,INTRO,ふたつの ひかりが\nいま かさなった。,STEP_KEY_SIDE_CAPE_TIME_COMPLETE_PROMPT,既存取得host前の導入
DIALOGUE_KEY_SIDE_CAPE_TIME_COMPLETE_PROMPT,EVENT_KEY_SIDE_CAPE_TIME_COMPLETE,ACTOR_KEY_SYSTEM,PROMPT,ちかくの けはいへ\nこえを かけますか？,STEP_KEY_SIDE_CAPE_TIME_COMPLETE_CALL,取得実行確認
DIALOGUE_KEY_SIDE_CAPE_TIME_COMPLETE_COMPLETE,EVENT_KEY_SIDE_CAPE_TIME_COMPLETE,ACTOR_KEY_SYSTEM,COMPLETE,じかんの けはいが\nなかまに くわわった。,STEP_KEY_SIDE_CAPE_TIME_COMPLETE_SET_DONE,既存transaction成功後
DIALOGUE_KEY_SIDE_CAPE_TIME_COMPLETE_SYNC,EVENT_KEY_SIDE_CAPE_TIME_COMPLETE,ACTOR_KEY_SYSTEM,COMPLETE,その けはいは\nすでに こたえている。,STEP_KEY_SIDE_CAPE_TIME_COMPLETE_SET_DONE,既存claim済み同期
DIALOGUE_KEY_SIDE_CAPE_TIME_COMPLETE_DECLINE,EVENT_KEY_SIDE_CAPE_TIME_COMPLETE,ACTOR_KEY_SYSTEM,DECLINE,ひかりは きえない。\nまた こえを かけよう。,STEP_KEY_SIDE_CAPE_TIME_COMPLETE_END,辞退時
DIALOGUE_KEY_SIDE_CAPE_TIME_COMPLETE_FAILURE,EVENT_KEY_SIDE_CAPE_TIME_COMPLETE,ACTOR_KEY_SYSTEM,FAILURE,うけいれる ばしょを\nあけて もどろう。,STEP_KEY_SIDE_CAPE_TIME_COMPLETE_END,party/PC容量不足等
DIALOGUE_KEY_SIDE_CAPE_TIME_COMPLETE_REVISIT,EVENT_KEY_SIDE_CAPE_TIME_COMPLETE,ACTOR_KEY_SYSTEM,REVISIT,みさきの じかんは\nきろくずみ。,STEP_KEY_SIDE_CAPE_TIME_COMPLETE_END,取得済み再訪
DIALOGUE_KEY_CERT_1_PEWTER_INTRO,EVENT_KEY_CERT_1_PEWTER,ACTOR_KEY_SYSTEM,INTRO,だい1にんてい。\nちそうの よみあい。,STEP_KEY_CERT_1_PEWTER_PROMPT,認定テーマ提示
DIALOGUE_KEY_CERT_1_PEWTER_PROMPT,EVENT_KEY_CERT_1_PEWTER,ACTOR_KEY_SYSTEM,PROMPT,きろくせんを\nはじめますか？,STEP_KEY_CERT_1_PEWTER_BATTLE,認定戦開始確認
DIALOGUE_KEY_CERT_1_PEWTER_WIN,EVENT_KEY_CERT_1_PEWTER,ACTOR_KEY_SYSTEM,COMPLETE,しょうりを かくにん。\nだい1しょう とうろく。,STEP_KEY_CERT_1_PEWTER_SET_DONE,勝利後登録
DIALOGUE_KEY_CERT_1_PEWTER_SYNC,EVENT_KEY_CERT_1_PEWTER,ACTOR_KEY_SYSTEM,COMPLETE,しょうりずみを かくにん。\nだい1しょう とうろく。,STEP_KEY_CERT_1_PEWTER_SET_DONE,既存defeat済み同期
DIALOGUE_KEY_CERT_1_PEWTER_DECLINE,EVENT_KEY_CERT_1_PEWTER,ACTOR_KEY_SYSTEM,DECLINE,じゅんびが できたら\nまた どうぞ。,STEP_KEY_CERT_1_PEWTER_END,辞退時
DIALOGUE_KEY_CERT_1_PEWTER_LOSS,EVENT_KEY_CERT_1_PEWTER,ACTOR_KEY_SYSTEM,FAILURE,きろくは のこさない。\nもういちど どうぞ。,STEP_KEY_CERT_1_PEWTER_END,敗北後再試行案内
DIALOGUE_KEY_CERT_1_PEWTER_REVISIT,EVENT_KEY_CERT_1_PEWTER,ACTOR_KEY_SYSTEM,REVISIT,だい1しょうは\nとうろくずみ。,STEP_KEY_CERT_1_PEWTER_END,認定済み
DIALOGUE_KEY_CERT_2_CERULEAN_INTRO,EVENT_KEY_CERT_2_CERULEAN,ACTOR_KEY_SYSTEM,INTRO,だい2にんてい。\nみずの ながれを よむ。,STEP_KEY_CERT_2_CERULEAN_PROMPT,認定テーマ提示
DIALOGUE_KEY_CERT_2_CERULEAN_PROMPT,EVENT_KEY_CERT_2_CERULEAN,ACTOR_KEY_SYSTEM,PROMPT,きろくせんを\nはじめますか？,STEP_KEY_CERT_2_CERULEAN_BATTLE,認定戦開始確認
DIALOGUE_KEY_CERT_2_CERULEAN_WIN,EVENT_KEY_CERT_2_CERULEAN,ACTOR_KEY_SYSTEM,COMPLETE,しょうりを かくにん。\nだい2しょう とうろく。,STEP_KEY_CERT_2_CERULEAN_SET_DONE,勝利後登録
DIALOGUE_KEY_CERT_2_CERULEAN_SYNC,EVENT_KEY_CERT_2_CERULEAN,ACTOR_KEY_SYSTEM,COMPLETE,しょうりずみを かくにん。\nだい2しょう とうろく。,STEP_KEY_CERT_2_CERULEAN_SET_DONE,既存defeat済み同期
DIALOGUE_KEY_CERT_2_CERULEAN_DECLINE,EVENT_KEY_CERT_2_CERULEAN,ACTOR_KEY_SYSTEM,DECLINE,じゅんびが できたら\nまた どうぞ。,STEP_KEY_CERT_2_CERULEAN_END,辞退時
DIALOGUE_KEY_CERT_2_CERULEAN_LOSS,EVENT_KEY_CERT_2_CERULEAN,ACTOR_KEY_SYSTEM,FAILURE,きろくは のこさない。\nもういちど どうぞ。,STEP_KEY_CERT_2_CERULEAN_END,敗北後再試行案内
DIALOGUE_KEY_CERT_2_CERULEAN_REVISIT,EVENT_KEY_CERT_2_CERULEAN,ACTOR_KEY_SYSTEM,REVISIT,だい2しょうは\nとうろくずみ。,STEP_KEY_CERT_2_CERULEAN_END,認定済み
DIALOGUE_KEY_SIDE_UNDERGROUND_BREATH_START_INTRO,EVENT_KEY_SIDE_UNDERGROUND_BREATH_START,ACTOR_KEY_EVENT_IWA,INTRO,じめんの したから\nかぜの おとが する。,STEP_KEY_SIDE_UNDERGROUND_BREATH_START_PROMPT,初回説明
DIALOGUE_KEY_SIDE_UNDERGROUND_BREATH_START_PROMPT,EVENT_KEY_SIDE_UNDERGROUND_BREATH_START,ACTOR_KEY_EVENT_IWA,PROMPT,ふたつの どうくつで\nおとを きくか？,STEP_KEY_SIDE_UNDERGROUND_BREATH_START_ACCEPT,YES_NO表示文
DIALOGUE_KEY_SIDE_UNDERGROUND_BREATH_START_ACCEPT,EVENT_KEY_SIDE_UNDERGROUND_BREATH_START,ACTOR_KEY_EVENT_IWA,ACCEPT,まずは ディグダの\nあなへ いってくれ。,STEP_KEY_SIDE_UNDERGROUND_BREATH_START_SET_DONE,受諾確認
DIALOGUE_KEY_SIDE_UNDERGROUND_BREATH_START_DECLINE,EVENT_KEY_SIDE_UNDERGROUND_BREATH_START,ACTOR_KEY_EVENT_IWA,DECLINE,しずかな ときで いい。\nまた たのむ。,STEP_KEY_SIDE_UNDERGROUND_BREATH_START_END,辞退時
DIALOGUE_KEY_SIDE_UNDERGROUND_BREATH_START_REVISIT,EVENT_KEY_SIDE_UNDERGROUND_BREATH_START,ACTOR_KEY_EVENT_IWA,REVISIT,ディグダの あなから\nイワヤマへ。,STEP_KEY_SIDE_UNDERGROUND_BREATH_START_END,完了後
DIALOGUE_KEY_SIDE_UNDERGROUND_BREATH_DIGLETT_INTRO,EVENT_KEY_SIDE_UNDERGROUND_BREATH_DIGLETT,ACTOR_KEY_SYSTEM,INTRO,センサーが\nちいさな かぜを ひろう。,STEP_KEY_SIDE_UNDERGROUND_BREATH_DIGLETT_COMPLETE,初回導入。短文のみ
DIALOGUE_KEY_SIDE_UNDERGROUND_BREATH_DIGLETT_COMPLETE,EVENT_KEY_SIDE_UNDERGROUND_BREATH_DIGLETT,ACTOR_KEY_SYSTEM,COMPLETE,みなみから きたへ\nかぜが ぬけている。,STEP_KEY_SIDE_UNDERGROUND_BREATH_DIGLETT_SET_DONE,成功確定直前の完了会話
DIALOGUE_KEY_SIDE_UNDERGROUND_BREATH_DIGLETT_REVISIT,EVENT_KEY_SIDE_UNDERGROUND_BREATH_DIGLETT,ACTOR_KEY_SYSTEM,REVISIT,かぜの むきは\nかわっていない。,STEP_KEY_SIDE_UNDERGROUND_BREATH_DIGLETT_END,完了後再訪会話
DIALOGUE_KEY_SIDE_UNDERGROUND_BREATH_COMPLETE_INTRO,EVENT_KEY_SIDE_UNDERGROUND_BREATH_COMPLETE,ACTOR_KEY_SYSTEM,INTRO,ふたつの どうくつで\nかぜが つながった。,STEP_KEY_SIDE_UNDERGROUND_BREATH_COMPLETE_PROMPT,報告受付
DIALOGUE_KEY_SIDE_UNDERGROUND_BREATH_COMPLETE_PROMPT,EVENT_KEY_SIDE_UNDERGROUND_BREATH_COMPLETE,ACTOR_KEY_SYSTEM,PROMPT,ほぜんの おれいを\nうけとりますか？,STEP_KEY_SIDE_UNDERGROUND_BREATH_COMPLETE_GIVE,報酬受取確認
DIALOGUE_KEY_SIDE_UNDERGROUND_BREATH_COMPLETE_COMPLETE,EVENT_KEY_SIDE_UNDERGROUND_BREATH_COMPLETE,ACTOR_KEY_SYSTEM,COMPLETE,モンスターボールを\n5こ うけとった。,STEP_KEY_SIDE_UNDERGROUND_BREATH_COMPLETE_SET_DONE,報酬transaction成功後
DIALOGUE_KEY_SIDE_UNDERGROUND_BREATH_COMPLETE_SYNC,EVENT_KEY_SIDE_UNDERGROUND_BREATH_COMPLETE,ACTOR_KEY_SYSTEM,COMPLETE,おれいは うけとりずみ。\nかぜを きろくする。,STEP_KEY_SIDE_UNDERGROUND_BREATH_COMPLETE_SET_DONE,claim済みでevent state未同期の場合
DIALOGUE_KEY_SIDE_UNDERGROUND_BREATH_COMPLETE_DECLINE,EVENT_KEY_SIDE_UNDERGROUND_BREATH_COMPLETE,ACTOR_KEY_SYSTEM,DECLINE,もちものを ととのえて\nまた どうぞ。,STEP_KEY_SIDE_UNDERGROUND_BREATH_COMPLETE_END,受取辞退
DIALOGUE_KEY_SIDE_UNDERGROUND_BREATH_COMPLETE_REVISIT,EVENT_KEY_SIDE_UNDERGROUND_BREATH_COMPLETE,ACTOR_KEY_SYSTEM,REVISIT,ちかの かぜは\nきろくずみ。,STEP_KEY_SIDE_UNDERGROUND_BREATH_COMPLETE_END,完了後
DIALOGUE_KEY_SIDE_WATER_CURRENT_START_INTRO,EVENT_KEY_SIDE_WATER_CURRENT_START,ACTOR_KEY_EVENT_NAMI,INTRO,かわの おとに\nでんきの ひびきが まじる。,STEP_KEY_SIDE_WATER_CURRENT_START_PROMPT,初回説明
DIALOGUE_KEY_SIDE_WATER_CURRENT_START_PROMPT,EVENT_KEY_SIDE_WATER_CURRENT_START,ACTOR_KEY_EVENT_NAMI,PROMPT,10ばんどうろから\nはつでんしょへ いく？,STEP_KEY_SIDE_WATER_CURRENT_START_ACCEPT,YES_NO表示文
DIALOGUE_KEY_SIDE_WATER_CURRENT_START_ACCEPT,EVENT_KEY_SIDE_WATER_CURRENT_START,ACTOR_KEY_EVENT_NAMI,ACCEPT,みずに ふれず\nおとだけ たどって。,STEP_KEY_SIDE_WATER_CURRENT_START_SET_DONE,受諾確認
DIALOGUE_KEY_SIDE_WATER_CURRENT_START_DECLINE,EVENT_KEY_SIDE_WATER_CURRENT_START,ACTOR_KEY_EVENT_NAMI,DECLINE,あめの ひは さけよう。\nまた たのむね。,STEP_KEY_SIDE_WATER_CURRENT_START_END,辞退時
DIALOGUE_KEY_SIDE_WATER_CURRENT_START_REVISIT,EVENT_KEY_SIDE_WATER_CURRENT_START,ACTOR_KEY_EVENT_NAMI,REVISIT,かわの おとを\nひがしへ たどって。,STEP_KEY_SIDE_WATER_CURRENT_START_END,完了後
DIALOGUE_KEY_SIDE_WATER_CURRENT_ROUTE10_INTRO,EVENT_KEY_SIDE_WATER_CURRENT_ROUTE10,ACTOR_KEY_NARRATION,INTRO,かわの おとが\nきんぞくへ ひびく。,STEP_KEY_SIDE_WATER_CURRENT_ROUTE10_COMPLETE,初回導入。短文のみ
DIALOGUE_KEY_SIDE_WATER_CURRENT_ROUTE10_COMPLETE,EVENT_KEY_SIDE_WATER_CURRENT_ROUTE10,ACTOR_KEY_NARRATION,COMPLETE,でんきの みちは\nみずの そとに ある。,STEP_KEY_SIDE_WATER_CURRENT_ROUTE10_SET_DONE,成功確定直前の完了会話
DIALOGUE_KEY_SIDE_WATER_CURRENT_ROUTE10_REVISIT,EVENT_KEY_SIDE_WATER_CURRENT_ROUTE10,ACTOR_KEY_NARRATION,REVISIT,ひびきは きょうも\nかわを わたる。,STEP_KEY_SIDE_WATER_CURRENT_ROUTE10_END,完了後再訪会話
DIALOGUE_KEY_SIDE_WATER_CURRENT_COMPLETE_INTRO,EVENT_KEY_SIDE_WATER_CURRENT_COMPLETE,ACTOR_KEY_SYSTEM,INTRO,みずから はなれた\nつよい ひびきが ある。,STEP_KEY_SIDE_WATER_CURRENT_COMPLETE_PROMPT,既存取得host前の導入
DIALOGUE_KEY_SIDE_WATER_CURRENT_COMPLETE_PROMPT,EVENT_KEY_SIDE_WATER_CURRENT_COMPLETE,ACTOR_KEY_SYSTEM,PROMPT,ひびきへ\nこえを かけますか？,STEP_KEY_SIDE_WATER_CURRENT_COMPLETE_CALL,取得実行確認
DIALOGUE_KEY_SIDE_WATER_CURRENT_COMPLETE_COMPLETE,EVENT_KEY_SIDE_WATER_CURRENT_COMPLETE,ACTOR_KEY_SYSTEM,COMPLETE,みらいの けはいが\nなかまに くわわった。,STEP_KEY_SIDE_WATER_CURRENT_COMPLETE_SET_DONE,既存transaction成功後
DIALOGUE_KEY_SIDE_WATER_CURRENT_COMPLETE_SYNC,EVENT_KEY_SIDE_WATER_CURRENT_COMPLETE,ACTOR_KEY_SYSTEM,COMPLETE,その けはいは\nすでに こたえている。,STEP_KEY_SIDE_WATER_CURRENT_COMPLETE_SET_DONE,既存claim済み同期
DIALOGUE_KEY_SIDE_WATER_CURRENT_COMPLETE_DECLINE,EVENT_KEY_SIDE_WATER_CURRENT_COMPLETE,ACTOR_KEY_SYSTEM,DECLINE,あんぜんを たしかめて\nまた こえを かけよう。,STEP_KEY_SIDE_WATER_CURRENT_COMPLETE_END,辞退時
DIALOGUE_KEY_SIDE_WATER_CURRENT_COMPLETE_FAILURE,EVENT_KEY_SIDE_WATER_CURRENT_COMPLETE,ACTOR_KEY_SYSTEM,FAILURE,うけいれる ばしょを\nあけて もどろう。,STEP_KEY_SIDE_WATER_CURRENT_COMPLETE_END,party/PC容量不足等
DIALOGUE_KEY_SIDE_WATER_CURRENT_COMPLETE_REVISIT,EVENT_KEY_SIDE_WATER_CURRENT_COMPLETE,ACTOR_KEY_SYSTEM,REVISIT,みずと でんきの\nきろくは そろった。,STEP_KEY_SIDE_WATER_CURRENT_COMPLETE_END,取得済み再訪
DIALOGUE_KEY_SIDE_MEMORY_LIGHT_START_INTRO,EVENT_KEY_SIDE_MEMORY_LIGHT_START,ACTOR_KEY_EVENT_NAGI,INTRO,よるの みちに\nきえない あかりが ある。,STEP_KEY_SIDE_MEMORY_LIGHT_START_PROMPT,初回説明
DIALOGUE_KEY_SIDE_MEMORY_LIGHT_START_PROMPT,EVENT_KEY_SIDE_MEMORY_LIGHT_START,ACTOR_KEY_EVENT_NAGI,PROMPT,タワーと あとの ちかで\nひかりを みる？,STEP_KEY_SIDE_MEMORY_LIGHT_START_ACCEPT,YES_NO表示文
DIALOGUE_KEY_SIDE_MEMORY_LIGHT_START_ACCEPT,EVENT_KEY_SIDE_MEMORY_LIGHT_START,ACTOR_KEY_EVENT_NAGI,ACCEPT,こわさず さわがず\nしずかに みて。,STEP_KEY_SIDE_MEMORY_LIGHT_START_SET_DONE,受諾確認
DIALOGUE_KEY_SIDE_MEMORY_LIGHT_START_DECLINE,EVENT_KEY_SIDE_MEMORY_LIGHT_START,ACTOR_KEY_EVENT_NAGI,DECLINE,あかりは まっている。\nまた きて。,STEP_KEY_SIDE_MEMORY_LIGHT_START_END,辞退時
DIALOGUE_KEY_SIDE_MEMORY_LIGHT_START_REVISIT,EVENT_KEY_SIDE_MEMORY_LIGHT_START,ACTOR_KEY_EVENT_NAGI,REVISIT,タワーの うえから\nちかの あとへ。,STEP_KEY_SIDE_MEMORY_LIGHT_START_END,完了後
DIALOGUE_KEY_SIDE_MEMORY_LIGHT_TOWER_INTRO,EVENT_KEY_SIDE_MEMORY_LIGHT_TOWER,ACTOR_KEY_NARRATION,INTRO,あかりは かべに\nおだやかな かげを つくる。,STEP_KEY_SIDE_MEMORY_LIGHT_TOWER_COMPLETE,初回導入。短文のみ
DIALOGUE_KEY_SIDE_MEMORY_LIGHT_TOWER_COMPLETE,EVENT_KEY_SIDE_MEMORY_LIGHT_TOWER,ACTOR_KEY_NARRATION,COMPLETE,タワーの ひかりを\nきろくした。,STEP_KEY_SIDE_MEMORY_LIGHT_TOWER_SET_DONE,成功確定直前の完了会話
DIALOGUE_KEY_SIDE_MEMORY_LIGHT_TOWER_REVISIT,EVENT_KEY_SIDE_MEMORY_LIGHT_TOWER,ACTOR_KEY_NARRATION,REVISIT,かげは しずかに\nゆれている。,STEP_KEY_SIDE_MEMORY_LIGHT_TOWER_END,完了後再訪会話
DIALOGUE_KEY_SIDE_MEMORY_LIGHT_COMPLETE_INTRO,EVENT_KEY_SIDE_MEMORY_LIGHT_COMPLETE,ACTOR_KEY_SYSTEM,INTRO,ちかの あとにも\nおなじ あかりが のこる。,STEP_KEY_SIDE_MEMORY_LIGHT_COMPLETE_PROMPT,報告受付
DIALOGUE_KEY_SIDE_MEMORY_LIGHT_COMPLETE_PROMPT,EVENT_KEY_SIDE_MEMORY_LIGHT_COMPLETE,ACTOR_KEY_SYSTEM,PROMPT,ちいさな おれいを\nうけとりますか？,STEP_KEY_SIDE_MEMORY_LIGHT_COMPLETE_GIVE,報酬受取確認
DIALOGUE_KEY_SIDE_MEMORY_LIGHT_COMPLETE_COMPLETE,EVENT_KEY_SIDE_MEMORY_LIGHT_COMPLETE,ACTOR_KEY_SYSTEM,COMPLETE,オレンのみを\nうけとった。,STEP_KEY_SIDE_MEMORY_LIGHT_COMPLETE_SET_DONE,報酬transaction成功後
DIALOGUE_KEY_SIDE_MEMORY_LIGHT_COMPLETE_SYNC,EVENT_KEY_SIDE_MEMORY_LIGHT_COMPLETE,ACTOR_KEY_SYSTEM,COMPLETE,おれいは うけとりずみ。\nあかりを きろくする。,STEP_KEY_SIDE_MEMORY_LIGHT_COMPLETE_SET_DONE,claim済みでevent state未同期の場合
DIALOGUE_KEY_SIDE_MEMORY_LIGHT_COMPLETE_DECLINE,EVENT_KEY_SIDE_MEMORY_LIGHT_COMPLETE,ACTOR_KEY_SYSTEM,DECLINE,もちものを ととのえて\nまた どうぞ。,STEP_KEY_SIDE_MEMORY_LIGHT_COMPLETE_END,受取辞退
DIALOGUE_KEY_SIDE_MEMORY_LIGHT_COMPLETE_REVISIT,EVENT_KEY_SIDE_MEMORY_LIGHT_COMPLETE,ACTOR_KEY_SYSTEM,REVISIT,ふたつの あかりは\nきろくずみ。,STEP_KEY_SIDE_MEMORY_LIGHT_COMPLETE_END,完了後
DIALOGUE_KEY_QOL_FIELD_KIT_INTRO,EVENT_KEY_QOL_FIELD_KIT,ACTOR_KEY_EVENT_YUI,INTRO,そとでも PCと\nそだてかたを つかえる。,STEP_KEY_QOL_FIELD_KIT_COMPLETE,初回導入。短文のみ
DIALOGUE_KEY_QOL_FIELD_KIT_COMPLETE,EVENT_KEY_QOL_FIELD_KIT,ACTOR_KEY_EVENT_YUI,COMPLETE,もちものの せいりも\nまとめて できるよ。,STEP_KEY_QOL_FIELD_KIT_SET_DONE,成功確定直前の完了会話
DIALOGUE_KEY_QOL_FIELD_KIT_REVISIT,EVENT_KEY_QOL_FIELD_KIT,ACTOR_KEY_EVENT_YUI,REVISIT,えんせいの じゅんびは\nフィールドで できる。,STEP_KEY_QOL_FIELD_KIT_END,完了後再訪会話
DIALOGUE_KEY_QOL_LATE_TRAINING_INTRO,EVENT_KEY_QOL_LATE_TRAINING,ACTOR_KEY_SYSTEM,INTRO,そだてる どうぐと\nとくせいの そうだん。,STEP_KEY_QOL_LATE_TRAINING_COMPLETE,初回導入。短文のみ
DIALOGUE_KEY_QOL_LATE_TRAINING_COMPLETE,EVENT_KEY_QOL_LATE_TRAINING,ACTOR_KEY_SYSTEM,COMPLETE,きたえなおしは\nみせで まとめて できる。,STEP_KEY_QOL_LATE_TRAINING_SET_DONE,成功確定直前の完了会話
DIALOGUE_KEY_QOL_LATE_TRAINING_REVISIT,EVENT_KEY_QOL_LATE_TRAINING,ACTOR_KEY_SYSTEM,REVISIT,こうはんの いくせいは\nみせで かくにん。,STEP_KEY_QOL_LATE_TRAINING_END,完了後再訪会話
DIALOGUE_KEY_QOL_RESEARCH_PROFILE_INTRO,EVENT_KEY_QOL_RESEARCH_PROFILE,ACTOR_KEY_EVENT_YUI,INTRO,ちょうさの きろくが\nひとつに まとまった。,STEP_KEY_QOL_RESEARCH_PROFILE_COMPLETE,初回導入。短文のみ
DIALOGUE_KEY_QOL_RESEARCH_PROFILE_COMPLETE,EVENT_KEY_QOL_RESEARCH_PROFILE,ACTOR_KEY_EVENT_YUI,COMPLETE,レーダーと いくせいを\nおなじ きろくで みられる。,STEP_KEY_QOL_RESEARCH_PROFILE_SET_DONE,成功確定直前の完了会話
DIALOGUE_KEY_QOL_RESEARCH_PROFILE_REVISIT,EVENT_KEY_QOL_RESEARCH_PROFILE,ACTOR_KEY_EVENT_YUI,REVISIT,ちょうさの きろくは\nプロフィールで みてね。,STEP_KEY_QOL_RESEARCH_PROFILE_END,完了後再訪会話
DIALOGUE_KEY_CERT_4_CELADON_INTRO,EVENT_KEY_CERT_4_CELADON,ACTOR_KEY_SYSTEM,INTRO,だい4にんてい。\nくさきの こうたい。,STEP_KEY_CERT_4_CELADON_PROMPT,認定テーマ提示
DIALOGUE_KEY_CERT_4_CELADON_PROMPT,EVENT_KEY_CERT_4_CELADON,ACTOR_KEY_SYSTEM,PROMPT,きろくせんを\nはじめますか？,STEP_KEY_CERT_4_CELADON_BATTLE,認定戦開始確認
DIALOGUE_KEY_CERT_4_CELADON_WIN,EVENT_KEY_CERT_4_CELADON,ACTOR_KEY_SYSTEM,COMPLETE,しょうりを かくにん。\nだい4しょう とうろく。,STEP_KEY_CERT_4_CELADON_SET_DONE,勝利後登録
DIALOGUE_KEY_CERT_4_CELADON_SYNC,EVENT_KEY_CERT_4_CELADON,ACTOR_KEY_SYSTEM,COMPLETE,しょうりずみを かくにん。\nだい4しょう とうろく。,STEP_KEY_CERT_4_CELADON_SET_DONE,既存defeat済み同期
DIALOGUE_KEY_CERT_4_CELADON_DECLINE,EVENT_KEY_CERT_4_CELADON,ACTOR_KEY_SYSTEM,DECLINE,じゅんびが できたら\nまた どうぞ。,STEP_KEY_CERT_4_CELADON_END,辞退時
DIALOGUE_KEY_CERT_4_CELADON_LOSS,EVENT_KEY_CERT_4_CELADON,ACTOR_KEY_SYSTEM,FAILURE,きろくは のこさない。\nもういちど どうぞ。,STEP_KEY_CERT_4_CELADON_END,敗北後再試行案内
DIALOGUE_KEY_CERT_4_CELADON_REVISIT,EVENT_KEY_CERT_4_CELADON,ACTOR_KEY_SYSTEM,REVISIT,だい4しょうは\nとうろくずみ。,STEP_KEY_CERT_4_CELADON_END,認定済み
DIALOGUE_KEY_SIDE_CITY_SEEDS_START_INTRO,EVENT_KEY_SIDE_CITY_SEEDS_START,ACTOR_KEY_SYSTEM,INTRO,まちの そとに\nつよい たねが おちている。,STEP_KEY_SIDE_CITY_SEEDS_START_PROMPT,初回説明
DIALOGUE_KEY_SIDE_CITY_SEEDS_START_PROMPT,EVENT_KEY_SIDE_CITY_SEEDS_START,ACTOR_KEY_SYSTEM,PROMPT,タマムシの おくじょうで\nそだちを みますか？,STEP_KEY_SIDE_CITY_SEEDS_START_ACCEPT,YES_NO表示文
DIALOGUE_KEY_SIDE_CITY_SEEDS_START_ACCEPT,EVENT_KEY_SIDE_CITY_SEEDS_START,ACTOR_KEY_SYSTEM,ACCEPT,ひとの くらしと\nくさきの あいだを みよう。,STEP_KEY_SIDE_CITY_SEEDS_START_SET_DONE,受諾確認
DIALOGUE_KEY_SIDE_CITY_SEEDS_START_DECLINE,EVENT_KEY_SIDE_CITY_SEEDS_START,ACTOR_KEY_SYSTEM,DECLINE,たねは ここに のこる。\nまた みてみよう。,STEP_KEY_SIDE_CITY_SEEDS_START_END,辞退時
DIALOGUE_KEY_SIDE_CITY_SEEDS_START_REVISIT,EVENT_KEY_SIDE_CITY_SEEDS_START,ACTOR_KEY_SYSTEM,REVISIT,タマムシの たかい\nばしょへ いこう。,STEP_KEY_SIDE_CITY_SEEDS_START_END,完了後
DIALOGUE_KEY_SIDE_CITY_SEEDS_COMPLETE_INTRO,EVENT_KEY_SIDE_CITY_SEEDS_COMPLETE,ACTOR_KEY_SYSTEM,INTRO,まちの ひかりでも\nちいさな めが のびた。,STEP_KEY_SIDE_CITY_SEEDS_COMPLETE_PROMPT,報告受付
DIALOGUE_KEY_SIDE_CITY_SEEDS_COMPLETE_PROMPT,EVENT_KEY_SIDE_CITY_SEEDS_COMPLETE,ACTOR_KEY_SYSTEM,PROMPT,そだてた ひとからの\nおれいを うけとる？,STEP_KEY_SIDE_CITY_SEEDS_COMPLETE_GIVE,報酬受取確認
DIALOGUE_KEY_SIDE_CITY_SEEDS_COMPLETE_COMPLETE,EVENT_KEY_SIDE_CITY_SEEDS_COMPLETE,ACTOR_KEY_SYSTEM,COMPLETE,オレンのみを\nうけとった。,STEP_KEY_SIDE_CITY_SEEDS_COMPLETE_SET_DONE,報酬transaction成功後
DIALOGUE_KEY_SIDE_CITY_SEEDS_COMPLETE_SYNC,EVENT_KEY_SIDE_CITY_SEEDS_COMPLETE,ACTOR_KEY_SYSTEM,COMPLETE,おれいは うけとりずみ。\nめを きろくする。,STEP_KEY_SIDE_CITY_SEEDS_COMPLETE_SET_DONE,claim済みでevent state未同期の場合
DIALOGUE_KEY_SIDE_CITY_SEEDS_COMPLETE_DECLINE,EVENT_KEY_SIDE_CITY_SEEDS_COMPLETE,ACTOR_KEY_SYSTEM,DECLINE,もちものを ととのえて\nまた どうぞ。,STEP_KEY_SIDE_CITY_SEEDS_COMPLETE_END,受取辞退
DIALOGUE_KEY_SIDE_CITY_SEEDS_COMPLETE_REVISIT,EVENT_KEY_SIDE_CITY_SEEDS_COMPLETE,ACTOR_KEY_SYSTEM,REVISIT,まちの めは\nげんきに そだつ。,STEP_KEY_SIDE_CITY_SEEDS_COMPLETE_END,完了後
DIALOGUE_KEY_SIDE_WETLAND_MIGRATION_START_INTRO,EVENT_KEY_SIDE_WETLAND_MIGRATION_START,ACTOR_KEY_EVENT_KAI,INTRO,みずべの むれが\nみなみへ うごいている。,STEP_KEY_SIDE_WETLAND_MIGRATION_START_PROMPT,初回説明
DIALOGUE_KEY_SIDE_WETLAND_MIGRATION_START_PROMPT,EVENT_KEY_SIDE_WETLAND_MIGRATION_START,ACTOR_KEY_EVENT_KAI,PROMPT,12から15ばんまで\nしるしを みる？,STEP_KEY_SIDE_WETLAND_MIGRATION_START_ACCEPT,YES_NO表示文
DIALOGUE_KEY_SIDE_WETLAND_MIGRATION_START_ACCEPT,EVENT_KEY_SIDE_WETLAND_MIGRATION_START,ACTOR_KEY_EVENT_KAI,ACCEPT,おいかけず\nみちだけ たどって。,STEP_KEY_SIDE_WETLAND_MIGRATION_START_SET_DONE,受諾確認
DIALOGUE_KEY_SIDE_WETLAND_MIGRATION_START_DECLINE,EVENT_KEY_SIDE_WETLAND_MIGRATION_START,ACTOR_KEY_EVENT_KAI,DECLINE,むれを いそがせない。\nまた みよう。,STEP_KEY_SIDE_WETLAND_MIGRATION_START_END,辞退時
DIALOGUE_KEY_SIDE_WETLAND_MIGRATION_START_REVISIT,EVENT_KEY_SIDE_WETLAND_MIGRATION_START,ACTOR_KEY_EVENT_KAI,REVISIT,13 14 15ばんを\nじゅんに みて。,STEP_KEY_SIDE_WETLAND_MIGRATION_START_END,完了後
DIALOGUE_KEY_SIDE_WETLAND_MIGRATION_ROUTE13_INTRO,EVENT_KEY_SIDE_WETLAND_MIGRATION_ROUTE13,ACTOR_KEY_NARRATION,INTRO,かぜの よわい くさに\nはねが ひとつ のこる。,STEP_KEY_SIDE_WETLAND_MIGRATION_ROUTE13_COMPLETE,初回導入。短文のみ
DIALOGUE_KEY_SIDE_WETLAND_MIGRATION_ROUTE13_COMPLETE,EVENT_KEY_SIDE_WETLAND_MIGRATION_ROUTE13,ACTOR_KEY_NARRATION,COMPLETE,むれは ここで\nすこし やすんだ。,STEP_KEY_SIDE_WETLAND_MIGRATION_ROUTE13_SET_DONE,成功確定直前の完了会話
DIALOGUE_KEY_SIDE_WETLAND_MIGRATION_ROUTE13_REVISIT,EVENT_KEY_SIDE_WETLAND_MIGRATION_ROUTE13,ACTOR_KEY_NARRATION,REVISIT,くさは たおれず\nみちを のこしている。,STEP_KEY_SIDE_WETLAND_MIGRATION_ROUTE13_END,完了後再訪会話
DIALOGUE_KEY_SIDE_WETLAND_MIGRATION_ROUTE14_INTRO,EVENT_KEY_SIDE_WETLAND_MIGRATION_ROUTE14,ACTOR_KEY_NARRATION,INTRO,つよい かぜの なかに\nひくい みちが ある。,STEP_KEY_SIDE_WETLAND_MIGRATION_ROUTE14_COMPLETE,初回導入。短文のみ
DIALOGUE_KEY_SIDE_WETLAND_MIGRATION_ROUTE14_COMPLETE,EVENT_KEY_SIDE_WETLAND_MIGRATION_ROUTE14,ACTOR_KEY_NARRATION,COMPLETE,むれは くさの かげを\nつかって すすんだ。,STEP_KEY_SIDE_WETLAND_MIGRATION_ROUTE14_SET_DONE,成功確定直前の完了会話
DIALOGUE_KEY_SIDE_WETLAND_MIGRATION_ROUTE14_REVISIT,EVENT_KEY_SIDE_WETLAND_MIGRATION_ROUTE14,ACTOR_KEY_NARRATION,REVISIT,ひくい みちは\nかぜから かくれる。,STEP_KEY_SIDE_WETLAND_MIGRATION_ROUTE14_END,完了後再訪会話
DIALOGUE_KEY_SIDE_WETLAND_MIGRATION_COMPLETE_INTRO,EVENT_KEY_SIDE_WETLAND_MIGRATION_COMPLETE,ACTOR_KEY_SYSTEM,INTRO,むれが しずかに\nしっちへ はいった。,STEP_KEY_SIDE_WETLAND_MIGRATION_COMPLETE_PROMPT,報告受付
DIALOGUE_KEY_SIDE_WETLAND_MIGRATION_COMPLETE_PROMPT,EVENT_KEY_SIDE_WETLAND_MIGRATION_COMPLETE,ACTOR_KEY_SYSTEM,PROMPT,かんそくの おれいを\nうけとりますか？,STEP_KEY_SIDE_WETLAND_MIGRATION_COMPLETE_GIVE,報酬受取確認
DIALOGUE_KEY_SIDE_WETLAND_MIGRATION_COMPLETE_COMPLETE,EVENT_KEY_SIDE_WETLAND_MIGRATION_COMPLETE,ACTOR_KEY_SYSTEM,COMPLETE,ハイパーボールを\n3こ うけとった。,STEP_KEY_SIDE_WETLAND_MIGRATION_COMPLETE_SET_DONE,報酬transaction成功後
DIALOGUE_KEY_SIDE_WETLAND_MIGRATION_COMPLETE_SYNC,EVENT_KEY_SIDE_WETLAND_MIGRATION_COMPLETE,ACTOR_KEY_SYSTEM,COMPLETE,おれいは うけとりずみ。\nわたりを きろくする。,STEP_KEY_SIDE_WETLAND_MIGRATION_COMPLETE_SET_DONE,claim済みでevent state未同期の場合
DIALOGUE_KEY_SIDE_WETLAND_MIGRATION_COMPLETE_DECLINE,EVENT_KEY_SIDE_WETLAND_MIGRATION_COMPLETE,ACTOR_KEY_SYSTEM,DECLINE,もちものを ととのえて\nまた どうぞ。,STEP_KEY_SIDE_WETLAND_MIGRATION_COMPLETE_END,受取辞退
DIALOGUE_KEY_SIDE_WETLAND_MIGRATION_COMPLETE_REVISIT,EVENT_KEY_SIDE_WETLAND_MIGRATION_COMPLETE,ACTOR_KEY_SYSTEM,REVISIT,しっちの わたりは\nきろくずみ。,STEP_KEY_SIDE_WETLAND_MIGRATION_COMPLETE_END,完了後
DIALOGUE_KEY_SIDE_WIND_RING_START_INTRO,EVENT_KEY_SIDE_WIND_RING_START,ACTOR_KEY_SYSTEM,INTRO,たかい みちに\nまるい かぜが できる。,STEP_KEY_SIDE_WIND_RING_START_PROMPT,初回説明
DIALOGUE_KEY_SIDE_WIND_RING_START_PROMPT,EVENT_KEY_SIDE_WIND_RING_START,ACTOR_KEY_SYSTEM,PROMPT,17と18ばんで\nかぜを たしかめる？,STEP_KEY_SIDE_WIND_RING_START_ACCEPT,YES_NO表示文
DIALOGUE_KEY_SIDE_WIND_RING_START_ACCEPT,EVENT_KEY_SIDE_WIND_RING_START,ACTOR_KEY_SYSTEM,ACCEPT,はやさより\nかぜの むきを みよう。,STEP_KEY_SIDE_WIND_RING_START_SET_DONE,受諾確認
DIALOGUE_KEY_SIDE_WIND_RING_START_DECLINE,EVENT_KEY_SIDE_WIND_RING_START,ACTOR_KEY_SYSTEM,DECLINE,かぜは また まわる。\nいつでも どうぞ。,STEP_KEY_SIDE_WIND_RING_START_END,辞退時
DIALOGUE_KEY_SIDE_WIND_RING_START_REVISIT,EVENT_KEY_SIDE_WIND_RING_START,ACTOR_KEY_SYSTEM,REVISIT,17ばんから\n18ばんへ すすもう。,STEP_KEY_SIDE_WIND_RING_START_END,完了後
DIALOGUE_KEY_SIDE_WIND_RING_ROUTE17_INTRO,EVENT_KEY_SIDE_WIND_RING_ROUTE17,ACTOR_KEY_NARRATION,INTRO,ながい みちを\nよこかぜが ぬける。,STEP_KEY_SIDE_WIND_RING_ROUTE17_COMPLETE,初回導入。短文のみ
DIALOGUE_KEY_SIDE_WIND_RING_ROUTE17_COMPLETE,EVENT_KEY_SIDE_WIND_RING_ROUTE17,ACTOR_KEY_NARRATION,COMPLETE,かぜは みなみで\nゆるく まがった。,STEP_KEY_SIDE_WIND_RING_ROUTE17_SET_DONE,成功確定直前の完了会話
DIALOGUE_KEY_SIDE_WIND_RING_ROUTE17_REVISIT,EVENT_KEY_SIDE_WIND_RING_ROUTE17,ACTOR_KEY_NARRATION,REVISIT,よこかぜは\nおなじ みちを ぬける。,STEP_KEY_SIDE_WIND_RING_ROUTE17_END,完了後再訪会話
DIALOGUE_KEY_SIDE_WIND_RING_COMPLETE_INTRO,EVENT_KEY_SIDE_WIND_RING_COMPLETE,ACTOR_KEY_SYSTEM,INTRO,よこかぜが もどり\nひとつの わになった。,STEP_KEY_SIDE_WIND_RING_COMPLETE_PROMPT,報告受付
DIALOGUE_KEY_SIDE_WIND_RING_COMPLETE_PROMPT,EVENT_KEY_SIDE_WIND_RING_COMPLETE,ACTOR_KEY_SYSTEM,PROMPT,かんそくの おれいを\nうけとりますか？,STEP_KEY_SIDE_WIND_RING_COMPLETE_GIVE,報酬受取確認
DIALOGUE_KEY_SIDE_WIND_RING_COMPLETE_COMPLETE,EVENT_KEY_SIDE_WIND_RING_COMPLETE,ACTOR_KEY_SYSTEM,COMPLETE,モンスターボールを\n5こ うけとった。,STEP_KEY_SIDE_WIND_RING_COMPLETE_SET_DONE,報酬transaction成功後
DIALOGUE_KEY_SIDE_WIND_RING_COMPLETE_SYNC,EVENT_KEY_SIDE_WIND_RING_COMPLETE,ACTOR_KEY_SYSTEM,COMPLETE,おれいは うけとりずみ。\nかぜを きろくする。,STEP_KEY_SIDE_WIND_RING_COMPLETE_SET_DONE,claim済みでevent state未同期の場合
DIALOGUE_KEY_SIDE_WIND_RING_COMPLETE_DECLINE,EVENT_KEY_SIDE_WIND_RING_COMPLETE,ACTOR_KEY_SYSTEM,DECLINE,もちものを ととのえて\nまた どうぞ。,STEP_KEY_SIDE_WIND_RING_COMPLETE_END,受取辞退
DIALOGUE_KEY_SIDE_WIND_RING_COMPLETE_REVISIT,EVENT_KEY_SIDE_WIND_RING_COMPLETE,ACTOR_KEY_SYSTEM,REVISIT,かぜの わは\nきろくずみ。,STEP_KEY_SIDE_WIND_RING_COMPLETE_END,完了後
DIALOGUE_KEY_MAIN_EARLY_FOUR_COMPLETE_INTRO,EVENT_KEY_MAIN_EARLY_FOUR_COMPLETE,ACTOR_KEY_EVENT_MINAMI,INTRO,4つの しょうが\nひとつの ちずに なった。,STEP_KEY_MAIN_EARLY_FOUR_COMPLETE_COMPLETE,初回導入。短文のみ
DIALOGUE_KEY_MAIN_EARLY_FOUR_COMPLETE_COMPLETE,EVENT_KEY_MAIN_EARLY_FOUR_COMPLETE,ACTOR_KEY_EVENT_MINAMI,COMPLETE,ここまでで ひとくぎり。\nつづきは でんどうご。,STEP_KEY_MAIN_EARLY_FOUR_COMPLETE_SET_DONE,成功確定直前の完了会話
DIALOGUE_KEY_MAIN_EARLY_FOUR_COMPLETE_REVISIT,EVENT_KEY_MAIN_EARLY_FOUR_COMPLETE,ACTOR_KEY_EVENT_MINAMI,REVISIT,まえはんの きろくは\nかんせいしている。,STEP_KEY_MAIN_EARLY_FOUR_COMPLETE_END,完了後再訪会話
DIALOGUE_KEY_FACILITY_SAFARI_OFFICE_INTRO,EVENT_KEY_FACILITY_SAFARI_OFFICE,ACTOR_KEY_EVENT_KAI,INTRO,ここでは つかまえるより\nくらしを みてほしい。,STEP_KEY_FACILITY_SAFARI_OFFICE_COMPLETE,初回導入。短文のみ
DIALOGUE_KEY_FACILITY_SAFARI_OFFICE_COMPLETE,EVENT_KEY_FACILITY_SAFARI_OFFICE,ACTOR_KEY_EVENT_KAI,COMPLETE,ちゅうおうから\nひがし きた にしへ。,STEP_KEY_FACILITY_SAFARI_OFFICE_SET_DONE,成功確定直前の完了会話
DIALOGUE_KEY_FACILITY_SAFARI_OFFICE_REVISIT,EVENT_KEY_FACILITY_SAFARI_OFFICE,ACTOR_KEY_EVENT_KAI,REVISIT,おいかけず\nあしあとを みよう。,STEP_KEY_FACILITY_SAFARI_OFFICE_END,完了後再訪会話
DIALOGUE_KEY_FLAVOR_SAFARI_EAST_INTRO,EVENT_KEY_FLAVOR_SAFARI_EAST,ACTOR_KEY_NARRATION,INTRO,みずべに おおきさの\nちがう あしあと。,STEP_KEY_FLAVOR_SAFARI_EAST_COMPLETE,初回導入。短文のみ
DIALOGUE_KEY_FLAVOR_SAFARI_EAST_COMPLETE,EVENT_KEY_FLAVOR_SAFARI_EAST,ACTOR_KEY_NARRATION,COMPLETE,おやと こが\nおなじ みちを とおる。,STEP_KEY_FLAVOR_SAFARI_EAST_SET_DONE,成功確定直前の完了会話
DIALOGUE_KEY_FLAVOR_SAFARI_EAST_REVISIT,EVENT_KEY_FLAVOR_SAFARI_EAST,ACTOR_KEY_NARRATION,REVISIT,あしあとは\nみずべへ つづく。,STEP_KEY_FLAVOR_SAFARI_EAST_END,完了後再訪会話
DIALOGUE_KEY_FLAVOR_SAFARI_NORTH_INTRO,EVENT_KEY_FLAVOR_SAFARI_NORTH,ACTOR_KEY_NARRATION,INTRO,たかい くさの なかで\nゆっくり おとが する。,STEP_KEY_FLAVOR_SAFARI_NORTH_COMPLETE,初回導入。短文のみ
DIALOGUE_KEY_FLAVOR_SAFARI_NORTH_COMPLETE,EVENT_KEY_FLAVOR_SAFARI_NORTH,ACTOR_KEY_NARRATION,COMPLETE,おおきな むれが\nやすんでいる。,STEP_KEY_FLAVOR_SAFARI_NORTH_SET_DONE,成功確定直前の完了会話
DIALOGUE_KEY_FLAVOR_SAFARI_NORTH_REVISIT,EVENT_KEY_FLAVOR_SAFARI_NORTH,ACTOR_KEY_NARRATION,REVISIT,くさの おとは\nおだやかだ。,STEP_KEY_FLAVOR_SAFARI_NORTH_END,完了後再訪会話
DIALOGUE_KEY_FLAVOR_SAFARI_WEST_INTRO,EVENT_KEY_FLAVOR_SAFARI_WEST,ACTOR_KEY_NARRATION,INTRO,いわの すきまから\nつめたい かぜが でる。,STEP_KEY_FLAVOR_SAFARI_WEST_COMPLETE,初回導入。短文のみ
DIALOGUE_KEY_FLAVOR_SAFARI_WEST_COMPLETE,EVENT_KEY_FLAVOR_SAFARI_WEST,ACTOR_KEY_NARRATION,COMPLETE,ちいさな いのちが\nひるを すごす ばしょだ。,STEP_KEY_FLAVOR_SAFARI_WEST_SET_DONE,成功確定直前の完了会話
DIALOGUE_KEY_FLAVOR_SAFARI_WEST_REVISIT,EVENT_KEY_FLAVOR_SAFARI_WEST,ACTOR_KEY_NARRATION,REVISIT,つめたい かぜは\nいまも ぬけている。,STEP_KEY_FLAVOR_SAFARI_WEST_END,完了後再訪会話
DIALOGUE_KEY_MAIN_POSTHOF_RETURN_INTRO,EVENT_KEY_MAIN_POSTHOF_RETURN,ACTOR_KEY_EVENT_MINAMI,INTRO,トウホクの たびを\nさいごまで みたんだね。,STEP_KEY_MAIN_POSTHOF_RETURN_COMPLETE,初回導入。短文のみ
DIALOGUE_KEY_MAIN_POSTHOF_RETURN_COMPLETE,EVENT_KEY_MAIN_POSTHOF_RETURN,ACTOR_KEY_EVENT_MINAMI,COMPLETE,のこり4しょうと\nリーグの きろくを ひらく。,STEP_KEY_MAIN_POSTHOF_RETURN_SET_DONE,成功確定直前の完了会話
DIALOGUE_KEY_MAIN_POSTHOF_RETURN_REVISIT,EVENT_KEY_MAIN_POSTHOF_RETURN,ACTOR_KEY_EVENT_MINAMI,REVISIT,こうはんの きろくは\nセキチクから。,STEP_KEY_MAIN_POSTHOF_RETURN_END,完了後再訪会話
DIALOGUE_KEY_CERT_5_FUCHSIA_INTRO,EVENT_KEY_CERT_5_FUCHSIA,ACTOR_KEY_SYSTEM,INTRO,だい5にんてい。\nむれとの まを よむ。,STEP_KEY_CERT_5_FUCHSIA_PROMPT,認定テーマ提示
DIALOGUE_KEY_CERT_5_FUCHSIA_PROMPT,EVENT_KEY_CERT_5_FUCHSIA,ACTOR_KEY_SYSTEM,PROMPT,きろくせんを\nはじめますか？,STEP_KEY_CERT_5_FUCHSIA_BATTLE,認定戦開始確認
DIALOGUE_KEY_CERT_5_FUCHSIA_WIN,EVENT_KEY_CERT_5_FUCHSIA,ACTOR_KEY_SYSTEM,COMPLETE,しょうりを かくにん。\nだい5しょう とうろく。,STEP_KEY_CERT_5_FUCHSIA_SET_DONE,勝利後登録
DIALOGUE_KEY_CERT_5_FUCHSIA_SYNC,EVENT_KEY_CERT_5_FUCHSIA,ACTOR_KEY_SYSTEM,COMPLETE,しょうりずみを かくにん。\nだい5しょう とうろく。,STEP_KEY_CERT_5_FUCHSIA_SET_DONE,既存defeat済み同期
DIALOGUE_KEY_CERT_5_FUCHSIA_DECLINE,EVENT_KEY_CERT_5_FUCHSIA,ACTOR_KEY_SYSTEM,DECLINE,じゅんびが できたら\nまた どうぞ。,STEP_KEY_CERT_5_FUCHSIA_END,辞退時
DIALOGUE_KEY_CERT_5_FUCHSIA_LOSS,EVENT_KEY_CERT_5_FUCHSIA,ACTOR_KEY_SYSTEM,FAILURE,きろくは のこさない。\nもういちど どうぞ。,STEP_KEY_CERT_5_FUCHSIA_END,敗北後再試行案内
DIALOGUE_KEY_CERT_5_FUCHSIA_REVISIT,EVENT_KEY_CERT_5_FUCHSIA,ACTOR_KEY_SYSTEM,REVISIT,だい5しょうは\nとうろくずみ。,STEP_KEY_CERT_5_FUCHSIA_END,認定済み
DIALOGUE_KEY_CERT_6_SAFFRON_INTRO,EVENT_KEY_CERT_6_SAFFRON,ACTOR_KEY_SYSTEM,INTRO,だい6にんてい。\nじょうほうを さきによむ。,STEP_KEY_CERT_6_SAFFRON_PROMPT,認定テーマ提示
DIALOGUE_KEY_CERT_6_SAFFRON_PROMPT,EVENT_KEY_CERT_6_SAFFRON,ACTOR_KEY_SYSTEM,PROMPT,きろくせんを\nはじめますか？,STEP_KEY_CERT_6_SAFFRON_BATTLE,認定戦開始確認
DIALOGUE_KEY_CERT_6_SAFFRON_WIN,EVENT_KEY_CERT_6_SAFFRON,ACTOR_KEY_SYSTEM,COMPLETE,しょうりを かくにん。\nだい6しょう とうろく。,STEP_KEY_CERT_6_SAFFRON_SET_DONE,勝利後登録
DIALOGUE_KEY_CERT_6_SAFFRON_SYNC,EVENT_KEY_CERT_6_SAFFRON,ACTOR_KEY_SYSTEM,COMPLETE,しょうりずみを かくにん。\nだい6しょう とうろく。,STEP_KEY_CERT_6_SAFFRON_SET_DONE,既存defeat済み同期
DIALOGUE_KEY_CERT_6_SAFFRON_DECLINE,EVENT_KEY_CERT_6_SAFFRON,ACTOR_KEY_SYSTEM,DECLINE,じゅんびが できたら\nまた どうぞ。,STEP_KEY_CERT_6_SAFFRON_END,辞退時
DIALOGUE_KEY_CERT_6_SAFFRON_LOSS,EVENT_KEY_CERT_6_SAFFRON,ACTOR_KEY_SYSTEM,FAILURE,きろくは のこさない。\nもういちど どうぞ。,STEP_KEY_CERT_6_SAFFRON_END,敗北後再試行案内
DIALOGUE_KEY_CERT_6_SAFFRON_REVISIT,EVENT_KEY_CERT_6_SAFFRON,ACTOR_KEY_SYSTEM,REVISIT,だい6しょうは\nとうろくずみ。,STEP_KEY_CERT_6_SAFFRON_END,認定済み
DIALOGUE_KEY_CERT_7_CINNABAR_INTRO,EVENT_KEY_CERT_7_CINNABAR,ACTOR_KEY_SYSTEM,INTRO,だい7にんてい。\nねつの つかいどころ。,STEP_KEY_CERT_7_CINNABAR_PROMPT,認定テーマ提示
DIALOGUE_KEY_CERT_7_CINNABAR_PROMPT,EVENT_KEY_CERT_7_CINNABAR,ACTOR_KEY_SYSTEM,PROMPT,きろくせんを\nはじめますか？,STEP_KEY_CERT_7_CINNABAR_BATTLE,認定戦開始確認
DIALOGUE_KEY_CERT_7_CINNABAR_WIN,EVENT_KEY_CERT_7_CINNABAR,ACTOR_KEY_SYSTEM,COMPLETE,しょうりを かくにん。\nだい7しょう とうろく。,STEP_KEY_CERT_7_CINNABAR_SET_DONE,勝利後登録
DIALOGUE_KEY_CERT_7_CINNABAR_SYNC,EVENT_KEY_CERT_7_CINNABAR,ACTOR_KEY_SYSTEM,COMPLETE,しょうりずみを かくにん。\nだい7しょう とうろく。,STEP_KEY_CERT_7_CINNABAR_SET_DONE,既存defeat済み同期
DIALOGUE_KEY_CERT_7_CINNABAR_DECLINE,EVENT_KEY_CERT_7_CINNABAR,ACTOR_KEY_SYSTEM,DECLINE,じゅんびが できたら\nまた どうぞ。,STEP_KEY_CERT_7_CINNABAR_END,辞退時
DIALOGUE_KEY_CERT_7_CINNABAR_LOSS,EVENT_KEY_CERT_7_CINNABAR,ACTOR_KEY_SYSTEM,FAILURE,きろくは のこさない。\nもういちど どうぞ。,STEP_KEY_CERT_7_CINNABAR_END,敗北後再試行案内
DIALOGUE_KEY_CERT_7_CINNABAR_REVISIT,EVENT_KEY_CERT_7_CINNABAR,ACTOR_KEY_SYSTEM,REVISIT,だい7しょうは\nとうろくずみ。,STEP_KEY_CERT_7_CINNABAR_END,認定済み
DIALOGUE_KEY_SIDE_COLD_CURRENT_START_INTRO,EVENT_KEY_SIDE_COLD_CURRENT_START,ACTOR_KEY_EVENT_AO,INTRO,あたたかい うみが\nしまの まえで かわる。,STEP_KEY_SIDE_COLD_CURRENT_START_PROMPT,初回説明
DIALOGUE_KEY_SIDE_COLD_CURRENT_START_PROMPT,EVENT_KEY_SIDE_COLD_CURRENT_START,ACTOR_KEY_EVENT_AO,PROMPT,20ばんどうろから\nふたごじまへ いく？,STEP_KEY_SIDE_COLD_CURRENT_START_ACCEPT,YES_NO表示文
DIALOGUE_KEY_SIDE_COLD_CURRENT_START_ACCEPT,EVENT_KEY_SIDE_COLD_CURRENT_START,ACTOR_KEY_EVENT_AO,ACCEPT,みずの いろと\nかぜの つめたさを みて。,STEP_KEY_SIDE_COLD_CURRENT_START_SET_DONE,受諾確認
DIALOGUE_KEY_SIDE_COLD_CURRENT_START_DECLINE,EVENT_KEY_SIDE_COLD_CURRENT_START,ACTOR_KEY_EVENT_AO,DECLINE,うみが あれたら\nやすもう。,STEP_KEY_SIDE_COLD_CURRENT_START_END,辞退時
DIALOGUE_KEY_SIDE_COLD_CURRENT_START_REVISIT,EVENT_KEY_SIDE_COLD_CURRENT_START,ACTOR_KEY_EVENT_AO,REVISIT,20ばんどうろの\nつめたい かぜを みて。,STEP_KEY_SIDE_COLD_CURRENT_START_END,完了後
DIALOGUE_KEY_SIDE_COLD_CURRENT_ROUTE20_INTRO,EVENT_KEY_SIDE_COLD_CURRENT_ROUTE20,ACTOR_KEY_NARRATION,INTRO,うみの いろが\nここで すこし こくなる。,STEP_KEY_SIDE_COLD_CURRENT_ROUTE20_COMPLETE,初回導入。短文のみ
DIALOGUE_KEY_SIDE_COLD_CURRENT_ROUTE20_COMPLETE,EVENT_KEY_SIDE_COLD_CURRENT_ROUTE20,ACTOR_KEY_NARRATION,COMPLETE,つめたい ながれが\nしまへ まわりこむ。,STEP_KEY_SIDE_COLD_CURRENT_ROUTE20_SET_DONE,成功確定直前の完了会話
DIALOGUE_KEY_SIDE_COLD_CURRENT_ROUTE20_REVISIT,EVENT_KEY_SIDE_COLD_CURRENT_ROUTE20,ACTOR_KEY_NARRATION,REVISIT,こい みずの せんは\nしまへ つづく。,STEP_KEY_SIDE_COLD_CURRENT_ROUTE20_END,完了後再訪会話
DIALOGUE_KEY_SIDE_COLD_CURRENT_COMPLETE_INTRO,EVENT_KEY_SIDE_COLD_CURRENT_COMPLETE,ACTOR_KEY_SYSTEM,INTRO,こおりの おくに\nあたたかい ひかりが ある。,STEP_KEY_SIDE_COLD_CURRENT_COMPLETE_PROMPT,既存取得host前の導入
DIALOGUE_KEY_SIDE_COLD_CURRENT_COMPLETE_PROMPT,EVENT_KEY_SIDE_COLD_CURRENT_COMPLETE,ACTOR_KEY_SYSTEM,PROMPT,ひかりへ\nこえを かけますか？,STEP_KEY_SIDE_COLD_CURRENT_COMPLETE_CALL,取得実行確認
DIALOGUE_KEY_SIDE_COLD_CURRENT_COMPLETE_COMPLETE,EVENT_KEY_SIDE_COLD_CURRENT_COMPLETE,ACTOR_KEY_SYSTEM,COMPLETE,とおい ひかりの けはいが\nなかまに くわわった。,STEP_KEY_SIDE_COLD_CURRENT_COMPLETE_SET_DONE,既存transaction成功後
DIALOGUE_KEY_SIDE_COLD_CURRENT_COMPLETE_SYNC,EVENT_KEY_SIDE_COLD_CURRENT_COMPLETE,ACTOR_KEY_SYSTEM,COMPLETE,その ひかりは\nすでに こたえている。,STEP_KEY_SIDE_COLD_CURRENT_COMPLETE_SET_DONE,既存claim済み同期
DIALOGUE_KEY_SIDE_COLD_CURRENT_COMPLETE_DECLINE,EVENT_KEY_SIDE_COLD_CURRENT_COMPLETE,ACTOR_KEY_SYSTEM,DECLINE,ひかりは きえない。\nまた こえを かけよう。,STEP_KEY_SIDE_COLD_CURRENT_COMPLETE_END,辞退時
DIALOGUE_KEY_SIDE_COLD_CURRENT_COMPLETE_FAILURE,EVENT_KEY_SIDE_COLD_CURRENT_COMPLETE,ACTOR_KEY_SYSTEM,FAILURE,うけいれる ばしょを\nあけて もどろう。,STEP_KEY_SIDE_COLD_CURRENT_COMPLETE_END,party/PC容量不足等
DIALOGUE_KEY_SIDE_COLD_CURRENT_COMPLETE_REVISIT,EVENT_KEY_SIDE_COLD_CURRENT_COMPLETE,ACTOR_KEY_SYSTEM,REVISIT,あたたかい ひかりは\nきろくずみ。,STEP_KEY_SIDE_COLD_CURRENT_COMPLETE_END,取得済み再訪
DIALOGUE_KEY_SIDE_VOLCANO_ARCHIVE_START_INTRO,EVENT_KEY_SIDE_VOLCANO_ARCHIVE_START,ACTOR_KEY_EVENT_EN,INTRO,しまの ねつは\nうみの したまで つづく。,STEP_KEY_SIDE_VOLCANO_ARCHIVE_START_PROMPT,初回説明
DIALOGUE_KEY_SIDE_VOLCANO_ARCHIVE_START_PROMPT,EVENT_KEY_SIDE_VOLCANO_ARCHIVE_START,ACTOR_KEY_EVENT_EN,PROMPT,やしきと けんきゅうしつを\nじゅんに みる？,STEP_KEY_SIDE_VOLCANO_ARCHIVE_START_ACCEPT,YES_NO表示文
DIALOGUE_KEY_SIDE_VOLCANO_ARCHIVE_START_ACCEPT,EVENT_KEY_SIDE_VOLCANO_ARCHIVE_START,ACTOR_KEY_EVENT_EN,ACCEPT,ふるい きろくを\nいまの あんぜんへ。,STEP_KEY_SIDE_VOLCANO_ARCHIVE_START_SET_DONE,受諾確認
DIALOGUE_KEY_SIDE_VOLCANO_ARCHIVE_START_DECLINE,EVENT_KEY_SIDE_VOLCANO_ARCHIVE_START,ACTOR_KEY_EVENT_EN,DECLINE,ねつが ひいた ときに\nまた たのむ。,STEP_KEY_SIDE_VOLCANO_ARCHIVE_START_END,辞退時
DIALOGUE_KEY_SIDE_VOLCANO_ARCHIVE_START_REVISIT,EVENT_KEY_SIDE_VOLCANO_ARCHIVE_START,ACTOR_KEY_EVENT_EN,REVISIT,やしきから\nけんきゅうしつへ。,STEP_KEY_SIDE_VOLCANO_ARCHIVE_START_END,完了後
DIALOGUE_KEY_SIDE_VOLCANO_ARCHIVE_MANSION_INTRO,EVENT_KEY_SIDE_VOLCANO_ARCHIVE_MANSION,ACTOR_KEY_NARRATION,INTRO,ふるい きろくに\nひやす じゅんじょが ある。,STEP_KEY_SIDE_VOLCANO_ARCHIVE_MANSION_COMPLETE,初回導入。短文のみ
DIALOGUE_KEY_SIDE_VOLCANO_ARCHIVE_MANSION_COMPLETE,EVENT_KEY_SIDE_VOLCANO_ARCHIVE_MANSION,ACTOR_KEY_NARRATION,COMPLETE,ねつを にがす みちを\nきろくした。,STEP_KEY_SIDE_VOLCANO_ARCHIVE_MANSION_SET_DONE,成功確定直前の完了会話
DIALOGUE_KEY_SIDE_VOLCANO_ARCHIVE_MANSION_REVISIT,EVENT_KEY_SIDE_VOLCANO_ARCHIVE_MANSION,ACTOR_KEY_NARRATION,REVISIT,ひやす じゅんじょは\nほぞんずみ。,STEP_KEY_SIDE_VOLCANO_ARCHIVE_MANSION_END,完了後再訪会話
DIALOGUE_KEY_SIDE_VOLCANO_ARCHIVE_COMPLETE_INTRO,EVENT_KEY_SIDE_VOLCANO_ARCHIVE_COMPLETE,ACTOR_KEY_SYSTEM,INTRO,ひやす じゅんじょで\nふるい けはいが うごく。,STEP_KEY_SIDE_VOLCANO_ARCHIVE_COMPLETE_PROMPT,既存取得host前の導入
DIALOGUE_KEY_SIDE_VOLCANO_ARCHIVE_COMPLETE_PROMPT,EVENT_KEY_SIDE_VOLCANO_ARCHIVE_COMPLETE,ACTOR_KEY_SYSTEM,PROMPT,けはいへ\nこえを かけますか？,STEP_KEY_SIDE_VOLCANO_ARCHIVE_COMPLETE_CALL,取得実行確認
DIALOGUE_KEY_SIDE_VOLCANO_ARCHIVE_COMPLETE_COMPLETE,EVENT_KEY_SIDE_VOLCANO_ARCHIVE_COMPLETE,ACTOR_KEY_SYSTEM,COMPLETE,ふるい いのちの けはいが\nなかまに くわわった。,STEP_KEY_SIDE_VOLCANO_ARCHIVE_COMPLETE_SET_DONE,既存transaction成功後
DIALOGUE_KEY_SIDE_VOLCANO_ARCHIVE_COMPLETE_SYNC,EVENT_KEY_SIDE_VOLCANO_ARCHIVE_COMPLETE,ACTOR_KEY_SYSTEM,COMPLETE,その けはいは\nすでに こたえている。,STEP_KEY_SIDE_VOLCANO_ARCHIVE_COMPLETE_SET_DONE,既存claim済み同期
DIALOGUE_KEY_SIDE_VOLCANO_ARCHIVE_COMPLETE_DECLINE,EVENT_KEY_SIDE_VOLCANO_ARCHIVE_COMPLETE,ACTOR_KEY_SYSTEM,DECLINE,じゅんじょを まもって\nまた こえを かけよう。,STEP_KEY_SIDE_VOLCANO_ARCHIVE_COMPLETE_END,辞退時
DIALOGUE_KEY_SIDE_VOLCANO_ARCHIVE_COMPLETE_FAILURE,EVENT_KEY_SIDE_VOLCANO_ARCHIVE_COMPLETE,ACTOR_KEY_SYSTEM,FAILURE,うけいれる ばしょを\nあけて もどろう。,STEP_KEY_SIDE_VOLCANO_ARCHIVE_COMPLETE_END,party/PC容量不足等
DIALOGUE_KEY_SIDE_VOLCANO_ARCHIVE_COMPLETE_REVISIT,EVENT_KEY_SIDE_VOLCANO_ARCHIVE_COMPLETE,ACTOR_KEY_SYSTEM,REVISIT,さいせいの きろくは\nかんりずみ。,STEP_KEY_SIDE_VOLCANO_ARCHIVE_COMPLETE_END,取得済み再訪
DIALOGUE_KEY_QOL_LICENSE_SYNC_INTRO,EVENT_KEY_QOL_LICENSE_SYNC,ACTOR_KEY_SYSTEM,INTRO,わざの きろくと\nとくべつな けはいを つなぐ。,STEP_KEY_QOL_LICENSE_SYNC_COMPLETE,初回導入。短文のみ
DIALOGUE_KEY_QOL_LICENSE_SYNC_COMPLETE,EVENT_KEY_QOL_LICENSE_SYNC,ACTOR_KEY_SYSTEM,COMPLETE,TMと レーダーを\nくりかえし つかえる。,STEP_KEY_QOL_LICENSE_SYNC_SET_DONE,成功確定直前の完了会話
DIALOGUE_KEY_QOL_LICENSE_SYNC_REVISIT,EVENT_KEY_QOL_LICENSE_SYNC,ACTOR_KEY_SYSTEM,REVISIT,ライセンスは\nどうぐから かくにん。,STEP_KEY_QOL_LICENSE_SYNC_END,完了後再訪会話
DIALOGUE_KEY_QOL_COMPETITIVE_SUPPLY_INTRO,EVENT_KEY_QOL_COMPETITIVE_SUPPLY,ACTOR_KEY_SYSTEM,INTRO,たいせんむけの\nどうぐが そろった。,STEP_KEY_QOL_COMPETITIVE_SUPPLY_COMPLETE,初回導入。短文のみ
DIALOGUE_KEY_QOL_COMPETITIVE_SUPPLY_COMPLETE,EVENT_KEY_QOL_COMPETITIVE_SUPPLY,ACTOR_KEY_SYSTEM,COMPLETE,こうかんさきは\nきぞんの みせで かくにん。,STEP_KEY_QOL_COMPETITIVE_SUPPLY_SET_DONE,成功確定直前の完了会話
DIALOGUE_KEY_QOL_COMPETITIVE_SUPPLY_REVISIT,EVENT_KEY_QOL_COMPETITIVE_SUPPLY,ACTOR_KEY_SYSTEM,REVISIT,たいせんどうぐは\nみせで えらべる。,STEP_KEY_QOL_COMPETITIVE_SUPPLY_END,完了後再訪会話
DIALOGUE_KEY_QOL_HIGH_RAID_INTRO,EVENT_KEY_QOL_HIGH_RAID,ACTOR_KEY_SYSTEM,INTRO,つよい けはいの\nはんのうが ふえた。,STEP_KEY_QOL_HIGH_RAID_COMPLETE,初回導入。短文のみ
DIALOGUE_KEY_QOL_HIGH_RAID_COMPLETE,EVENT_KEY_QOL_HIGH_RAID,ACTOR_KEY_SYSTEM,COMPLETE,こうなんどの ばしょは\nレーダーで かくにん。,STEP_KEY_QOL_HIGH_RAID_SET_DONE,成功確定直前の完了会話
DIALOGUE_KEY_QOL_HIGH_RAID_REVISIT,EVENT_KEY_QOL_HIGH_RAID,ACTOR_KEY_SYSTEM,REVISIT,つよい けはいは\nレーダーに でている。,STEP_KEY_QOL_HIGH_RAID_END,完了後再訪会話
DIALOGUE_KEY_MAIN_ROUTE22_BRIEF_INTRO,EVENT_KEY_MAIN_ROUTE22_BRIEF,ACTOR_KEY_SYSTEM,INTRO,のこる しょうは\nトキワの ひとつ。,STEP_KEY_MAIN_ROUTE22_BRIEF_COMPLETE,初回導入。短文のみ
DIALOGUE_KEY_MAIN_ROUTE22_BRIEF_COMPLETE,EVENT_KEY_MAIN_ROUTE22_BRIEF,ACTOR_KEY_SYSTEM,COMPLETE,さいごの きろくを\nととのえて こよう。,STEP_KEY_MAIN_ROUTE22_BRIEF_SET_DONE,成功確定直前の完了会話
DIALOGUE_KEY_MAIN_ROUTE22_BRIEF_REVISIT,EVENT_KEY_MAIN_ROUTE22_BRIEF,ACTOR_KEY_SYSTEM,REVISIT,トキワで だい8しょうを\nかくにんしよう。,STEP_KEY_MAIN_ROUTE22_BRIEF_END,完了後再訪会話
DIALOGUE_KEY_CERT_8_VIRIDIAN_INTRO,EVENT_KEY_CERT_8_VIRIDIAN,ACTOR_KEY_SYSTEM,INTRO,だい8にんてい。\nすべての ちしきを つなぐ。,STEP_KEY_CERT_8_VIRIDIAN_PROMPT,認定テーマ提示
DIALOGUE_KEY_CERT_8_VIRIDIAN_PROMPT,EVENT_KEY_CERT_8_VIRIDIAN,ACTOR_KEY_SYSTEM,PROMPT,きろくせんを\nはじめますか？,STEP_KEY_CERT_8_VIRIDIAN_BATTLE,認定戦開始確認
DIALOGUE_KEY_CERT_8_VIRIDIAN_WIN,EVENT_KEY_CERT_8_VIRIDIAN,ACTOR_KEY_SYSTEM,COMPLETE,しょうりを かくにん。\nだい8しょう とうろく。,STEP_KEY_CERT_8_VIRIDIAN_SET_DONE,勝利後登録
DIALOGUE_KEY_CERT_8_VIRIDIAN_SYNC,EVENT_KEY_CERT_8_VIRIDIAN,ACTOR_KEY_SYSTEM,COMPLETE,しょうりずみを かくにん。\nだい8しょう とうろく。,STEP_KEY_CERT_8_VIRIDIAN_SET_DONE,既存defeat済み同期
DIALOGUE_KEY_CERT_8_VIRIDIAN_DECLINE,EVENT_KEY_CERT_8_VIRIDIAN,ACTOR_KEY_SYSTEM,DECLINE,じゅんびが できたら\nまた どうぞ。,STEP_KEY_CERT_8_VIRIDIAN_END,辞退時
DIALOGUE_KEY_CERT_8_VIRIDIAN_LOSS,EVENT_KEY_CERT_8_VIRIDIAN,ACTOR_KEY_SYSTEM,FAILURE,きろくは のこさない。\nもういちど どうぞ。,STEP_KEY_CERT_8_VIRIDIAN_END,敗北後再試行案内
DIALOGUE_KEY_CERT_8_VIRIDIAN_REVISIT,EVENT_KEY_CERT_8_VIRIDIAN,ACTOR_KEY_SYSTEM,REVISIT,だい8しょうは\nとうろくずみ。,STEP_KEY_CERT_8_VIRIDIAN_END,認定済み
DIALOGUE_KEY_MAIN_ROUTE23_GATE_INTRO,EVENT_KEY_MAIN_ROUTE23_GATE,ACTOR_KEY_SYSTEM,INTRO,8つの しょうを\nかくにんした。,STEP_KEY_MAIN_ROUTE23_GATE_COMPLETE,初回導入。短文のみ
DIALOGUE_KEY_MAIN_ROUTE23_GATE_COMPLETE,EVENT_KEY_MAIN_ROUTE23_GATE,ACTOR_KEY_SYSTEM,COMPLETE,チャンピオンロードへ\nすすむ しかくが ある。,STEP_KEY_MAIN_ROUTE23_GATE_SET_DONE,成功確定直前の完了会話
DIALOGUE_KEY_MAIN_ROUTE23_GATE_REVISIT,EVENT_KEY_MAIN_ROUTE23_GATE,ACTOR_KEY_SYSTEM,REVISIT,8つの しょうは\nかくにんずみ。,STEP_KEY_MAIN_ROUTE23_GATE_END,完了後再訪会話
DIALOGUE_KEY_MAIN_VICTORY_ROAD_SIGNAL_INTRO,EVENT_KEY_MAIN_VICTORY_ROAD_SIGNAL,ACTOR_KEY_SYSTEM,INTRO,8つの しょうが\nひとつの ひかりになる。,STEP_KEY_MAIN_VICTORY_ROAD_SIGNAL_COMPLETE,初回導入。短文のみ
DIALOGUE_KEY_MAIN_VICTORY_ROAD_SIGNAL_COMPLETE,EVENT_KEY_MAIN_VICTORY_ROAD_SIGNAL,ACTOR_KEY_SYSTEM,COMPLETE,セキエイの うけつけへ\nしんごうを おくった。,STEP_KEY_MAIN_VICTORY_ROAD_SIGNAL_SET_DONE,成功確定直前の完了会話
DIALOGUE_KEY_MAIN_VICTORY_ROAD_SIGNAL_REVISIT,EVENT_KEY_MAIN_VICTORY_ROAD_SIGNAL,ACTOR_KEY_SYSTEM,REVISIT,しんごうは\nセキエイへ とどいている。,STEP_KEY_MAIN_VICTORY_ROAD_SIGNAL_END,完了後再訪会話
DIALOGUE_KEY_MAIN_KANTO_LEAGUE_ENTRY_INTRO,EVENT_KEY_MAIN_KANTO_LEAGUE_ENTRY,ACTOR_KEY_EVENT_REN,INTRO,5つの きろくせんは\nきぞんの じゅんで すすむ。,STEP_KEY_MAIN_KANTO_LEAGUE_ENTRY_COMPLETE,初回導入。短文のみ
DIALOGUE_KEY_MAIN_KANTO_LEAGUE_ENTRY_COMPLETE,EVENT_KEY_MAIN_KANTO_LEAGUE_ENTRY,ACTOR_KEY_EVENT_REN,COMPLETE,まけても きろくは\nうばわれない。,STEP_KEY_MAIN_KANTO_LEAGUE_ENTRY_SET_DONE,成功確定直前の完了会話
DIALOGUE_KEY_MAIN_KANTO_LEAGUE_ENTRY_REVISIT,EVENT_KEY_MAIN_KANTO_LEAGUE_ENTRY,ACTOR_KEY_EVENT_REN,REVISIT,リーグの いりぐちは\nなかの うけつけだ。,STEP_KEY_MAIN_KANTO_LEAGUE_ENTRY_END,完了後再訪会話
DIALOGUE_KEY_QOL_LEAGUE_TECH_INTRO,EVENT_KEY_QOL_LEAGUE_TECH,ACTOR_KEY_SYSTEM,INTRO,リーグの たたかいで\nおおきな ちからを みた。,STEP_KEY_QOL_LEAGUE_TECH_COMPLETE,初回導入。短文のみ
DIALOGUE_KEY_QOL_LEAGUE_TECH_COMPLETE,EVENT_KEY_QOL_LEAGUE_TECH,ACTOR_KEY_SYSTEM,COMPLETE,ものがたりの きろくに\nわざの かたちを のこす。,STEP_KEY_QOL_LEAGUE_TECH_SET_DONE,成功確定直前の完了会話
DIALOGUE_KEY_QOL_LEAGUE_TECH_REVISIT,EVENT_KEY_QOL_LEAGUE_TECH,ACTOR_KEY_SYSTEM,REVISIT,リーグの ぎじゅつは\nきろくずみ。,STEP_KEY_QOL_LEAGUE_TECH_END,完了後再訪会話
DIALOGUE_KEY_MAIN_KANTO_LEAGUE_CLEAR_INTRO,EVENT_KEY_MAIN_KANTO_LEAGUE_CLEAR,ACTOR_KEY_NARRATION,INTRO,8つの しょうと\n5つの しょうりが そろう。,STEP_KEY_MAIN_KANTO_LEAGUE_CLEAR_COMPLETE,初回導入。短文のみ
DIALOGUE_KEY_MAIN_KANTO_LEAGUE_CLEAR_COMPLETE,EVENT_KEY_MAIN_KANTO_LEAGUE_CLEAR,ACTOR_KEY_NARRATION,COMPLETE,ふたつの ちほうの\nきろくが ひびきあう。,STEP_KEY_MAIN_KANTO_LEAGUE_CLEAR_SET_DONE,成功確定直前の完了会話
DIALOGUE_KEY_MAIN_KANTO_LEAGUE_CLEAR_REVISIT,EVENT_KEY_MAIN_KANTO_LEAGUE_CLEAR,ACTOR_KEY_NARRATION,REVISIT,カントーリーグの\nきろくは かんせい。,STEP_KEY_MAIN_KANTO_LEAGUE_CLEAR_END,完了後再訪会話
DIALOGUE_KEY_MAIN_CAVE_RESONANCE_INTRO,EVENT_KEY_MAIN_CAVE_RESONANCE,ACTOR_KEY_SYSTEM,INTRO,どうくつの おくで\nふたつの きろくが ひびく。,STEP_KEY_MAIN_CAVE_RESONANCE_PROMPT,既存取得host前の導入
DIALOGUE_KEY_MAIN_CAVE_RESONANCE_PROMPT,EVENT_KEY_MAIN_CAVE_RESONANCE,ACTOR_KEY_SYSTEM,PROMPT,つよい けはいへ\nこえを かけますか？,STEP_KEY_MAIN_CAVE_RESONANCE_CALL,取得実行確認
DIALOGUE_KEY_MAIN_CAVE_RESONANCE_COMPLETE,EVENT_KEY_MAIN_CAVE_RESONANCE,ACTOR_KEY_SYSTEM,COMPLETE,さいごの けはいが\nなかまに くわわった。,STEP_KEY_MAIN_CAVE_RESONANCE_SET_DONE,既存transaction成功後
DIALOGUE_KEY_MAIN_CAVE_RESONANCE_SYNC,EVENT_KEY_MAIN_CAVE_RESONANCE,ACTOR_KEY_SYSTEM,COMPLETE,その けはいは\nすでに こたえている。,STEP_KEY_MAIN_CAVE_RESONANCE_SET_DONE,既存claim済み同期
DIALOGUE_KEY_MAIN_CAVE_RESONANCE_DECLINE,EVENT_KEY_MAIN_CAVE_RESONANCE,ACTOR_KEY_SYSTEM,DECLINE,じゅんびを ととのえて\nまた こえを かけよう。,STEP_KEY_MAIN_CAVE_RESONANCE_END,辞退時
DIALOGUE_KEY_MAIN_CAVE_RESONANCE_FAILURE,EVENT_KEY_MAIN_CAVE_RESONANCE,ACTOR_KEY_SYSTEM,FAILURE,うけいれる ばしょを\nあけて もどろう。,STEP_KEY_MAIN_CAVE_RESONANCE_END,party/PC容量不足等
DIALOGUE_KEY_MAIN_CAVE_RESONANCE_REVISIT,EVENT_KEY_MAIN_CAVE_RESONANCE,ACTOR_KEY_SYSTEM,REVISIT,さいごの きょうめいは\nきろくずみ。,STEP_KEY_MAIN_CAVE_RESONANCE_END,取得済み再訪
DIALOGUE_KEY_MAIN_FINAL_LEAGUE_AVAILABLE_INTRO,EVENT_KEY_MAIN_FINAL_LEAGUE_AVAILABLE,ACTOR_KEY_EVENT_REN,INTRO,スフィアの ひびきが\nふたつの ちほうを つなぐ。,STEP_KEY_MAIN_FINAL_LEAGUE_AVAILABLE_COMPLETE,初回導入。短文のみ
DIALOGUE_KEY_MAIN_FINAL_LEAGUE_AVAILABLE_COMPLETE,EVENT_KEY_MAIN_FINAL_LEAGUE_AVAILABLE,ACTOR_KEY_EVENT_REN,COMPLETE,さいしゅうリーグの\nいりぐちが ひらいた。,STEP_KEY_MAIN_FINAL_LEAGUE_AVAILABLE_SET_DONE,成功確定直前の完了会話
DIALOGUE_KEY_MAIN_FINAL_LEAGUE_AVAILABLE_REVISIT,EVENT_KEY_MAIN_FINAL_LEAGUE_AVAILABLE,ACTOR_KEY_EVENT_REN,REVISIT,さいしゅうリーグは\nいつでも ちょうせんできる。,STEP_KEY_MAIN_FINAL_LEAGUE_AVAILABLE_END,完了後再訪会話
DIALOGUE_KEY_QOL_UB_SUPPLY_INTRO,EVENT_KEY_QOL_UB_SUPPLY,ACTOR_KEY_EVENT_REN,INTRO,とおい せかいの\nエネルギーが とどいた。,STEP_KEY_QOL_UB_SUPPLY_COMPLETE,初回導入。短文のみ
DIALOGUE_KEY_QOL_UB_SUPPLY_COMPLETE,EVENT_KEY_QOL_UB_SUPPLY,ACTOR_KEY_EVENT_REN,COMPLETE,きぞんの こうかんさきで\nうけとれる。,STEP_KEY_QOL_UB_SUPPLY_SET_DONE,成功確定直前の完了会話
DIALOGUE_KEY_QOL_UB_SUPPLY_REVISIT,EVENT_KEY_QOL_UB_SUPPLY,ACTOR_KEY_EVENT_REN,REVISIT,エネルギーは\nこうかんさきで かくにん。,STEP_KEY_QOL_UB_SUPPLY_END,完了後再訪会話
DIALOGUE_KEY_QOL_GOLD_CAP_SUPPLY_INTRO,EVENT_KEY_QOL_GOLD_CAP_SUPPLY,ACTOR_KEY_EVENT_REN,INTRO,さいしゅういくせいの\nどうぐが そろった。,STEP_KEY_QOL_GOLD_CAP_SUPPLY_COMPLETE,初回導入。短文のみ
DIALOGUE_KEY_QOL_GOLD_CAP_SUPPLY_COMPLETE,EVENT_KEY_QOL_GOLD_CAP_SUPPLY,ACTOR_KEY_EVENT_REN,COMPLETE,XLアメと おうかんは\nきぞんの みせへ。,STEP_KEY_QOL_GOLD_CAP_SUPPLY_SET_DONE,成功確定直前の完了会話
DIALOGUE_KEY_QOL_GOLD_CAP_SUPPLY_REVISIT,EVENT_KEY_QOL_GOLD_CAP_SUPPLY,ACTOR_KEY_EVENT_REN,REVISIT,さいしゅういくせいは\nみせで かくにん。,STEP_KEY_QOL_GOLD_CAP_SUPPLY_END,完了後再訪会話
DIALOGUE_KEY_MAIN_FINAL_LEAGUE_CLEARED_INTRO,EVENT_KEY_MAIN_FINAL_LEAGUE_CLEARED,ACTOR_KEY_NARRATION,INTRO,ふたつの ちほうで\nまなんだ ことが かさなる。,STEP_KEY_MAIN_FINAL_LEAGUE_CLEARED_COMPLETE,初回導入。短文のみ
DIALOGUE_KEY_MAIN_FINAL_LEAGUE_CLEARED_COMPLETE,EVENT_KEY_MAIN_FINAL_LEAGUE_CLEARED,ACTOR_KEY_NARRATION,COMPLETE,たびは おわらない。\nきろくは みちを てらす。,STEP_KEY_MAIN_FINAL_LEAGUE_CLEARED_SET_DONE,成功確定直前の完了会話
DIALOGUE_KEY_MAIN_FINAL_LEAGUE_CLEARED_REVISIT,EVENT_KEY_MAIN_FINAL_LEAGUE_CLEARED,ACTOR_KEY_NARRATION,REVISIT,ふたつの ちほうの\nきろくは かんせい。,STEP_KEY_MAIN_FINAL_LEAGUE_CLEARED_END,完了後再訪会話
